[21:00:31] [main/INFO] (FabricLoader/GameProvider) Loading Minecraft 1.21.11 with Fabric Loader 0.18.2
[21:00:31] [main/INFO] (FabricLoader) Loading 49 mods:
	- fabric-api 0.139.5+1.21.11
	- fabric-api-base 1.0.5+4ebb5c083e
	- fabric-api-lookup-api-v1 1.6.113+1fb1cde93e
	- fabric-biome-api-v1 17.1.1+4fc5413f3e
	- fabric-block-api-v1 1.1.10+4ebb5c083e
	- fabric-block-view-api-v2 1.0.39+4ebb5c083e
	- fabric-client-gametest-api-v1 4.3.5+bfe9fcf43e
	- fabric-command-api-v2 2.4.7+6b42a6003e
	- fabric-content-registries-v0 10.2.14+4fc5413f3e
	- fabric-convention-tags-v1 2.1.55+7f945d5b3e
	- fabric-convention-tags-v2 2.17.3+8ef948ba3e
	- fabric-crash-report-info-v1 0.3.23+4ebb5c083e
	- fabric-data-attachment-api-v1 1.8.43+1fb1cde93e
	- fabric-data-generation-api-v1 23.3.0+ae1056283e
	- fabric-dimensions-v1 4.0.28+4fc5413f3e
	- fabric-entity-events-v1 3.0.5+4ebb5c083e
	- fabric-events-interaction-v0 4.0.44+1fb1cde93e
	- fabric-game-rule-api-v1 2.0.3+4fc5413f3e
	- fabric-gametest-api-v1 3.1.27+4fc5413f3e
	- fabric-item-api-v1 11.5.20+d0c46b9e3e
	- fabric-item-group-api-v1 4.2.36+4fc5413f3e
	- fabric-key-binding-api-v1 1.1.7+4fc5413f3e
	- fabric-lifecycle-events-v1 2.6.15+4ebb5c083e
	- fabric-loot-api-v2 3.0.73+3f89f5a53e
	- fabric-loot-api-v3 2.0.20+78c8b4663e
	- fabric-message-api-v1 6.1.12+4ebb5c083e
	- fabric-networking-api-v1 5.1.5+ae1e07683e
	- fabric-object-builder-api-v1 21.1.38+4fc5413f3e
	- fabric-particles-v1 4.2.11+4fc5413f3e
	- fabric-recipe-api-v1 8.2.3+4ebb5c083e
	- fabric-registry-sync-v0 6.2.4+4ebb5c083e
	- fabric-rendering-fluids-v1 3.1.43+4ebb5c083e
	- fabric-rendering-v1 16.2.6+1fb1cde93e
	- fabric-resource-conditions-api-v1 5.0.35+4fc5413f3e
	- fabric-resource-loader-v0 3.3.4+4fc5413f3e
	- fabric-resource-loader-v1 1.0.10+78c8b4663e
	- fabric-screen-api-v1 3.1.7+4ebb5c083e
	- fabric-screen-handler-api-v1 1.3.160+4fc5413f3e
	- fabric-serialization-api-v1 1.0.5+4ebb5c083e
	- fabric-sound-api-v1 1.0.51+4fc5413f3e
	- fabric-tag-api-v1 1.2.20+4fc5413f3e
	- fabric-transfer-api-v1 6.0.24+4fc5413f3e
	- fabric-transitive-access-wideners-v1 7.0.8+0107c3da3e
	- fabricloader 0.18.2
	- jade 21.0.1+fabric
	- jademoddedentities 1.2.0
	- java 21
	- minecraft 1.21.11
	- mixinextras 0.5.0
[21:00:31] [main/INFO] (FabricLoader/Mixin) SpongePowered MIXIN Subsystem Version=0.8.7 Source=file:/Users/magje/.gradle/caches/modules-2/files-2.1/net.fabricmc/sponge-mixin/0.16.5+mixin.0.8.7/80fc3a9f592673cea87f4cd702f87991c6c9fe4d/sponge-mixin-0.16.5+mixin.0.8.7.jar Service=Knot/Fabric Env=CLIENT
[21:00:31] [main/INFO] (FabricLoader/Mixin) Loaded Fabric development mappings for mixin remapper!
[21:00:31] [main/INFO] (FabricLoader/Mixin) Compatibility level set to JAVA_21
[21:00:31] [main/WARN] (FabricLoader/Mixin) Reference map 'jademoddedentities.refmap.json' for jademoddedentities.mixins.json could not be read. If this is a development environment you can ignore this message
[21:00:31] [main/WARN] (FabricLoader/Mixin) Reference map 'jademoddedentities.refmap.json' for jademoddedentities.fabric.mixins.json could not be read. If this is a development environment you can ignore this message
[21:00:31] [main/INFO] (FabricLoader/MixinExtras|Service) Initializing MixinExtras via com.llamalad7.mixinextras.service.MixinExtrasServiceImpl(version=0.5.0).
[21:00:32] [Datafixer Bootstrap/INFO] (Minecraft) 287 Datafixer optimizations took 162 milliseconds
[21:00:35] [Render thread/INFO] (Minecraft) Environment: Environment[sessionHost=https://sessionserver.mojang.com, servicesHost=https://api.minecraftservices.com, profilesHost=https://api.mojang.com, name=PROD]
[21:00:35] [Render thread/INFO] (Minecraft) Setting user: Player765
[21:00:35] [Render thread/INFO] (Minecraft) Backend library: LWJGL version 3.3.3-snapshot
[21:00:35] [Download-2/ERROR] (Minecraft) Failed to fetch user properties
com.mojang.authlib.exceptions.InvalidCredentialsException: Status: 401
	at knot//com.mojang.authlib.exceptions.MinecraftClientHttpException.toAuthenticationException(MinecraftClientHttpException.java:59)
	at knot//com.mojang.authlib.yggdrasil.YggdrasilUserApiService.fetchProperties(YggdrasilUserApiService.java:150)
	at knot//net.minecraft.client.Minecraft.method_55608(Minecraft.java:457)
	at java.base/java.util.concurrent.CompletableFuture$AsyncSupply.run$$$capture(CompletableFuture.java:1768)
	at java.base/java.util.concurrent.CompletableFuture$AsyncSupply.run(CompletableFuture.java)
	at java.base/java.util.concurrent.ThreadPoolExecutor.runWorker(ThreadPoolExecutor.java:1144)
	at java.base/java.util.concurrent.ThreadPoolExecutor$Worker.run(ThreadPoolExecutor.java:642)
	at java.base/java.lang.Thread.run(Thread.java:1583)
Caused by: com.mojang.authlib.exceptions.MinecraftClientHttpException: Status: 401
	at knot//com.mojang.authlib.minecraft.client.MinecraftClient.readInputStream(MinecraftClient.java:103)
	at knot//com.mojang.authlib.minecraft.client.MinecraftClient.get(MinecraftClient.java:56)
	at knot//com.mojang.authlib.yggdrasil.YggdrasilUserApiService.fetchProperties(YggdrasilUserApiService.java:121)
	... 6 more
[21:00:36] [Render thread/INFO] (Minecraft) Using optional rendering extensions: GL_EXT_texture_filter_anisotropic
[21:00:36] [Render thread/WARN] (Minecraft) Removed resource pack fabric from options because it doesn't seem to exist anymore
[21:00:37] [Render thread/INFO] (Minecraft) Reloading ResourceManager: vanilla, fabric-api, fabric-api-base, fabric-api-lookup-api-v1, fabric-biome-api-v1, fabric-block-api-v1, fabric-block-view-api-v2, fabric-client-gametest-api-v1, fabric-command-api-v2, fabric-content-registries-v0, fabric-convention-tags-v1, fabric-convention-tags-v2, fabric-crash-report-info-v1, fabric-data-attachment-api-v1, fabric-data-generation-api-v1, fabric-dimensions-v1, fabric-entity-events-v1, fabric-events-interaction-v0, fabric-game-rule-api-v1, fabric-gametest-api-v1, fabric-item-api-v1, fabric-item-group-api-v1, fabric-key-binding-api-v1, fabric-lifecycle-events-v1, fabric-loot-api-v2, fabric-loot-api-v3, fabric-message-api-v1, fabric-networking-api-v1, fabric-object-builder-api-v1, fabric-particles-v1, fabric-recipe-api-v1, fabric-registry-sync-v0, fabric-rendering-fluids-v1, fabric-rendering-v1, fabric-resource-conditions-api-v1, fabric-resource-loader-v0, fabric-resource-loader-v1, fabric-screen-api-v1, fabric-screen-handler-api-v1, fabric-serialization-api-v1, fabric-sound-api-v1, fabric-tag-api-v1, fabric-transfer-api-v1, fabric-transitive-access-wideners-v1, fabricloader, jade, jademoddedentities
[21:00:37] [Render thread/INFO] (Jade) Start loading plugin from Jade: snownee.jade.addon.core.CorePlugin
[21:00:37] [Render thread/INFO] (Jade) snownee.jade.addon.core.CorePlugin loaded: 4.170 ms
[21:00:37] [Render thread/INFO] (Jade) Start loading plugin from Jade: snownee.jade.addon.vanilla.VanillaPlugin
[21:00:37] [Render thread/INFO] (Jade) snownee.jade.addon.vanilla.VanillaPlugin loaded: 8.123 ms
[21:00:37] [Render thread/INFO] (Jade) Start loading plugin from Jade: snownee.jade.addon.universal.UniversalPlugin
[21:00:37] [Render thread/INFO] (Jade) snownee.jade.addon.universal.UniversalPlugin loaded: 3.856 ms
[21:00:37] [Render thread/INFO] (Jade) Start loading plugin from Jade: snownee.jade.addon.access.AccessibilityPlugin
[21:00:37] [Render thread/INFO] (Jade) snownee.jade.addon.access.AccessibilityPlugin loaded: 1.516 ms
[21:00:37] [Render thread/INFO] (Jade) Start loading plugin from Jade: snownee.jade.addon.debug.DebugPlugin
[21:00:37] [Render thread/INFO] (Jade) snownee.jade.addon.debug.DebugPlugin loaded: 491.8 μs
[21:00:37] [Render thread/INFO] (Jade) Start loading plugin from Jade Modded Entities: dk.magnusjensen.jademoddedentities.JadeModdedEntitiesPlugin
[21:00:37] [Render thread/INFO] (Jade) dk.magnusjensen.jademoddedentities.JadeModdedEntitiesPlugin loaded: 1.176 ms
[21:00:37] [Worker-Main-10/INFO] (Minecraft) Found unifont_all_no_pua-17.0.01.hex, loading
[21:00:37] [Worker-Main-2/INFO] (Minecraft) Found unifont_pua-17.0.01.hex, loading
[21:00:37] [Worker-Main-4/INFO] (Minecraft) Found unifont_jp_patch-17.0.01.hex, loading
[21:00:37] [Download-2/INFO] (Minecraft) Could not authorize you against Realms server: java.lang.RuntimeException: Failed to parse into SignedJWT: FabricMC
[21:00:37] [Download-2/ERROR] (Minecraft) Failed to fetch Realms feature flags
com.mojang.realmsclient.exception.RealmsServiceException: Realms authentication error with message 'java.lang.RuntimeException: Failed to parse into SignedJWT: FabricMC'
	at knot//com.mojang.realmsclient.client.RealmsClient.execute(RealmsClient.java:526)
	at knot//com.mojang.realmsclient.client.RealmsClient.fetchFeatureFlags(RealmsClient.java:186)
	at java.base/java.util.concurrent.CompletableFuture$AsyncSupply.run$$$capture(CompletableFuture.java:1768)
	at java.base/java.util.concurrent.CompletableFuture$AsyncSupply.run(CompletableFuture.java)
	at java.base/java.util.concurrent.ThreadPoolExecutor.runWorker(ThreadPoolExecutor.java:1144)
	at java.base/java.util.concurrent.ThreadPoolExecutor$Worker.run(ThreadPoolExecutor.java:642)
	at java.base/java.lang.Thread.run(Thread.java:1583)
[21:00:38] [Render thread/INFO] (Minecraft) Info log when linking program containing VS minecraft:core/rendertype_text_intensity_see_through and FS minecraft:core/rendertype_text_intensity_see_through. Log output: WARNING: Could not find vertex shader attribute 'UV2' to match BindAttributeLocation request.

[21:00:38] [Render thread/INFO] (Minecraft) Info log when linking program containing VS minecraft:core/rendertype_beacon_beam and FS minecraft:core/rendertype_beacon_beam. Log output: WARNING: Could not find vertex shader attribute 'Normal' to match BindAttributeLocation request.
WARNING: Could not find vertex shader attribute 'UV2' to match BindAttributeLocation request.

[21:00:38] [Render thread/INFO] (Minecraft) Info log when linking program containing VS minecraft:core/rendertype_beacon_beam and FS minecraft:core/rendertype_beacon_beam. Log output: WARNING: Could not find vertex shader attribute 'Normal' to match BindAttributeLocation request.
WARNING: Could not find vertex shader attribute 'UV2' to match BindAttributeLocation request.

[21:00:38] [Render thread/INFO] (Minecraft) Info log when linking program containing VS minecraft:core/block and FS minecraft:core/block. Log output: WARNING: Could not find vertex shader attribute 'Normal' to match BindAttributeLocation request.

[21:00:38] [Render thread/INFO] (Minecraft) Info log when linking program containing VS minecraft:core/entity and FS minecraft:core/entity. Log output: WARNING: Output of vertex shader 'overlayColor' not read by fragment shader

[21:00:38] [Render thread/INFO] (Minecraft) Info log when linking program containing VS minecraft:core/entity and FS minecraft:core/entity. Log output: WARNING: Could not find vertex shader attribute 'Normal' to match BindAttributeLocation request.
WARNING: Output of vertex shader 'overlayColor' not read by fragment shader

[21:00:38] [Render thread/INFO] (Minecraft) Info log when linking program containing VS minecraft:core/terrain and FS minecraft:core/terrain. Log output: WARNING: Could not find vertex shader attribute 'Normal' to match BindAttributeLocation request.

[21:00:38] [Render thread/INFO] (Minecraft) Info log when linking program containing VS minecraft:core/animate_sprite and FS minecraft:core/animate_sprite_blit. Log output: WARNING: Output of vertex shader 'fAnimationProgress' not read by fragment shader

[21:00:38] [Render thread/INFO] (Minecraft) Info log when linking program containing VS minecraft:core/terrain and FS minecraft:core/terrain. Log output: WARNING: Could not find vertex shader attribute 'Normal' to match BindAttributeLocation request.

[21:00:38] [Render thread/INFO] (Minecraft) Info log when linking program containing VS minecraft:core/entity and FS minecraft:core/entity. Log output: WARNING: Output of vertex shader 'overlayColor' not read by fragment shader

[21:00:38] [Render thread/INFO] (Minecraft) Info log when linking program containing VS minecraft:core/block and FS minecraft:core/block. Log output: WARNING: Could not find vertex shader attribute 'Normal' to match BindAttributeLocation request.

[21:00:38] [Render thread/INFO] (Minecraft) Info log when linking program containing VS minecraft:core/rendertype_item_entity_translucent_cull and FS minecraft:core/rendertype_item_entity_translucent_cull. Log output: WARNING: Output of vertex shader 'texCoord1' not read by fragment shader
WARNING: Output of vertex shader 'texCoord2' not read by fragment shader

[21:00:38] [Render thread/INFO] (Minecraft) Info log when linking program containing VS minecraft:core/entity and FS minecraft:core/entity. Log output: WARNING: Could not find vertex shader attribute 'UV2' to match BindAttributeLocation request.

[21:00:38] [Render thread/INFO] (Minecraft) Info log when linking program containing VS minecraft:core/rendertype_translucent_moving_block and FS minecraft:core/rendertype_translucent_moving_block. Log output: WARNING: Could not find vertex shader attribute 'Normal' to match BindAttributeLocation request.

[21:00:38] [Render thread/INFO] (Minecraft) Info log when linking program containing VS minecraft:core/rendertype_entity_shadow and FS minecraft:core/rendertype_entity_shadow. Log output: WARNING: Could not find vertex shader attribute 'UV1' to match BindAttributeLocation request.
WARNING: Could not find vertex shader attribute 'Normal' to match BindAttributeLocation request.
WARNING: Could not find vertex shader attribute 'UV2' to match BindAttributeLocation request.

[21:00:38] [Render thread/INFO] (Minecraft) Info log when linking program containing VS minecraft:core/rendertype_text_see_through and FS minecraft:core/rendertype_text_see_through. Log output: WARNING: Could not find vertex shader attribute 'UV2' to match BindAttributeLocation request.

[21:00:38] [Render thread/INFO] (Minecraft) Info log when linking program containing VS minecraft:core/entity and FS minecraft:core/entity. Log output: WARNING: Could not find vertex shader attribute 'Normal' to match BindAttributeLocation request.
WARNING: Could not find vertex shader attribute 'UV2' to match BindAttributeLocation request.
WARNING: Output of vertex shader 'overlayColor' not read by fragment shader

[21:00:38] [Render thread/INFO] (Minecraft) Info log when linking program containing VS minecraft:core/block and FS minecraft:core/block. Log output: WARNING: Could not find vertex shader attribute 'Normal' to match BindAttributeLocation request.

[21:00:38] [Render thread/INFO] (Minecraft) Info log when linking program containing VS minecraft:core/terrain and FS minecraft:core/terrain. Log output: WARNING: Could not find vertex shader attribute 'Normal' to match BindAttributeLocation request.

[21:00:38] [Render thread/INFO] (Minecraft) Info log when linking program containing VS minecraft:core/rendertype_text_background_see_through and FS minecraft:core/rendertype_text_background_see_through. Log output: WARNING: Could not find vertex shader attribute 'UV2' to match BindAttributeLocation request.

[21:00:38] [Render thread/INFO] (Minecraft) Info log when linking program containing VS minecraft:core/entity and FS minecraft:core/entity. Log output: WARNING: Output of vertex shader 'overlayColor' not read by fragment shader

[21:00:38] [Render thread/INFO] (Minecraft) Info log when linking program containing VS minecraft:core/terrain and FS minecraft:core/terrain. Log output: WARNING: Could not find vertex shader attribute 'Normal' to match BindAttributeLocation request.

[21:00:38] [Render thread/INFO] (Minecraft) Info log when linking program containing VS minecraft:core/entity and FS minecraft:core/entity. Log output: WARNING: Output of vertex shader 'overlayColor' not read by fragment shader

[21:00:38] [Render thread/INFO] (Minecraft) Info log when linking program containing VS minecraft:core/entity and FS minecraft:core/entity. Log output: WARNING: Could not find vertex shader attribute 'Normal' to match BindAttributeLocation request.
WARNING: Could not find vertex shader attribute 'UV2' to match BindAttributeLocation request.
WARNING: Output of vertex shader 'overlayColor' not read by fragment shader

[21:00:38] [Render thread/INFO] (Minecraft) Info log when linking program containing VS minecraft:core/terrain and FS minecraft:core/terrain. Log output: WARNING: Could not find vertex shader attribute 'Normal' to match BindAttributeLocation request.

[21:00:38] [Render thread/INFO] (Minecraft) Info log when linking program containing VS minecraft:core/rendertype_entity_alpha and FS minecraft:core/rendertype_entity_alpha. Log output: WARNING: Could not find vertex shader attribute 'Normal' to match BindAttributeLocation request.
WARNING: Output of vertex shader 'texCoord1' not read by fragment shader
WARNING: Output of vertex shader 'texCoord2' not read by fragment shader

[21:00:38] [Render thread/INFO] (Minecraft) Info log when linking program containing VS minecraft:core/rendertype_crumbling and FS minecraft:core/rendertype_crumbling. Log output: WARNING: Could not find vertex shader attribute 'Normal' to match BindAttributeLocation request.
WARNING: Output of vertex shader 'texCoord2' not read by fragment shader

[21:00:38] [Render thread/INFO] (Minecraft) OpenAL initialized on device MacBook Pro Speakers
[21:00:38] [Render thread/INFO] (Minecraft) Sound engine started
[21:00:38] [Render thread/INFO] (Minecraft) Created: 512x256x0 minecraft:textures/atlas/particles.png-atlas
[21:00:38] [Render thread/INFO] (Minecraft) Created: 128x128x0 minecraft:textures/atlas/decorated_pot.png-atlas
[21:00:38] [Render thread/INFO] (Minecraft) Created: 2048x1024x0 minecraft:textures/atlas/armor_trims.png-atlas
[21:00:38] [Render thread/INFO] (Minecraft) Created: 512x256x0 minecraft:textures/atlas/paintings.png-atlas
[21:00:38] [Render thread/INFO] (Minecraft) Created: 1024x512x0 minecraft:textures/atlas/shield_patterns.png-atlas
[21:00:38] [Render thread/INFO] (Minecraft) Created: 2048x2048x4 minecraft:textures/atlas/blocks.png-atlas
[21:00:38] [Render thread/INFO] (Minecraft) Created: 512x512x0 minecraft:textures/atlas/chest.png-atlas
[21:00:38] [Render thread/INFO] (Minecraft) Created: 256x128x0 minecraft:textures/atlas/celestials.png-atlas
[21:00:38] [Render thread/INFO] (Minecraft) Created: 1024x512x0 minecraft:textures/atlas/banner_patterns.png-atlas
[21:00:38] [Render thread/INFO] (Minecraft) Created: 512x512x0 minecraft:textures/atlas/beds.png-atlas
[21:00:38] [Render thread/INFO] (Minecraft) Created: 1024x512x0 minecraft:textures/atlas/items.png-atlas
[21:00:38] [Render thread/INFO] (Minecraft) Created: 1024x1024x0 minecraft:textures/atlas/gui.png-atlas
[21:00:38] [Render thread/INFO] (Minecraft) Created: 128x64x0 minecraft:textures/atlas/map_decorations.png-atlas
[21:00:38] [Render thread/INFO] (Minecraft) Created: 512x256x0 minecraft:textures/atlas/signs.png-atlas
[21:00:38] [Render thread/INFO] (Minecraft) Created: 512x512x0 minecraft:textures/atlas/shulker_boxes.png-atlas
[21:00:38] [IO-Worker-1/INFO] (Minecraft) Could not authorize you against Realms server: java.lang.RuntimeException: Failed to parse into SignedJWT: FabricMC
[21:00:38] [IO-Worker-1/ERROR] (Minecraft) Couldn't connect to realms
com.mojang.realmsclient.exception.RealmsServiceException: Realms authentication error with message 'java.lang.RuntimeException: Failed to parse into SignedJWT: FabricMC'
	at knot//com.mojang.realmsclient.client.RealmsClient.execute(RealmsClient.java:526)
	at knot//com.mojang.realmsclient.client.RealmsClient.clientCompatible(RealmsClient.java:307)
	at knot//com.mojang.realmsclient.RealmsAvailability.method_52627(RealmsAvailability.java:48)
	at java.base/java.util.concurrent.CompletableFuture$AsyncSupply.run$$$capture(CompletableFuture.java:1768)
	at java.base/java.util.concurrent.CompletableFuture$AsyncSupply.run(CompletableFuture.java)
	at java.base/java.util.concurrent.ThreadPoolExecutor.runWorker(ThreadPoolExecutor.java:1144)
	at java.base/java.util.concurrent.ThreadPoolExecutor$Worker.run(ThreadPoolExecutor.java:642)
	at java.base/java.lang.Thread.run(Thread.java:1583)
[21:00:42] [Render thread/WARN] (Minecraft) Missing data pack fabric
[21:00:43] [Render thread/INFO] (Minecraft) Loaded 1470 recipes
[21:00:43] [Render thread/INFO] (Minecraft) Loaded 1584 advancements
[21:00:43] [Render thread/INFO] (BiomeModificationImpl) Applied 0 biome modifications to 0 of 65 new biomes in 534.5 μs
[21:00:43] [Server thread/INFO] (Minecraft) Starting integrated minecraft server version 1.21.11
[21:00:43] [Server thread/INFO] (Minecraft) Generating keypair
[21:00:43] [Server thread/INFO] (Minecraft) Loading 0 persistent chunks...
[21:00:43] [Server thread/INFO] (Minecraft) Loading 49 chunks for player spawn...
[21:00:43] [Server thread/INFO] (Minecraft) Preparing spawn area: 16%
[21:00:44] [Server thread/INFO] (Minecraft) Preparing spawn area: 16%
[21:00:44] [IO-Worker-1/ERROR] (Minecraft) Chunk [1, -1] stream is truncated: expected 1465089 but read 8187
[21:00:44] [IO-Worker-2/WARN] (Minecraft) Chunk has both internal and external streams
[21:00:44] [IO-Worker-2/ERROR] (Minecraft) External chunk path /Users/magje/code/mods/jade-modded-entities/fabric/runs/client/saves/New World/region/c.1.1.mcc is not file
[21:00:44] [IO-Worker-3/WARN] (Minecraft) Chunk has both internal and external streams
[21:00:44] [IO-Worker-3/ERROR] (Minecraft) External chunk path /Users/magje/code/mods/jade-modded-entities/fabric/runs/client/saves/New World/region/c.2.-1.mcc is not file
[21:00:44] [IO-Worker-4/WARN] (Minecraft) Chunk has both internal and external streams
[21:00:44] [IO-Worker-4/ERROR] (Minecraft) External chunk path /Users/magje/code/mods/jade-modded-entities/fabric/runs/client/saves/New World/region/c.2.0.mcc is not file
[21:00:44] [IO-Worker-3/ERROR] (Minecraft) Chunk [2, 1] stream is truncated: expected 2040472918 but read 8187
[21:00:44] [IO-Worker-1/WARN] (Minecraft) Chunk has both internal and external streams
[21:00:44] [IO-Worker-1/ERROR] (Minecraft) External chunk path /Users/magje/code/mods/jade-modded-entities/fabric/runs/client/saves/New World/region/c.3.-1.mcc is not file
[21:00:44] [IO-Worker-2/ERROR] (Minecraft) Declared size -1723967598 of chunk [3, 0] is negative
[21:00:44] [IO-Worker-2/ERROR] (Minecraft) Chunk [0, -1] stream is truncated: expected 1260289 but read 8187
[21:00:44] [IO-Worker-1/WARN] (Minecraft) Chunk has both internal and external streams
[21:00:44] [IO-Worker-1/ERROR] (Minecraft) External chunk path /Users/magje/code/mods/jade-modded-entities/fabric/runs/client/saves/New World/region/c.0.0.mcc is not file
[21:00:44] [IO-Worker-4/WARN] (Minecraft) Chunk has both internal and external streams
[21:00:44] [IO-Worker-4/ERROR] (Minecraft) External chunk path /Users/magje/code/mods/jade-modded-entities/fabric/runs/client/saves/New World/region/c.0.1.mcc is not file
[21:00:44] [IO-Worker-3/ERROR] (Minecraft) Chunk [0, 2] stream is truncated: expected 910849 but read 4091
[21:00:44] [IO-Worker-2/WARN] (Minecraft) Chunk has both internal and external streams
[21:00:44] [IO-Worker-2/ERROR] (Minecraft) External chunk path /Users/magje/code/mods/jade-modded-entities/fabric/runs/client/saves/New World/region/c.1.2.mcc is not file
[21:00:44] [IO-Worker-3/WARN] (Minecraft) Chunk has both internal and external streams
[21:00:44] [IO-Worker-3/ERROR] (Minecraft) External chunk path /Users/magje/code/mods/jade-modded-entities/fabric/runs/client/saves/New World/region/c.2.2.mcc is not file
[21:00:44] [IO-Worker-2/ERROR] (Minecraft) Chunk [3, 2] stream is truncated: expected 1509889 but read 8187
[21:00:44] [IO-Worker-4/ERROR] (Minecraft) Chunk [0, -2] stream is truncated: expected 1310977 but read 8187
[21:00:44] [IO-Worker-1/ERROR] (Minecraft) Chunk [1, -2] stream is truncated: expected 1525976927 but read 8187
[21:00:44] [IO-Worker-1/ERROR] (Minecraft) Declared size -1372087370 of chunk [3, -2] is negative
[21:00:44] [IO-Worker-2/WARN] (Minecraft) Chunk has both internal and external streams
[21:00:44] [IO-Worker-2/ERROR] (Minecraft) External chunk path /Users/magje/code/mods/jade-modded-entities/fabric/runs/client/saves/New World/region/c.4.-2.mcc is not file
[21:00:44] [IO-Worker-1/WARN] (Minecraft) Chunk has both internal and external streams
[21:00:44] [IO-Worker-1/ERROR] (Minecraft) External chunk path /Users/magje/code/mods/jade-modded-entities/fabric/runs/client/saves/New World/region/c.4.-1.mcc is not file
[21:00:44] [IO-Worker-2/WARN] (Minecraft) Chunk has both internal and external streams
[21:00:44] [IO-Worker-2/ERROR] (Minecraft) External chunk path /Users/magje/code/mods/jade-modded-entities/fabric/runs/client/saves/New World/region/c.4.0.mcc is not file
[21:00:44] [IO-Worker-1/ERROR] (Minecraft) Chunk [4, 1] stream is truncated: expected 1659649 but read 8187
[21:00:44] [IO-Worker-2/ERROR] (Minecraft) Chunk [4, 2] stream is truncated: expected 1757441 but read 8187
[21:00:44] [IO-Worker-1/ERROR] (Minecraft) Chunk [2, -3] stream is truncated: expected 1712129 but read 8187
[21:00:44] [IO-Worker-2/WARN] (Minecraft) Chunk has both internal and external streams
[21:00:44] [IO-Worker-2/ERROR] (Minecraft) External chunk path /Users/magje/code/mods/jade-modded-entities/fabric/runs/client/saves/New World/region/c.3.-3.mcc is not file
[21:00:44] [IO-Worker-1/WARN] (Minecraft) Chunk has both internal and external streams
[21:00:44] [IO-Worker-1/ERROR] (Minecraft) External chunk path /Users/magje/code/mods/jade-modded-entities/fabric/runs/client/saves/New World/region/c.4.-3.mcc is not file
[21:00:44] [IO-Worker-2/WARN] (Minecraft) Chunk has both internal and external streams
[21:00:44] [IO-Worker-2/ERROR] (Minecraft) External chunk path /Users/magje/code/mods/jade-modded-entities/fabric/runs/client/saves/New World/region/c.5.-3.mcc is not file
[21:00:44] [IO-Worker-1/ERROR] (Minecraft) Chunk [5, -2] stream is truncated: expected 2023550300 but read 8187
[21:00:44] [IO-Worker-2/ERROR] (Minecraft) Chunk [5, -1] stream is truncated: expected 41458924 but read 8187
[21:00:44] [IO-Worker-1/ERROR] (Minecraft) Chunk [-1, -1] stream is truncated: expected 2023550299 but read 8187
[21:00:44] [IO-Worker-2/ERROR] (Minecraft) Chunk [-1, 0] stream is truncated: expected 2023550364 but read 8187
[21:00:44] [IO-Worker-1/WARN] (Minecraft) Chunk has both internal and external streams
[21:00:44] [IO-Worker-1/ERROR] (Minecraft) External chunk path /Users/magje/code/mods/jade-modded-entities/fabric/runs/client/saves/New World/region/c.-1.1.mcc is not file
[21:00:44] [IO-Worker-2/WARN] (Minecraft) Chunk has both internal and external streams
[21:00:44] [IO-Worker-2/ERROR] (Minecraft) External chunk path /Users/magje/code/mods/jade-modded-entities/fabric/runs/client/saves/New World/region/c.-1.2.mcc is not file
[21:00:44] [IO-Worker-1/ERROR] (Minecraft) Chunk [-1, 3] stream is truncated: expected 2023550364 but read 4091
[21:00:44] [IO-Worker-2/WARN] (Minecraft) Chunk has both internal and external streams
[21:00:44] [IO-Worker-2/ERROR] (Minecraft) External chunk path /Users/magje/code/mods/jade-modded-entities/fabric/runs/client/saves/New World/region/c.0.3.mcc is not file
[21:00:44] [IO-Worker-1/WARN] (Minecraft) Chunk has both internal and external streams
[21:00:44] [IO-Worker-1/ERROR] (Minecraft) External chunk path /Users/magje/code/mods/jade-modded-entities/fabric/runs/client/saves/New World/region/c.1.3.mcc is not file
[21:00:44] [IO-Worker-2/WARN] (Minecraft) Chunk has both internal and external streams
[21:00:44] [IO-Worker-2/ERROR] (Minecraft) External chunk path /Users/magje/code/mods/jade-modded-entities/fabric/runs/client/saves/New World/region/c.2.3.mcc is not file
[21:00:44] [IO-Worker-1/WARN] (Minecraft) Chunk has both internal and external streams
[21:00:44] [IO-Worker-1/ERROR] (Minecraft) External chunk path /Users/magje/code/mods/jade-modded-entities/fabric/runs/client/saves/New World/region/c.3.3.mcc is not file
[21:00:44] [IO-Worker-2/ERROR] (Minecraft) Chunk [-1, -2] stream is truncated: expected 2023550364 but read 8187
[21:00:44] [IO-Worker-1/WARN] (Minecraft) Chunk has both internal and external streams
[21:00:44] [IO-Worker-1/ERROR] (Minecraft) External chunk path /Users/magje/code/mods/jade-modded-entities/fabric/runs/client/saves/New World/region/c.4.3.mcc is not file
[21:00:44] [IO-Worker-2/WARN] (Minecraft) Chunk has both internal and external streams
[21:00:44] [IO-Worker-2/ERROR] (Minecraft) External chunk path /Users/magje/code/mods/jade-modded-entities/fabric/runs/client/saves/New World/region/c.-1.-3.mcc is not file
[21:00:44] [IO-Worker-1/ERROR] (Minecraft) Chunk [0, -3] stream is truncated: expected 1398529 but read 8187
[21:00:44] [IO-Worker-2/ERROR] (Minecraft) Chunk [1, -3] stream is truncated: expected 1396993 but read 8187
[21:00:44] [IO-Worker-1/WARN] (Minecraft) Chunk has both internal and external streams
[21:00:44] [IO-Worker-1/ERROR] (Minecraft) External chunk path /Users/magje/code/mods/jade-modded-entities/fabric/runs/client/saves/New World/region/c.5.0.mcc is not file
[21:00:44] [IO-Worker-2/WARN] (Minecraft) Chunk has both internal and external streams
[21:00:44] [IO-Worker-2/ERROR] (Minecraft) External chunk path /Users/magje/code/mods/jade-modded-entities/fabric/runs/client/saves/New World/region/c.5.1.mcc is not file
[21:00:44] [IO-Worker-1/WARN] (Minecraft) Chunk has both internal and external streams
[21:00:44] [IO-Worker-1/ERROR] (Minecraft) External chunk path /Users/magje/code/mods/jade-modded-entities/fabric/runs/client/saves/New World/region/c.5.2.mcc is not file
[21:00:44] [IO-Worker-2/WARN] (Minecraft) Chunk has both internal and external streams
[21:00:44] [IO-Worker-2/ERROR] (Minecraft) External chunk path /Users/magje/code/mods/jade-modded-entities/fabric/runs/client/saves/New World/region/c.5.3.mcc is not file
[21:00:44] [IO-Worker-1/ERROR] (Minecraft) Declared size -598015966 of chunk [2, -4] is negative
[21:00:44] [IO-Worker-2/ERROR] (Minecraft) Chunk [3, -4] stream is truncated: expected 309207438 but read 8187
[21:00:44] [IO-Worker-1/ERROR] (Minecraft) Chunk [4, -4] stream is truncated: expected 596140241 but read 8187
[21:00:44] [IO-Worker-2/ERROR] (Minecraft) Declared size -308454032 of chunk [5, -4] is negative
[21:00:44] [IO-Worker-1/ERROR] (Minecraft) Declared size -1326463824 of chunk [6, -4] is negative
[21:00:44] [IO-Worker-2/ERROR] (Minecraft) Declared size -308454036 of chunk [6, -3] is negative
[21:00:44] [IO-Worker-1/ERROR] (Minecraft) Chunk [6, -2] stream is truncated: expected 156837987 but read 8187
[21:00:44] [IO-Worker-2/ERROR] (Minecraft) Chunk [6, -1] stream is truncated: expected 1861633 but read 8187
[21:00:44] [IO-Worker-1/ERROR] (Minecraft) Chunk [-2, -1] stream is truncated: expected 1116929 but read 8187
[21:00:44] [IO-Worker-2/WARN] (Minecraft) Chunk has both internal and external streams
[21:00:44] [IO-Worker-2/ERROR] (Minecraft) External chunk path /Users/magje/code/mods/jade-modded-entities/fabric/runs/client/saves/New World/region/c.-2.0.mcc is not file
[21:00:44] [IO-Worker-1/WARN] (Minecraft) Chunk has both internal and external streams
[21:00:44] [IO-Worker-1/ERROR] (Minecraft) External chunk path /Users/magje/code/mods/jade-modded-entities/fabric/runs/client/saves/New World/region/c.-2.1.mcc is not file
[21:00:44] [IO-Worker-2/WARN] (Minecraft) Chunk has both internal and external streams
[21:00:44] [IO-Worker-2/ERROR] (Minecraft) External chunk path /Users/magje/code/mods/jade-modded-entities/fabric/runs/client/saves/New World/region/c.-2.2.mcc is not file
[21:00:44] [IO-Worker-4/WARN] (Minecraft) Chunk has both internal and external streams
[21:00:44] [IO-Worker-4/ERROR] (Minecraft) External chunk path /Users/magje/code/mods/jade-modded-entities/fabric/runs/client/saves/New World/region/c.-2.3.mcc is not file
[21:00:44] [IO-Worker-5/ERROR] (Minecraft) Chunk [-2, -2] stream is truncated: expected 1376257 but read 8187
[21:00:44] [IO-Worker-4/WARN] (Minecraft) Chunk has both internal and external streams
[21:00:44] [IO-Worker-4/ERROR] (Minecraft) External chunk path /Users/magje/code/mods/jade-modded-entities/fabric/runs/client/saves/New World/region/c.-2.4.mcc is not file
[21:00:44] [IO-Worker-2/ERROR] (Minecraft) Chunk [-1, 4] stream is truncated: expected 2023550299 but read 8187
[21:00:44] [IO-Worker-4/ERROR] (Minecraft) Declared size -1662149169 of chunk [0, 4] is negative
[21:00:44] [IO-Worker-2/WARN] (Minecraft) Chunk has both internal and external streams
[21:00:44] [IO-Worker-2/ERROR] (Minecraft) External chunk path /Users/magje/code/mods/jade-modded-entities/fabric/runs/client/saves/New World/region/c.1.4.mcc is not file
[21:00:44] [IO-Worker-3/ERROR] (Minecraft) Chunk [2, 4] stream is truncated: expected 1567382342 but read 8187
[21:00:44] [IO-Worker-2/WARN] (Minecraft) Chunk has both internal and external streams
[21:00:44] [IO-Worker-2/ERROR] (Minecraft) External chunk path /Users/magje/code/mods/jade-modded-entities/fabric/runs/client/saves/New World/region/c.3.4.mcc is not file
[21:00:44] [IO-Worker-3/WARN] (Minecraft) Chunk has both internal and external streams
[21:00:44] [IO-Worker-3/ERROR] (Minecraft) External chunk path /Users/magje/code/mods/jade-modded-entities/fabric/runs/client/saves/New World/region/c.4.4.mcc is not file
[21:00:44] [IO-Worker-2/ERROR] (Minecraft) Chunk [-1, -4] stream is truncated: expected 2023550363 but read 8187
[21:00:44] [IO-Worker-3/WARN] (Minecraft) Chunk has both internal and external streams
[21:00:44] [IO-Worker-3/ERROR] (Minecraft) External chunk path /Users/magje/code/mods/jade-modded-entities/fabric/runs/client/saves/New World/region/c.0.-4.mcc is not file
[21:00:44] [IO-Worker-5/WARN] (Minecraft) Chunk has both internal and external streams
[21:00:44] [IO-Worker-5/ERROR] (Minecraft) External chunk path /Users/magje/code/mods/jade-modded-entities/fabric/runs/client/saves/New World/region/c.1.-4.mcc is not file
[21:00:44] [IO-Worker-4/WARN] (Minecraft) Chunk has both internal and external streams
[21:00:44] [IO-Worker-4/ERROR] (Minecraft) External chunk path /Users/magje/code/mods/jade-modded-entities/fabric/runs/client/saves/New World/region/c.6.0.mcc is not file
[21:00:44] [IO-Worker-2/WARN] (Minecraft) Chunk has both internal and external streams
[21:00:44] [IO-Worker-2/ERROR] (Minecraft) External chunk path /Users/magje/code/mods/jade-modded-entities/fabric/runs/client/saves/New World/region/c.6.1.mcc is not file
[21:00:44] [IO-Worker-5/WARN] (Minecraft) Chunk has both internal and external streams
[21:00:44] [IO-Worker-5/ERROR] (Minecraft) External chunk path /Users/magje/code/mods/jade-modded-entities/fabric/runs/client/saves/New World/region/c.6.2.mcc is not file
[21:00:44] [IO-Worker-4/WARN] (Minecraft) Chunk has both internal and external streams
[21:00:44] [IO-Worker-4/ERROR] (Minecraft) External chunk path /Users/magje/code/mods/jade-modded-entities/fabric/runs/client/saves/New World/region/c.6.3.mcc is not file
[21:00:44] [IO-Worker-2/WARN] (Minecraft) Chunk has both internal and external streams
[21:00:44] [IO-Worker-2/ERROR] (Minecraft) External chunk path /Users/magje/code/mods/jade-modded-entities/fabric/runs/client/saves/New World/region/c.5.4.mcc is not file
[21:00:44] [IO-Worker-3/ERROR] (Minecraft) Chunk [-2, -3] stream is truncated: expected 1372161 but read 8187
[21:00:44] [IO-Worker-5/ERROR] (Minecraft) Chunk [6, 4] stream is truncated: expected 1835817942 but read 8187
[21:00:44] [IO-Worker-2/ERROR] (Minecraft) Chunk [-7, -13] stream is truncated: expected 1835801798 but read 8187
[21:00:44] [IO-Worker-5/ERROR] (Minecraft) Declared size -1662165667 of chunk [-7, -12] is negative
[21:00:44] [IO-Worker-4/WARN] (Minecraft) Chunk has both internal and external streams
[21:00:44] [IO-Worker-4/ERROR] (Minecraft) External chunk path /Users/magje/code/mods/jade-modded-entities/fabric/runs/client/saves/New World/region/c.-7.-11.mcc is not file
[21:00:44] [IO-Worker-2/WARN] (Minecraft) Chunk has both internal and external streams
[21:00:44] [IO-Worker-2/ERROR] (Minecraft) External chunk path /Users/magje/code/mods/jade-modded-entities/fabric/runs/client/saves/New World/region/c.-7.-10.mcc is not file
[21:00:44] [IO-Worker-3/WARN] (Minecraft) Chunk has both internal and external streams
[21:00:44] [IO-Worker-3/ERROR] (Minecraft) External chunk path /Users/magje/code/mods/jade-modded-entities/fabric/runs/client/saves/New World/region/c.-7.-8.mcc is not file
[21:00:44] [IO-Worker-5/WARN] (Minecraft) Chunk has both internal and external streams
[21:00:44] [IO-Worker-5/ERROR] (Minecraft) External chunk path /Users/magje/code/mods/jade-modded-entities/fabric/runs/client/saves/New World/region/c.-7.-7.mcc is not file
[21:00:44] [IO-Worker-2/WARN] (Minecraft) Chunk has both internal and external streams
[21:00:44] [IO-Worker-2/ERROR] (Minecraft) External chunk path /Users/magje/code/mods/jade-modded-entities/fabric/runs/client/saves/New World/region/c.-7.-6.mcc is not file
[21:00:44] [IO-Worker-5/WARN] (Minecraft) Chunk has both internal and external streams
[21:00:44] [IO-Worker-5/ERROR] (Minecraft) External chunk path /Users/magje/code/mods/jade-modded-entities/fabric/runs/client/saves/New World/region/c.-7.-5.mcc is not file
[21:00:44] [IO-Worker-3/WARN] (Minecraft) Chunk has both internal and external streams
[21:00:44] [IO-Worker-3/ERROR] (Minecraft) External chunk path /Users/magje/code/mods/jade-modded-entities/fabric/runs/client/saves/New World/region/c.-7.-4.mcc is not file
[21:00:44] [IO-Worker-2/WARN] (Minecraft) Chunk has both internal and external streams
[21:00:44] [IO-Worker-2/ERROR] (Minecraft) External chunk path /Users/magje/code/mods/jade-modded-entities/fabric/runs/client/saves/New World/region/c.-7.-3.mcc is not file
[21:00:44] [IO-Worker-5/WARN] (Minecraft) Chunk has both internal and external streams
[21:00:44] [IO-Worker-5/ERROR] (Minecraft) External chunk path /Users/magje/code/mods/jade-modded-entities/fabric/runs/client/saves/New World/region/c.-7.-2.mcc is not file
[21:00:44] [IO-Worker-3/WARN] (Minecraft) Chunk has both internal and external streams
[21:00:44] [IO-Worker-3/ERROR] (Minecraft) External chunk path /Users/magje/code/mods/jade-modded-entities/fabric/runs/client/saves/New World/region/c.-7.-1.mcc is not file
[21:00:44] [IO-Worker-2/ERROR] (Minecraft) Chunk [-7, 0] stream is truncated: expected 1298930630 but read 4091
[21:00:44] [IO-Worker-5/WARN] (Minecraft) Chunk has both internal and external streams
[21:00:44] [IO-Worker-5/ERROR] (Minecraft) External chunk path /Users/magje/code/mods/jade-modded-entities/fabric/runs/client/saves/New World/region/c.-7.1.mcc is not file
[21:00:44] [IO-Worker-3/ERROR] (Minecraft) Chunk [-7, 2] stream is truncated: expected 2023550364 but read 8187
[21:00:44] [IO-Worker-4/WARN] (Minecraft) Chunk has both internal and external streams
[21:00:44] [IO-Worker-4/ERROR] (Minecraft) External chunk path /Users/magje/code/mods/jade-modded-entities/fabric/runs/client/saves/New World/region/c.-7.3.mcc is not file
[21:00:44] [IO-Worker-2/WARN] (Minecraft) Chunk has both internal and external streams
[21:00:44] [IO-Worker-2/ERROR] (Minecraft) External chunk path /Users/magje/code/mods/jade-modded-entities/fabric/runs/client/saves/New World/region/c.-7.4.mcc is not file
[21:00:44] [IO-Worker-4/WARN] (Minecraft) Chunk has both internal and external streams
[21:00:44] [IO-Worker-4/ERROR] (Minecraft) External chunk path /Users/magje/code/mods/jade-modded-entities/fabric/runs/client/saves/New World/region/c.-7.5.mcc is not file
[21:00:44] [IO-Worker-2/WARN] (Minecraft) Chunk has both internal and external streams
[21:00:44] [IO-Worker-2/ERROR] (Minecraft) External chunk path /Users/magje/code/mods/jade-modded-entities/fabric/runs/client/saves/New World/region/c.-7.6.mcc is not file
[21:00:44] [IO-Worker-3/WARN] (Minecraft) Chunk has both internal and external streams
[21:00:44] [IO-Worker-3/ERROR] (Minecraft) External chunk path /Users/magje/code/mods/jade-modded-entities/fabric/runs/client/saves/New World/region/c.-7.7.mcc is not file
[21:00:44] [IO-Worker-4/WARN] (Minecraft) Chunk has both internal and external streams
[21:00:44] [IO-Worker-4/ERROR] (Minecraft) External chunk path /Users/magje/code/mods/jade-modded-entities/fabric/runs/client/saves/New World/region/c.-7.8.mcc is not file
[21:00:44] [IO-Worker-2/WARN] (Minecraft) Chunk has both internal and external streams
[21:00:44] [IO-Worker-2/ERROR] (Minecraft) External chunk path /Users/magje/code/mods/jade-modded-entities/fabric/runs/client/saves/New World/region/c.-7.9.mcc is not file
[21:00:44] [IO-Worker-5/ERROR] (Minecraft) Declared size -1662165537 of chunk [-6, -13] is negative
[21:00:44] [IO-Worker-4/ERROR] (Minecraft) Chunk [-6, -12] stream is truncated: expected 2023550300 but read 8187
[21:00:44] [IO-Worker-5/WARN] (Minecraft) Chunk has both internal and external streams
[21:00:44] [IO-Worker-5/ERROR] (Minecraft) External chunk path /Users/magje/code/mods/jade-modded-entities/fabric/runs/client/saves/New World/region/c.-6.-11.mcc is not file
[21:00:44] [IO-Worker-3/ERROR] (Minecraft) Chunk [-6, -9] stream is truncated: expected 1567365974 but read 8187
[21:00:44] [IO-Worker-5/WARN] (Minecraft) Chunk has both internal and external streams
[21:00:44] [IO-Worker-5/ERROR] (Minecraft) External chunk path /Users/magje/code/mods/jade-modded-entities/fabric/runs/client/saves/New World/region/c.-6.-8.mcc is not file
[21:00:44] [IO-Worker-3/WARN] (Minecraft) Chunk has both internal and external streams
[21:00:44] [IO-Worker-3/ERROR] (Minecraft) External chunk path /Users/magje/code/mods/jade-modded-entities/fabric/runs/client/saves/New World/region/c.-6.-7.mcc is not file
[21:00:44] [IO-Worker-5/WARN] (Minecraft) Chunk has both internal and external streams
[21:00:44] [IO-Worker-5/ERROR] (Minecraft) External chunk path /Users/magje/code/mods/jade-modded-entities/fabric/runs/client/saves/New World/region/c.-6.-6.mcc is not file
[21:00:44] [IO-Worker-2/WARN] (Minecraft) Chunk has both internal and external streams
[21:00:44] [IO-Worker-2/ERROR] (Minecraft) External chunk path /Users/magje/code/mods/jade-modded-entities/fabric/runs/client/saves/New World/region/c.-6.-5.mcc is not file
[21:00:44] [IO-Worker-3/ERROR] (Minecraft) Chunk [-6, -4] stream is truncated: expected 1443073 but read 8187
[21:00:44] [IO-Worker-2/WARN] (Minecraft) Chunk has both internal and external streams
[21:00:44] [IO-Worker-2/ERROR] (Minecraft) External chunk path /Users/magje/code/mods/jade-modded-entities/fabric/runs/client/saves/New World/region/c.-6.-3.mcc is not file
[21:00:44] [IO-Worker-3/WARN] (Minecraft) Chunk has both internal and external streams
[21:00:44] [IO-Worker-3/ERROR] (Minecraft) External chunk path /Users/magje/code/mods/jade-modded-entities/fabric/runs/client/saves/New World/region/c.-6.-2.mcc is not file
[21:00:44] [IO-Worker-4/WARN] (Minecraft) Chunk has both internal and external streams
[21:00:44] [IO-Worker-4/ERROR] (Minecraft) External chunk path /Users/magje/code/mods/jade-modded-entities/fabric/runs/client/saves/New World/region/c.-6.-1.mcc is not file
[21:00:44] [IO-Worker-3/WARN] (Minecraft) Chunk has both internal and external streams
[21:00:44] [IO-Worker-3/ERROR] (Minecraft) External chunk path /Users/magje/code/mods/jade-modded-entities/fabric/runs/client/saves/New World/region/c.-6.0.mcc is not file
[21:00:44] [IO-Worker-2/WARN] (Minecraft) Chunk has both internal and external streams
[21:00:44] [IO-Worker-2/ERROR] (Minecraft) External chunk path /Users/magje/code/mods/jade-modded-entities/fabric/runs/client/saves/New World/region/c.-6.1.mcc is not file
[21:00:44] [IO-Worker-5/WARN] (Minecraft) Chunk has both internal and external streams
[21:00:44] [IO-Worker-5/ERROR] (Minecraft) External chunk path /Users/magje/code/mods/jade-modded-entities/fabric/runs/client/saves/New World/region/c.-6.2.mcc is not file
[21:00:44] [IO-Worker-4/WARN] (Minecraft) Chunk has both internal and external streams
[21:00:44] [IO-Worker-4/ERROR] (Minecraft) External chunk path /Users/magje/code/mods/jade-modded-entities/fabric/runs/client/saves/New World/region/c.-6.3.mcc is not file
[21:00:44] [IO-Worker-2/WARN] (Minecraft) Chunk has both internal and external streams
[21:00:44] [IO-Worker-2/ERROR] (Minecraft) External chunk path /Users/magje/code/mods/jade-modded-entities/fabric/runs/client/saves/New World/region/c.-6.4.mcc is not file
[21:00:44] [IO-Worker-5/WARN] (Minecraft) Chunk has both internal and external streams
[21:00:44] [IO-Worker-5/ERROR] (Minecraft) External chunk path /Users/magje/code/mods/jade-modded-entities/fabric/runs/client/saves/New World/region/c.-6.5.mcc is not file
[21:00:44] [IO-Worker-2/WARN] (Minecraft) Chunk has both internal and external streams
[21:00:44] [IO-Worker-2/ERROR] (Minecraft) External chunk path /Users/magje/code/mods/jade-modded-entities/fabric/runs/client/saves/New World/region/c.-6.6.mcc is not file
[21:00:44] [IO-Worker-3/WARN] (Minecraft) Chunk has both internal and external streams
[21:00:44] [IO-Worker-3/ERROR] (Minecraft) External chunk path /Users/magje/code/mods/jade-modded-entities/fabric/runs/client/saves/New World/region/c.-6.7.mcc is not file
[21:00:44] [IO-Worker-5/WARN] (Minecraft) Chunk has both internal and external streams
[21:00:44] [IO-Worker-5/ERROR] (Minecraft) External chunk path /Users/magje/code/mods/jade-modded-entities/fabric/runs/client/saves/New World/region/c.-6.8.mcc is not file
[21:00:44] [IO-Worker-2/WARN] (Minecraft) Chunk has both internal and external streams
[21:00:44] [IO-Worker-2/ERROR] (Minecraft) External chunk path /Users/magje/code/mods/jade-modded-entities/fabric/runs/client/saves/New World/region/c.-6.9.mcc is not file
[21:00:44] [IO-Worker-5/ERROR] (Minecraft) Chunk [-5, -13] stream is truncated: expected 1567365974 but read 8187
[21:00:44] [IO-Worker-3/ERROR] (Minecraft) Declared size -1662149297 of chunk [-5, -12] is negative
[21:00:44] [IO-Worker-2/ERROR] (Minecraft) Chunk [-5, -11] stream is truncated: expected 41458924 but read 8187
[21:00:44] [IO-Worker-3/WARN] (Minecraft) Chunk has both internal and external streams
[21:00:44] [IO-Worker-3/ERROR] (Minecraft) External chunk path /Users/magje/code/mods/jade-modded-entities/fabric/runs/client/saves/New World/region/c.-5.-10.mcc is not file
[21:00:44] [IO-Worker-5/WARN] (Minecraft) Chunk has both internal and external streams
[21:00:44] [IO-Worker-5/ERROR] (Minecraft) External chunk path /Users/magje/code/mods/jade-modded-entities/fabric/runs/client/saves/New World/region/c.-5.-9.mcc is not file
[21:00:44] [IO-Worker-4/WARN] (Minecraft) Chunk has both internal and external streams
[21:00:44] [IO-Worker-4/ERROR] (Minecraft) External chunk path /Users/magje/code/mods/jade-modded-entities/fabric/runs/client/saves/New World/region/c.-5.-8.mcc is not file
[21:00:44] [IO-Worker-2/ERROR] (Minecraft) Chunk [-5, -3] stream is truncated: expected 1527297 but read 8187
[21:00:44] [IO-Worker-3/WARN] (Minecraft) Chunk has both internal and external streams
[21:00:44] [IO-Worker-3/ERROR] (Minecraft) External chunk path /Users/magje/code/mods/jade-modded-entities/fabric/runs/client/saves/New World/region/c.-5.-2.mcc is not file
[21:00:44] [IO-Worker-5/WARN] (Minecraft) Chunk has both internal and external streams
[21:00:44] [IO-Worker-5/ERROR] (Minecraft) External chunk path /Users/magje/code/mods/jade-modded-entities/fabric/runs/client/saves/New World/region/c.-5.-1.mcc is not file
[21:00:44] [IO-Worker-4/ERROR] (Minecraft) Declared size -812704823 of chunk [-5, 0] is negative
[21:00:44] [IO-Worker-5/WARN] (Minecraft) Chunk has both internal and external streams
[21:00:44] [IO-Worker-5/ERROR] (Minecraft) External chunk path /Users/magje/code/mods/jade-modded-entities/fabric/runs/client/saves/New World/region/c.-5.1.mcc is not file
[21:00:44] [IO-Worker-2/WARN] (Minecraft) Chunk has both internal and external streams
[21:00:44] [IO-Worker-2/ERROR] (Minecraft) External chunk path /Users/magje/code/mods/jade-modded-entities/fabric/runs/client/saves/New World/region/c.-5.2.mcc is not file
[21:00:44] [IO-Worker-4/WARN] (Minecraft) Chunk has both internal and external streams
[21:00:44] [IO-Worker-4/ERROR] (Minecraft) External chunk path /Users/magje/code/mods/jade-modded-entities/fabric/runs/client/saves/New World/region/c.-5.3.mcc is not file
[21:00:44] [IO-Worker-2/ERROR] (Minecraft) Chunk [-5, 4] stream is truncated: expected 1088513 but read 8187
[21:00:44] [IO-Worker-1/WARN] (Minecraft) Chunk has both internal and external streams
[21:00:44] [IO-Worker-1/ERROR] (Minecraft) External chunk path /Users/magje/code/mods/jade-modded-entities/fabric/runs/client/saves/New World/region/c.-5.5.mcc is not file
[21:00:44] [IO-Worker-4/WARN] (Minecraft) Chunk has both internal and external streams
[21:00:44] [IO-Worker-4/ERROR] (Minecraft) External chunk path /Users/magje/code/mods/jade-modded-entities/fabric/runs/client/saves/New World/region/c.-5.6.mcc is not file
[21:00:44] [IO-Worker-1/WARN] (Minecraft) Chunk has both internal and external streams
[21:00:44] [IO-Worker-1/ERROR] (Minecraft) External chunk path /Users/magje/code/mods/jade-modded-entities/fabric/runs/client/saves/New World/region/c.-5.7.mcc is not file
[21:00:44] [IO-Worker-3/WARN] (Minecraft) Chunk has both internal and external streams
[21:00:44] [IO-Worker-3/ERROR] (Minecraft) External chunk path /Users/magje/code/mods/jade-modded-entities/fabric/runs/client/saves/New World/region/c.-5.8.mcc is not file
[21:00:44] [IO-Worker-1/WARN] (Minecraft) Chunk has both internal and external streams
[21:00:44] [IO-Worker-1/ERROR] (Minecraft) External chunk path /Users/magje/code/mods/jade-modded-entities/fabric/runs/client/saves/New World/region/c.-5.9.mcc is not file
[21:00:44] [IO-Worker-2/WARN] (Minecraft) Chunk has both internal and external streams
[21:00:44] [IO-Worker-2/ERROR] (Minecraft) External chunk path /Users/magje/code/mods/jade-modded-entities/fabric/runs/client/saves/New World/region/c.-4.-13.mcc is not file
[21:00:44] [IO-Worker-1/WARN] (Minecraft) Chunk has both internal and external streams
[21:00:44] [IO-Worker-1/ERROR] (Minecraft) External chunk path /Users/magje/code/mods/jade-modded-entities/fabric/runs/client/saves/New World/region/c.-4.-12.mcc is not file
[21:00:44] [IO-Worker-4/WARN] (Minecraft) Chunk has both internal and external streams
[21:00:44] [IO-Worker-4/ERROR] (Minecraft) External chunk path /Users/magje/code/mods/jade-modded-entities/fabric/runs/client/saves/New World/region/c.-4.-11.mcc is not file
[21:00:44] [IO-Worker-2/ERROR] (Minecraft) Chunk [-4, -10] stream is truncated: expected 2023550364 but read 8187
[21:00:44] [IO-Worker-3/ERROR] (Minecraft) Chunk [-4, -9] stream is truncated: expected 2023550364 but read 8187
[21:00:44] [IO-Worker-1/WARN] (Minecraft) Chunk has both internal and external streams
[21:00:44] [IO-Worker-1/ERROR] (Minecraft) External chunk path /Users/magje/code/mods/jade-modded-entities/fabric/runs/client/saves/New World/region/c.-4.-8.mcc is not file
[21:00:44] [IO-Worker-3/ERROR] (Minecraft) Chunk [-4, -7] stream is truncated: expected 1976037199 but read 8187
[21:00:44] [IO-Worker-1/WARN] (Minecraft) Chunk has both internal and external streams
[21:00:44] [IO-Worker-1/ERROR] (Minecraft) External chunk path /Users/magje/code/mods/jade-modded-entities/fabric/runs/client/saves/New World/region/c.-4.-6.mcc is not file
[21:00:44] [IO-Worker-3/WARN] (Minecraft) Chunk has both internal and external streams
[21:00:44] [IO-Worker-3/ERROR] (Minecraft) External chunk path /Users/magje/code/mods/jade-modded-entities/fabric/runs/client/saves/New World/region/c.-4.-1.mcc is not file
[21:00:44] [IO-Worker-3/WARN] (Minecraft) Chunk has both internal and external streams
[21:00:44] [IO-Worker-3/ERROR] (Minecraft) External chunk path /Users/magje/code/mods/jade-modded-entities/fabric/runs/client/saves/New World/region/c.-4.1.mcc is not file
[21:00:44] [IO-Worker-2/ERROR] (Minecraft) Chunk [-4, 4] stream is truncated: expected 1298930630 but read 8187
[21:00:44] [IO-Worker-3/ERROR] (Minecraft) Declared size -1662149297 of chunk [-4, 5] is negative
[21:00:44] [IO-Worker-3/ERROR] (Minecraft) Chunk [-4, 7] stream is truncated: expected 928769 but read 4091
[21:00:44] [IO-Worker-2/WARN] (Minecraft) Chunk has both internal and external streams
[21:00:44] [IO-Worker-2/ERROR] (Minecraft) External chunk path /Users/magje/code/mods/jade-modded-entities/fabric/runs/client/saves/New World/region/c.-4.8.mcc is not file
[21:00:44] [IO-Worker-3/WARN] (Minecraft) Chunk has both internal and external streams
[21:00:44] [IO-Worker-3/ERROR] (Minecraft) External chunk path /Users/magje/code/mods/jade-modded-entities/fabric/runs/client/saves/New World/region/c.-4.9.mcc is not file
[21:00:44] [IO-Worker-2/ERROR] (Minecraft) Chunk [-3, -13] stream is truncated: expected 1265376342 but read 8187
[21:00:44] [IO-Worker-3/ERROR] (Minecraft) Declared size -1662165649 of chunk [-3, -12] is negative
[21:00:44] [IO-Worker-2/WARN] (Minecraft) Chunk has both internal and external streams
[21:00:44] [IO-Worker-2/ERROR] (Minecraft) External chunk path /Users/magje/code/mods/jade-modded-entities/fabric/runs/client/saves/New World/region/c.-3.-11.mcc is not file
[21:00:44] [IO-Worker-3/WARN] (Minecraft) Chunk has both internal and external streams
[21:00:44] [IO-Worker-3/ERROR] (Minecraft) External chunk path /Users/magje/code/mods/jade-modded-entities/fabric/runs/client/saves/New World/region/c.-3.-10.mcc is not file
[21:00:44] [IO-Worker-2/WARN] (Minecraft) Chunk has both internal and external streams
[21:00:44] [IO-Worker-2/ERROR] (Minecraft) External chunk path /Users/magje/code/mods/jade-modded-entities/fabric/runs/client/saves/New World/region/c.-3.-9.mcc is not file
[21:00:44] [IO-Worker-3/WARN] (Minecraft) Chunk has both internal and external streams
[21:00:44] [IO-Worker-3/ERROR] (Minecraft) External chunk path /Users/magje/code/mods/jade-modded-entities/fabric/runs/client/saves/New World/region/c.-3.-8.mcc is not file
[21:00:44] [IO-Worker-3/WARN] (Minecraft) Chunk has both internal and external streams
[21:00:44] [IO-Worker-3/ERROR] (Minecraft) External chunk path /Users/magje/code/mods/jade-modded-entities/fabric/runs/client/saves/New World/region/c.-3.-6.mcc is not file
[21:00:44] [IO-Worker-2/ERROR] (Minecraft) Chunk [-3, -3] stream is truncated: expected 1269761 but read 8187
[21:00:44] [IO-Worker-3/ERROR] (Minecraft) Chunk [-3, -2] stream is truncated: expected 1240065 but read 8187
[21:00:44] [IO-Worker-2/ERROR] (Minecraft) Chunk [-3, -1] stream is truncated: expected 1140993 but read 8187
[21:00:44] [IO-Worker-3/WARN] (Minecraft) Chunk has both internal and external streams
[21:00:44] [IO-Worker-3/ERROR] (Minecraft) External chunk path /Users/magje/code/mods/jade-modded-entities/fabric/runs/client/saves/New World/region/c.-3.0.mcc is not file
[21:00:44] [IO-Worker-2/WARN] (Minecraft) Chunk has both internal and external streams
[21:00:44] [IO-Worker-2/ERROR] (Minecraft) External chunk path /Users/magje/code/mods/jade-modded-entities/fabric/runs/client/saves/New World/region/c.-3.1.mcc is not file
[21:00:44] [IO-Worker-3/WARN] (Minecraft) Chunk has both internal and external streams
[21:00:44] [IO-Worker-3/ERROR] (Minecraft) External chunk path /Users/magje/code/mods/jade-modded-entities/fabric/runs/client/saves/New World/region/c.-3.2.mcc is not file
[21:00:44] [IO-Worker-2/WARN] (Minecraft) Chunk has both internal and external streams
[21:00:44] [IO-Worker-2/ERROR] (Minecraft) External chunk path /Users/magje/code/mods/jade-modded-entities/fabric/runs/client/saves/New World/region/c.-3.3.mcc is not file
[21:00:44] [IO-Worker-3/WARN] (Minecraft) Chunk has both internal and external streams
[21:00:44] [IO-Worker-3/ERROR] (Minecraft) External chunk path /Users/magje/code/mods/jade-modded-entities/fabric/runs/client/saves/New World/region/c.-3.4.mcc is not file
[21:00:44] [IO-Worker-3/ERROR] (Minecraft) Chunk [-3, 6] stream is truncated: expected 1035777 but read 4091
[21:00:44] [IO-Worker-2/ERROR] (Minecraft) Chunk [-3, 7] stream is truncated: expected 888065 but read 4091
[21:00:44] [IO-Worker-3/WARN] (Minecraft) Chunk has both internal and external streams
[21:00:44] [IO-Worker-3/ERROR] (Minecraft) External chunk path /Users/magje/code/mods/jade-modded-entities/fabric/runs/client/saves/New World/region/c.-3.8.mcc is not file
[21:00:44] [IO-Worker-2/WARN] (Minecraft) Chunk has both internal and external streams
[21:00:44] [IO-Worker-2/ERROR] (Minecraft) External chunk path /Users/magje/code/mods/jade-modded-entities/fabric/runs/client/saves/New World/region/c.-3.9.mcc is not file
[21:00:44] [IO-Worker-3/WARN] (Minecraft) Chunk has both internal and external streams
[21:00:44] [IO-Worker-3/ERROR] (Minecraft) External chunk path /Users/magje/code/mods/jade-modded-entities/fabric/runs/client/saves/New World/region/c.-2.-13.mcc is not file
[21:00:44] [IO-Worker-2/ERROR] (Minecraft) Chunk [-2, -12] stream is truncated: expected 1574792986 but read 8187
[21:00:44] [IO-Worker-3/ERROR] (Minecraft) Chunk [-2, -11] stream is truncated: expected 2023550300 but read 8187
[21:00:44] [IO-Worker-2/WARN] (Minecraft) Chunk has both internal and external streams
[21:00:44] [IO-Worker-2/ERROR] (Minecraft) External chunk path /Users/magje/code/mods/jade-modded-entities/fabric/runs/client/saves/New World/region/c.-2.-10.mcc is not file
[21:00:44] [IO-Worker-3/WARN] (Minecraft) Chunk has both internal and external streams
[21:00:44] [IO-Worker-3/ERROR] (Minecraft) External chunk path /Users/magje/code/mods/jade-modded-entities/fabric/runs/client/saves/New World/region/c.-2.-9.mcc is not file
[21:00:44] [IO-Worker-2/WARN] (Minecraft) Chunk has both internal and external streams
[21:00:44] [IO-Worker-2/ERROR] (Minecraft) External chunk path /Users/magje/code/mods/jade-modded-entities/fabric/runs/client/saves/New World/region/c.-2.-6.mcc is not file
[21:00:44] [IO-Worker-3/ERROR] (Minecraft) Chunk [-2, -5] stream is truncated: expected 1433847790 but read 8187
[21:00:44] [IO-Worker-2/WARN] (Minecraft) Chunk has both internal and external streams
[21:00:44] [IO-Worker-2/ERROR] (Minecraft) External chunk path /Users/magje/code/mods/jade-modded-entities/fabric/runs/client/saves/New World/region/c.-2.5.mcc is not file
[21:00:44] [IO-Worker-3/ERROR] (Minecraft) Chunk [-2, 6] stream is truncated: expected 1042177 but read 4091
[21:00:44] [IO-Worker-2/ERROR] (Minecraft) Chunk [-2, 7] stream is truncated: expected 799233 but read 4091
[21:00:44] [IO-Worker-3/WARN] (Minecraft) Chunk has both internal and external streams
[21:00:44] [IO-Worker-3/ERROR] (Minecraft) External chunk path /Users/magje/code/mods/jade-modded-entities/fabric/runs/client/saves/New World/region/c.-2.8.mcc is not file
[21:00:44] [IO-Worker-2/WARN] (Minecraft) Chunk has both internal and external streams
[21:00:44] [IO-Worker-2/ERROR] (Minecraft) External chunk path /Users/magje/code/mods/jade-modded-entities/fabric/runs/client/saves/New World/region/c.-2.9.mcc is not file
[21:00:44] [IO-Worker-3/ERROR] (Minecraft) Chunk [-1, -13] stream is truncated: expected 457668294 but read 8187
[21:00:44] [IO-Worker-2/ERROR] (Minecraft) Chunk [-1, -12] stream is truncated: expected 1299192806 but read 8187
[21:00:44] [IO-Worker-3/ERROR] (Minecraft) Chunk [-1, -11] stream is truncated: expected 2023550364 but read 8187
[21:00:44] [IO-Worker-2/WARN] (Minecraft) Chunk has both internal and external streams
[21:00:44] [IO-Worker-2/ERROR] (Minecraft) External chunk path /Users/magje/code/mods/jade-modded-entities/fabric/runs/client/saves/New World/region/c.-1.-10.mcc is not file
[21:00:44] [IO-Worker-3/WARN] (Minecraft) Chunk has both internal and external streams
[21:00:44] [IO-Worker-3/ERROR] (Minecraft) External chunk path /Users/magje/code/mods/jade-modded-entities/fabric/runs/client/saves/New World/region/c.-1.-9.mcc is not file
[21:00:44] [IO-Worker-3/ERROR] (Minecraft) Chunk [-1, -7] stream is truncated: expected 2023550300 but read 8187
[21:00:44] [IO-Worker-2/ERROR] (Minecraft) Chunk [-1, -6] stream is truncated: expected 2023550300 but read 8187
[21:00:44] [IO-Worker-3/ERROR] (Minecraft) Chunk [-1, -5] stream is truncated: expected 2023550363 but read 8187
[21:00:44] [IO-Worker-3/ERROR] (Minecraft) Chunk [-1, 6] stream is truncated: expected 866049 but read 4091
[21:00:44] [IO-Worker-2/ERROR] (Minecraft) Chunk [-1, 7] stream is truncated: expected 957185 but read 4091
[21:00:44] [IO-Worker-3/WARN] (Minecraft) Chunk has both internal and external streams
[21:00:44] [IO-Worker-3/ERROR] (Minecraft) External chunk path /Users/magje/code/mods/jade-modded-entities/fabric/runs/client/saves/New World/region/c.-1.8.mcc is not file
[21:00:44] [IO-Worker-2/ERROR] (Minecraft) Chunk [-1, 9] stream is truncated: expected 41458924 but read 4091
[21:00:44] [IO-Worker-3/WARN] (Minecraft) Chunk has both internal and external streams
[21:00:44] [IO-Worker-3/ERROR] (Minecraft) External chunk path /Users/magje/code/mods/jade-modded-entities/fabric/runs/client/saves/New World/region/c.0.-13.mcc is not file
[21:00:44] [IO-Worker-2/WARN] (Minecraft) Chunk has both internal and external streams
[21:00:44] [IO-Worker-2/ERROR] (Minecraft) External chunk path /Users/magje/code/mods/jade-modded-entities/fabric/runs/client/saves/New World/region/c.0.-12.mcc is not file
[21:00:44] [IO-Worker-3/ERROR] (Minecraft) Declared size -1708716643 of chunk [0, -11] is negative
[21:00:44] [IO-Worker-2/ERROR] (Minecraft) Chunk [0, -10] stream is truncated: expected 1063724114 but read 8187
[21:00:44] [IO-Worker-3/ERROR] (Minecraft) Declared size -38787685 of chunk [0, -9] is negative
[21:00:44] [IO-Worker-2/ERROR] (Minecraft) Declared size -953203222 of chunk [0, -8] is negative
[21:00:44] [IO-Worker-3/WARN] (Minecraft) Chunk has both internal and external streams
[21:00:44] [IO-Worker-3/ERROR] (Minecraft) External chunk path /Users/magje/code/mods/jade-modded-entities/fabric/runs/client/saves/New World/region/c.0.-7.mcc is not file
[21:00:44] [IO-Worker-2/ERROR] (Minecraft) Chunk [0, -6] stream is truncated: expected 1408371748 but read 8187
[21:00:44] [IO-Worker-3/ERROR] (Minecraft) Chunk [0, -5] stream is truncated: expected 626611831 but read 8187
[21:00:44] [IO-Worker-2/ERROR] (Minecraft) Chunk [0, 5] stream is truncated: expected 970241 but read 4091
[21:00:44] [IO-Worker-3/WARN] (Minecraft) Chunk has both internal and external streams
[21:00:44] [IO-Worker-3/ERROR] (Minecraft) External chunk path /Users/magje/code/mods/jade-modded-entities/fabric/runs/client/saves/New World/region/c.0.6.mcc is not file
[21:00:44] [IO-Worker-2/ERROR] (Minecraft) Chunk [0, 7] stream is truncated: expected 2023550364 but read 8187
[21:00:44] [IO-Worker-3/WARN] (Minecraft) Chunk has both internal and external streams
[21:00:44] [IO-Worker-3/ERROR] (Minecraft) External chunk path /Users/magje/code/mods/jade-modded-entities/fabric/runs/client/saves/New World/region/c.0.8.mcc is not file
[21:00:44] [IO-Worker-2/ERROR] (Minecraft) Declared size -1931753963 of chunk [0, 9] is negative
[21:00:44] [IO-Worker-3/ERROR] (Minecraft) Chunk [1, -13] stream is truncated: expected 1243393 but read 8187
[21:00:44] [IO-Worker-2/WARN] (Minecraft) Chunk has both internal and external streams
[21:00:44] [IO-Worker-2/ERROR] (Minecraft) External chunk path /Users/magje/code/mods/jade-modded-entities/fabric/runs/client/saves/New World/region/c.1.-12.mcc is not file
[21:00:44] [IO-Worker-3/ERROR] (Minecraft) Declared size -1119661135 of chunk [1, -11] is negative
[21:00:44] [IO-Worker-2/WARN] (Minecraft) Chunk has both internal and external streams
[21:00:44] [IO-Worker-2/ERROR] (Minecraft) External chunk path /Users/magje/code/mods/jade-modded-entities/fabric/runs/client/saves/New World/region/c.1.-10.mcc is not file
[21:00:44] [IO-Worker-3/ERROR] (Minecraft) Chunk [1, -9] stream is truncated: expected 1902953770 but read 8187
[21:00:44] [IO-Worker-2/ERROR] (Minecraft) Declared size -1158791908 of chunk [1, -8] is negative
[21:00:44] [IO-Worker-3/ERROR] (Minecraft) Declared size -1081139438 of chunk [1, -7] is negative
[21:00:44] [IO-Worker-2/WARN] (Minecraft) Chunk has both internal and external streams
[21:00:44] [IO-Worker-2/ERROR] (Minecraft) External chunk path /Users/magje/code/mods/jade-modded-entities/fabric/runs/client/saves/New World/region/c.1.-6.mcc is not file
[21:00:44] [IO-Worker-3/WARN] (Minecraft) Chunk has both internal and external streams
[21:00:44] [IO-Worker-3/ERROR] (Minecraft) External chunk path /Users/magje/code/mods/jade-modded-entities/fabric/runs/client/saves/New World/region/c.1.-5.mcc is not file
[21:00:44] [IO-Worker-2/WARN] (Minecraft) Chunk has both internal and external streams
[21:00:44] [IO-Worker-2/ERROR] (Minecraft) External chunk path /Users/magje/code/mods/jade-modded-entities/fabric/runs/client/saves/New World/region/c.1.5.mcc is not file
[21:00:44] [IO-Worker-3/WARN] (Minecraft) Chunk has both internal and external streams
[21:00:44] [IO-Worker-3/ERROR] (Minecraft) External chunk path /Users/magje/code/mods/jade-modded-entities/fabric/runs/client/saves/New World/region/c.1.6.mcc is not file
[21:00:44] [IO-Worker-2/ERROR] (Minecraft) Chunk [1, 7] stream is truncated: expected 2023550299 but read 8187
[21:00:44] [IO-Worker-3/ERROR] (Minecraft) Chunk [1, 8] stream is truncated: expected 41458924 but read 8187
[21:00:44] [IO-Worker-2/WARN] (Minecraft) Chunk has both internal and external streams
[21:00:44] [IO-Worker-2/ERROR] (Minecraft) External chunk path /Users/magje/code/mods/jade-modded-entities/fabric/runs/client/saves/New World/region/c.1.9.mcc is not file
[21:00:44] [IO-Worker-3/ERROR] (Minecraft) Chunk [2, -13] stream is truncated: expected 41458924 but read 8187
[21:00:44] [IO-Worker-2/WARN] (Minecraft) Chunk has both internal and external streams
[21:00:44] [IO-Worker-2/ERROR] (Minecraft) External chunk path /Users/magje/code/mods/jade-modded-entities/fabric/runs/client/saves/New World/region/c.2.-12.mcc is not file
[21:00:44] [IO-Worker-3/WARN] (Minecraft) Chunk has both internal and external streams
[21:00:44] [IO-Worker-3/ERROR] (Minecraft) External chunk path /Users/magje/code/mods/jade-modded-entities/fabric/runs/client/saves/New World/region/c.2.-11.mcc is not file
[21:00:44] [IO-Worker-2/ERROR] (Minecraft) Chunk [2, -10] stream is truncated: expected 1019834988 but read 8187
[21:00:44] [IO-Worker-3/WARN] (Minecraft) Chunk has both internal and external streams
[21:00:44] [IO-Worker-3/ERROR] (Minecraft) External chunk path /Users/magje/code/mods/jade-modded-entities/fabric/runs/client/saves/New World/region/c.2.-9.mcc is not file
[21:00:44] [IO-Worker-2/ERROR] (Minecraft) Declared size -1829955110 of chunk [2, -8] is negative
[21:00:44] [IO-Worker-3/ERROR] (Minecraft) Declared size -941677745 of chunk [2, -7] is negative
[21:00:44] [IO-Worker-2/WARN] (Minecraft) Chunk has both internal and external streams
[21:00:44] [IO-Worker-2/ERROR] (Minecraft) External chunk path /Users/magje/code/mods/jade-modded-entities/fabric/runs/client/saves/New World/region/c.2.-6.mcc is not file
[21:00:44] [IO-Worker-3/ERROR] (Minecraft) Declared size -910747302 of chunk [2, -5] is negative
[21:00:44] [IO-Worker-2/WARN] (Minecraft) Chunk has both internal and external streams
[21:00:44] [IO-Worker-2/ERROR] (Minecraft) External chunk path /Users/magje/code/mods/jade-modded-entities/fabric/runs/client/saves/New World/region/c.2.5.mcc is not file
[21:00:44] [IO-Worker-3/ERROR] (Minecraft) Chunk [2, 6] stream is truncated: expected 41458924 but read 4091
[21:00:44] [IO-Worker-2/ERROR] (Minecraft) Chunk [2, 7] stream is truncated: expected 902401 but read 4091
[21:00:44] [IO-Worker-3/WARN] (Minecraft) Chunk has both internal and external streams
[21:00:44] [IO-Worker-3/ERROR] (Minecraft) External chunk path /Users/magje/code/mods/jade-modded-entities/fabric/runs/client/saves/New World/region/c.2.8.mcc is not file
[21:00:44] [IO-Worker-2/WARN] (Minecraft) Chunk has both internal and external streams
[21:00:44] [IO-Worker-2/ERROR] (Minecraft) External chunk path /Users/magje/code/mods/jade-modded-entities/fabric/runs/client/saves/New World/region/c.2.9.mcc is not file
[21:00:44] [IO-Worker-3/WARN] (Minecraft) Chunk has both internal and external streams
[21:00:44] [IO-Worker-3/ERROR] (Minecraft) External chunk path /Users/magje/code/mods/jade-modded-entities/fabric/runs/client/saves/New World/region/c.3.-13.mcc is not file
[21:00:44] [IO-Worker-2/ERROR] (Minecraft) Chunk [3, -12] stream is truncated: expected 1261398675 but read 8187
[21:00:44] [IO-Worker-3/WARN] (Minecraft) Chunk has both internal and external streams
[21:00:44] [IO-Worker-3/ERROR] (Minecraft) External chunk path /Users/magje/code/mods/jade-modded-entities/fabric/runs/client/saves/New World/region/c.3.-11.mcc is not file
[21:00:44] [IO-Worker-2/ERROR] (Minecraft) Chunk [3, -10] stream is truncated: expected 751800467 but read 8187
[21:00:44] [IO-Worker-3/ERROR] (Minecraft) Chunk [3, -9] stream is truncated: expected 1137421923 but read 8187
[21:00:44] [IO-Worker-2/ERROR] (Minecraft) Declared size -291909169 of chunk [3, -8] is negative
[21:00:44] [IO-Worker-3/ERROR] (Minecraft) Chunk [3, -7] stream is truncated: expected 636826946 but read 8187
[21:00:44] [IO-Worker-2/ERROR] (Minecraft) Declared size -20399340 of chunk [3, -6] is negative
[21:00:44] [IO-Worker-3/WARN] (Minecraft) Chunk has both internal and external streams
[21:00:44] [IO-Worker-3/ERROR] (Minecraft) External chunk path /Users/magje/code/mods/jade-modded-entities/fabric/runs/client/saves/New World/region/c.3.-5.mcc is not file
[21:00:44] [IO-Worker-2/ERROR] (Minecraft) Declared size -940605812 of chunk [3, 5] is negative
[21:00:44] [IO-Worker-3/ERROR] (Minecraft) Chunk [3, 6] stream is truncated: expected 41458924 but read 8187
[21:00:44] [IO-Worker-2/WARN] (Minecraft) Chunk has both internal and external streams
[21:00:44] [IO-Worker-2/ERROR] (Minecraft) External chunk path /Users/magje/code/mods/jade-modded-entities/fabric/runs/client/saves/New World/region/c.3.7.mcc is not file
[21:00:44] [IO-Worker-3/ERROR] (Minecraft) Chunk [3, 8] stream is truncated: expected 1038849 but read 4091
[21:00:44] [IO-Worker-2/ERROR] (Minecraft) Chunk [3, 9] stream is truncated: expected 1869372374 but read 8187
[21:00:44] [IO-Worker-3/ERROR] (Minecraft) Declared size -729504560 of chunk [4, -13] is negative
[21:00:44] [IO-Worker-2/ERROR] (Minecraft) Chunk [4, -12] stream is truncated: expected 41458924 but read 4091
[21:00:44] [IO-Worker-3/WARN] (Minecraft) Chunk has both internal and external streams
[21:00:44] [IO-Worker-3/ERROR] (Minecraft) External chunk path /Users/magje/code/mods/jade-modded-entities/fabric/runs/client/saves/New World/region/c.4.-11.mcc is not file
[21:00:44] [IO-Worker-2/WARN] (Minecraft) Chunk has both internal and external streams
[21:00:44] [IO-Worker-2/ERROR] (Minecraft) External chunk path /Users/magje/code/mods/jade-modded-entities/fabric/runs/client/saves/New World/region/c.4.-10.mcc is not file
[21:00:44] [IO-Worker-3/WARN] (Minecraft) Chunk has both internal and external streams
[21:00:44] [IO-Worker-3/ERROR] (Minecraft) External chunk path /Users/magje/code/mods/jade-modded-entities/fabric/runs/client/saves/New World/region/c.4.-9.mcc is not file
[21:00:44] [IO-Worker-2/ERROR] (Minecraft) Declared size -245135710 of chunk [4, -8] is negative
[21:00:44] [IO-Worker-3/WARN] (Minecraft) Chunk has both internal and external streams
[21:00:44] [IO-Worker-3/ERROR] (Minecraft) External chunk path /Users/magje/code/mods/jade-modded-entities/fabric/runs/client/saves/New World/region/c.4.-7.mcc is not file
[21:00:44] [IO-Worker-2/WARN] (Minecraft) Chunk has both internal and external streams
[21:00:44] [IO-Worker-2/ERROR] (Minecraft) External chunk path /Users/magje/code/mods/jade-modded-entities/fabric/runs/client/saves/New World/region/c.4.-6.mcc is not file
[21:00:44] [IO-Worker-3/ERROR] (Minecraft) Declared size -917992782 of chunk [4, -5] is negative
[21:00:44] [IO-Worker-2/WARN] (Minecraft) Chunk has both internal and external streams
[21:00:44] [IO-Worker-2/ERROR] (Minecraft) External chunk path /Users/magje/code/mods/jade-modded-entities/fabric/runs/client/saves/New World/region/c.4.5.mcc is not file
[21:00:44] [IO-Worker-3/ERROR] (Minecraft) Chunk [4, 6] stream is truncated: expected 41458924 but read 4091
[21:00:44] [IO-Worker-2/WARN] (Minecraft) Chunk has both internal and external streams
[21:00:44] [IO-Worker-2/ERROR] (Minecraft) External chunk path /Users/magje/code/mods/jade-modded-entities/fabric/runs/client/saves/New World/region/c.4.7.mcc is not file
[21:00:44] [IO-Worker-3/WARN] (Minecraft) Chunk has both internal and external streams
[21:00:44] [IO-Worker-3/ERROR] (Minecraft) External chunk path /Users/magje/code/mods/jade-modded-entities/fabric/runs/client/saves/New World/region/c.4.8.mcc is not file
[21:00:44] [IO-Worker-2/WARN] (Minecraft) Chunk has both internal and external streams
[21:00:44] [IO-Worker-2/ERROR] (Minecraft) External chunk path /Users/magje/code/mods/jade-modded-entities/fabric/runs/client/saves/New World/region/c.4.9.mcc is not file
[21:00:44] [IO-Worker-3/WARN] (Minecraft) Chunk has both internal and external streams
[21:00:44] [IO-Worker-3/ERROR] (Minecraft) External chunk path /Users/magje/code/mods/jade-modded-entities/fabric/runs/client/saves/New World/region/c.5.-13.mcc is not file
[21:00:44] [IO-Worker-2/WARN] (Minecraft) Chunk has both internal and external streams
[21:00:44] [IO-Worker-2/ERROR] (Minecraft) External chunk path /Users/magje/code/mods/jade-modded-entities/fabric/runs/client/saves/New World/region/c.5.-12.mcc is not file
[21:00:44] [IO-Worker-3/ERROR] (Minecraft) Chunk [5, -11] stream is truncated: expected 1951603304 but read 8187
[21:00:44] [IO-Worker-2/ERROR] (Minecraft) Chunk [5, -10] stream is truncated: expected 1572776083 but read 8187
[21:00:44] [IO-Worker-3/WARN] (Minecraft) Chunk has both internal and external streams
[21:00:44] [IO-Worker-3/ERROR] (Minecraft) External chunk path /Users/magje/code/mods/jade-modded-entities/fabric/runs/client/saves/New World/region/c.5.-9.mcc is not file
[21:00:44] [IO-Worker-2/WARN] (Minecraft) Chunk has both internal and external streams
[21:00:44] [IO-Worker-2/ERROR] (Minecraft) External chunk path /Users/magje/code/mods/jade-modded-entities/fabric/runs/client/saves/New World/region/c.5.-8.mcc is not file
[21:00:44] [IO-Worker-3/WARN] (Minecraft) Chunk has both internal and external streams
[21:00:44] [IO-Worker-3/ERROR] (Minecraft) External chunk path /Users/magje/code/mods/jade-modded-entities/fabric/runs/client/saves/New World/region/c.5.-7.mcc is not file
[21:00:44] [IO-Worker-2/ERROR] (Minecraft) Declared size -308453524 of chunk [5, -6] is negative
[21:00:44] [IO-Worker-3/ERROR] (Minecraft) Declared size -308449940 of chunk [5, -5] is negative
[21:00:44] [IO-Worker-2/ERROR] (Minecraft) Chunk [5, 5] stream is truncated: expected 2070698966 but read 8187
[21:00:44] [IO-Worker-3/ERROR] (Minecraft) Declared size -296569282 of chunk [5, 6] is negative
[21:00:44] [IO-Worker-2/ERROR] (Minecraft) Chunk [5, 7] stream is truncated: expected 2104253398 but read 8187
[21:00:44] [IO-Worker-3/ERROR] (Minecraft) Chunk [5, 8] stream is truncated: expected 2104237030 but read 8187
[21:00:44] [IO-Worker-2/ERROR] (Minecraft) Chunk [5, 9] stream is truncated: expected 1534073814 but read 8187
[21:00:44] [IO-Worker-3/ERROR] (Minecraft) Declared size -875688851 of chunk [6, -13] is negative
[21:00:44] [IO-Worker-2/WARN] (Minecraft) Chunk has both internal and external streams
[21:00:44] [IO-Worker-2/ERROR] (Minecraft) External chunk path /Users/magje/code/mods/jade-modded-entities/fabric/runs/client/saves/New World/region/c.6.-12.mcc is not file
[21:00:44] [IO-Worker-3/WARN] (Minecraft) Chunk has both internal and external streams
[21:00:44] [IO-Worker-3/ERROR] (Minecraft) External chunk path /Users/magje/code/mods/jade-modded-entities/fabric/runs/client/saves/New World/region/c.6.-11.mcc is not file
[21:00:44] [IO-Worker-2/ERROR] (Minecraft) Chunk [6, -10] stream is truncated: expected 1385562918 but read 8187
[21:00:44] [IO-Worker-3/ERROR] (Minecraft) Chunk [6, -9] stream is truncated: expected 1565355034 but read 8187
[21:00:44] [IO-Worker-2/WARN] (Minecraft) Chunk has both internal and external streams
[21:00:44] [IO-Worker-2/ERROR] (Minecraft) External chunk path /Users/magje/code/mods/jade-modded-entities/fabric/runs/client/saves/New World/region/c.6.-8.mcc is not file
[21:00:44] [IO-Worker-3/ERROR] (Minecraft) Declared size -1654821861 of chunk [6, -7] is negative
[21:00:44] [IO-Worker-2/ERROR] (Minecraft) Declared size -312647828 of chunk [6, -6] is negative
[21:00:44] [IO-Worker-3/ERROR] (Minecraft) Declared size -308453524 of chunk [6, -5] is negative
[21:00:44] [IO-Worker-2/ERROR] (Minecraft) Chunk [6, 5] stream is truncated: expected 1835801798 but read 8187
[21:00:44] [IO-Worker-3/WARN] (Minecraft) Chunk has both internal and external streams
[21:00:44] [IO-Worker-3/ERROR] (Minecraft) External chunk path /Users/magje/code/mods/jade-modded-entities/fabric/runs/client/saves/New World/region/c.6.6.mcc is not file
[21:00:44] [IO-Worker-2/ERROR] (Minecraft) Chunk [6, 7] stream is truncated: expected 1869356006 but read 8187
[21:00:44] [IO-Worker-3/ERROR] (Minecraft) Chunk [6, 8] stream is truncated: expected 1835817942 but read 8187
[21:00:44] [IO-Worker-2/ERROR] (Minecraft) Chunk [6, 9] stream is truncated: expected 2104253398 but read 8187
[21:00:44] [IO-Worker-3/ERROR] (Minecraft) Declared size -312648852 of chunk [7, -13] is negative
[21:00:44] [IO-Worker-2/WARN] (Minecraft) Chunk has both internal and external streams
[21:00:44] [IO-Worker-2/ERROR] (Minecraft) External chunk path /Users/magje/code/mods/jade-modded-entities/fabric/runs/client/saves/New World/region/c.7.-12.mcc is not file
[21:00:44] [IO-Worker-3/WARN] (Minecraft) Chunk has both internal and external streams
[21:00:44] [IO-Worker-3/ERROR] (Minecraft) External chunk path /Users/magje/code/mods/jade-modded-entities/fabric/runs/client/saves/New World/region/c.7.-11.mcc is not file
[21:00:44] [IO-Worker-2/ERROR] (Minecraft) Declared size -1111071027 of chunk [7, -10] is negative
[21:00:44] [IO-Worker-3/ERROR] (Minecraft) Chunk [7, -9] stream is truncated: expected 484809086 but read 8187
[21:00:44] [IO-Worker-2/WARN] (Minecraft) Chunk has both internal and external streams
[21:00:44] [IO-Worker-2/ERROR] (Minecraft) External chunk path /Users/magje/code/mods/jade-modded-entities/fabric/runs/client/saves/New World/region/c.7.-8.mcc is not file
[21:00:44] [IO-Worker-3/WARN] (Minecraft) Chunk has both internal and external streams
[21:00:44] [IO-Worker-3/ERROR] (Minecraft) External chunk path /Users/magje/code/mods/jade-modded-entities/fabric/runs/client/saves/New World/region/c.7.-7.mcc is not file
[21:00:44] [IO-Worker-2/ERROR] (Minecraft) Chunk [7, -6] stream is truncated: expected 1549626394 but read 8187
[21:00:44] [IO-Worker-3/ERROR] (Minecraft) Declared size -308454032 of chunk [7, -5] is negative
[21:00:44] [IO-Worker-2/ERROR] (Minecraft) Declared size -308454036 of chunk [7, -4] is negative
[21:00:44] [IO-Worker-3/WARN] (Minecraft) Chunk has both internal and external streams
[21:00:44] [IO-Worker-3/ERROR] (Minecraft) External chunk path /Users/magje/code/mods/jade-modded-entities/fabric/runs/client/saves/New World/region/c.7.-3.mcc is not file
[21:00:44] [IO-Worker-2/ERROR] (Minecraft) Chunk [7, -2] stream is truncated: expected 41458924 but read 8187
[21:00:44] [IO-Worker-3/ERROR] (Minecraft) Declared size -312648852 of chunk [7, -1] is negative
[21:00:44] [IO-Worker-2/ERROR] (Minecraft) Chunk [7, 0] stream is truncated: expected 2023550300 but read 8187
[21:00:44] [IO-Worker-3/ERROR] (Minecraft) Declared size -1104918766 of chunk [7, 1] is negative
[21:00:44] [IO-Worker-2/WARN] (Minecraft) Chunk has both internal and external streams
[21:00:44] [IO-Worker-2/ERROR] (Minecraft) External chunk path /Users/magje/code/mods/jade-modded-entities/fabric/runs/client/saves/New World/region/c.7.2.mcc is not file
[21:00:44] [IO-Worker-3/WARN] (Minecraft) Chunk has both internal and external streams
[21:00:44] [IO-Worker-3/ERROR] (Minecraft) External chunk path /Users/magje/code/mods/jade-modded-entities/fabric/runs/client/saves/New World/region/c.7.3.mcc is not file
[21:00:44] [IO-Worker-2/WARN] (Minecraft) Chunk has both internal and external streams
[21:00:44] [IO-Worker-2/ERROR] (Minecraft) External chunk path /Users/magje/code/mods/jade-modded-entities/fabric/runs/client/saves/New World/region/c.7.4.mcc is not file
[21:00:44] [IO-Worker-3/ERROR] (Minecraft) Chunk [7, 5] stream is truncated: expected 1802247382 but read 8187
[21:00:44] [IO-Worker-2/ERROR] (Minecraft) Chunk [7, 6] stream is truncated: expected 41458924 but read 8187
[21:00:44] [IO-Worker-3/WARN] (Minecraft) Chunk has both internal and external streams
[21:00:44] [IO-Worker-3/ERROR] (Minecraft) External chunk path /Users/magje/code/mods/jade-modded-entities/fabric/runs/client/saves/New World/region/c.7.7.mcc is not file
[21:00:44] [IO-Worker-2/ERROR] (Minecraft) Chunk [7, 8] stream is truncated: expected 1869356006 but read 8187
[21:00:44] [IO-Worker-3/ERROR] (Minecraft) Chunk [7, 9] stream is truncated: expected 1569463254 but read 8187
[21:00:44] [IO-Worker-2/ERROR] (Minecraft) Chunk [8, -13] stream is truncated: expected 1667751347 but read 8187
[21:00:44] [IO-Worker-3/ERROR] (Minecraft) Declared size -1007075038 of chunk [8, -12] is negative
[21:00:44] [IO-Worker-2/ERROR] (Minecraft) Chunk [8, -11] stream is truncated: expected 96913667 but read 8187
[21:00:44] [IO-Worker-3/WARN] (Minecraft) Chunk has both internal and external streams
[21:00:44] [IO-Worker-3/ERROR] (Minecraft) External chunk path /Users/magje/code/mods/jade-modded-entities/fabric/runs/client/saves/New World/region/c.8.-10.mcc is not file
[21:00:44] [IO-Worker-2/ERROR] (Minecraft) Chunk [8, -9] stream is truncated: expected 458716870 but read 8187
[21:00:44] [IO-Worker-3/ERROR] (Minecraft) Declared size -1662165637 of chunk [8, -8] is negative
[21:00:44] [IO-Worker-2/ERROR] (Minecraft) Chunk [8, -7] stream is truncated: expected 2023550299 but read 4091
[21:00:44] [IO-Worker-3/ERROR] (Minecraft) Chunk [8, -6] stream is truncated: expected 2023550363 but read 8187
[21:00:44] [IO-Worker-2/WARN] (Minecraft) Chunk has both internal and external streams
[21:00:44] [IO-Worker-2/ERROR] (Minecraft) External chunk path /Users/magje/code/mods/jade-modded-entities/fabric/runs/client/saves/New World/region/c.8.-5.mcc is not file
[21:00:44] [IO-Worker-3/WARN] (Minecraft) Chunk has both internal and external streams
[21:00:44] [IO-Worker-3/ERROR] (Minecraft) External chunk path /Users/magje/code/mods/jade-modded-entities/fabric/runs/client/saves/New World/region/c.8.-4.mcc is not file
[21:00:44] [IO-Worker-2/ERROR] (Minecraft) Declared size -312639636 of chunk [8, -3] is negative
[21:00:44] [IO-Worker-3/ERROR] (Minecraft) Chunk [8, -2] stream is truncated: expected 1224449 but read 8187
[21:00:44] [IO-Worker-2/WARN] (Minecraft) Failed to read chunk [8, -1]
net.minecraft.nbt.NbtFormatException: Missing type on ListTag
	at knot//net.minecraft.nbt.ListTag$1.loadList(ListTag.java:45)
	at knot//net.minecraft.nbt.ListTag$1.load(ListTag.java:34)
	at knot//net.minecraft.nbt.ListTag$1.load(ListTag.java:29)
	at knot//net.minecraft.nbt.CompoundTag.readNamedTagData(CompoundTag.java:501)
	at knot//net.minecraft.nbt.CompoundTag$1.loadCompound(CompoundTag.java:82)
	at knot//net.minecraft.nbt.CompoundTag$1.load(CompoundTag.java:69)
	at knot//net.minecraft.nbt.CompoundTag$1.load(CompoundTag.java:64)
	at knot//net.minecraft.nbt.NbtIo.readTagSafe(NbtIo.java:192)
	at knot//net.minecraft.nbt.NbtIo.readUnnamedTag(NbtIo.java:187)
	at knot//net.minecraft.nbt.NbtIo.read(NbtIo.java:111)
	at knot//net.minecraft.nbt.NbtIo.read(NbtIo.java:107)
	at knot//net.minecraft.world.level.chunk.storage.RegionFileStorage.read(RegionFileStorage.java:59)
	at knot//net.minecraft.world.level.chunk.storage.IOWorker.method_27943(IOWorker.java:196)
	at knot//net.minecraft.world.level.chunk.storage.IOWorker.method_64027(IOWorker.java:247)
	at knot//net.minecraft.util.thread.PriorityConsecutiveExecutor.method_63600(PriorityConsecutiveExecutor.java:22)
	at knot//net.minecraft.util.thread.StrictQueue$RunnableWithPriority.run(StrictQueue.java:50)
	at knot//net.minecraft.util.Util.runNamed(Util.java:297)
	at knot//net.minecraft.util.thread.AbstractConsecutiveExecutor.pollTask(AbstractConsecutiveExecutor.java:50)
	at knot//net.minecraft.util.thread.AbstractConsecutiveExecutor.run(AbstractConsecutiveExecutor.java:62)
	at java.base/java.util.concurrent.ThreadPoolExecutor.runWorker(ThreadPoolExecutor.java:1144)
	at java.base/java.util.concurrent.ThreadPoolExecutor$Worker.run(ThreadPoolExecutor.java:642)
	at java.base/java.lang.Thread.run(Thread.java:1583)
[21:00:44] [IO-Worker-3/WARN] (Minecraft) Chunk has both internal and external streams
[21:00:44] [IO-Worker-3/ERROR] (Minecraft) External chunk path /Users/magje/code/mods/jade-modded-entities/fabric/runs/client/saves/New World/region/c.8.0.mcc is not file
[21:00:44] [IO-Worker-2/ERROR] (Minecraft) Chunk [8, 1] stream is truncated: expected 1567366358 but read 8187
[21:00:44] [IO-Worker-3/ERROR] (Minecraft) Chunk [8, 2] stream is truncated: expected 1836063702 but read 12283
[21:00:44] [IO-Worker-2/ERROR] (Minecraft) Chunk [8, 3] stream is truncated: expected 1423414718 but read 8187
[21:00:44] [Server thread/ERROR] (Minecraft) Failed to load chunk 8,-1
net.minecraft.nbt.NbtFormatException: Missing type on ListTag
	at knot//net.minecraft.nbt.ListTag$1.loadList(ListTag.java:45)
	at knot//net.minecraft.nbt.ListTag$1.load(ListTag.java:34)
	at knot//net.minecraft.nbt.ListTag$1.load(ListTag.java:29)
	at knot//net.minecraft.nbt.CompoundTag.readNamedTagData(CompoundTag.java:501)
	at knot//net.minecraft.nbt.CompoundTag$1.loadCompound(CompoundTag.java:82)
	at knot//net.minecraft.nbt.CompoundTag$1.load(CompoundTag.java:69)
	at knot//net.minecraft.nbt.CompoundTag$1.load(CompoundTag.java:64)
	at knot//net.minecraft.nbt.NbtIo.readTagSafe(NbtIo.java:192)
	at knot//net.minecraft.nbt.NbtIo.readUnnamedTag(NbtIo.java:187)
	at knot//net.minecraft.nbt.NbtIo.read(NbtIo.java:111)
	at knot//net.minecraft.nbt.NbtIo.read(NbtIo.java:107)
	at knot//net.minecraft.world.level.chunk.storage.RegionFileStorage.read(RegionFileStorage.java:59)
	at knot//net.minecraft.world.level.chunk.storage.IOWorker.method_27943(IOWorker.java:196)
	at knot//net.minecraft.world.level.chunk.storage.IOWorker.method_64027(IOWorker.java:247)
	at knot//net.minecraft.util.thread.PriorityConsecutiveExecutor.method_63600(PriorityConsecutiveExecutor.java:22)
	at knot//net.minecraft.util.thread.StrictQueue$RunnableWithPriority.run(StrictQueue.java:50)
	at knot//net.minecraft.util.Util.runNamed(Util.java:297)
	at knot//net.minecraft.util.thread.AbstractConsecutiveExecutor.pollTask(AbstractConsecutiveExecutor.java:50)
	at knot//net.minecraft.util.thread.AbstractConsecutiveExecutor.run(AbstractConsecutiveExecutor.java:62)
	at java.base/java.util.concurrent.ThreadPoolExecutor.runWorker(ThreadPoolExecutor.java:1144)
	at java.base/java.util.concurrent.ThreadPoolExecutor$Worker.run(ThreadPoolExecutor.java:642)
	at java.base/java.lang.Thread.run(Thread.java:1583)
[21:00:44] [IO-Worker-3/WARN] (Minecraft) Chunk has both internal and external streams
[21:00:44] [IO-Worker-3/ERROR] (Minecraft) External chunk path /Users/magje/code/mods/jade-modded-entities/fabric/runs/client/saves/New World/region/c.8.4.mcc is not file
[21:00:44] [IO-Worker-2/ERROR] (Minecraft) Chunk [8, 5] stream is truncated: expected 1567366358 but read 8187
[21:00:44] [IO-Worker-3/WARN] (Minecraft) Chunk has both internal and external streams
[21:00:44] [IO-Worker-3/ERROR] (Minecraft) External chunk path /Users/magje/code/mods/jade-modded-entities/fabric/runs/client/saves/New World/region/c.8.6.mcc is not file
[21:00:44] [IO-Worker-2/ERROR] (Minecraft) Chunk [8, 7] stream is truncated: expected 1567365974 but read 8187
[21:00:44] [IO-Worker-3/WARN] (Minecraft) Chunk has both internal and external streams
[21:00:44] [IO-Worker-3/ERROR] (Minecraft) External chunk path /Users/magje/code/mods/jade-modded-entities/fabric/runs/client/saves/New World/region/c.8.8.mcc is not file
[21:00:44] [IO-Worker-2/WARN] (Minecraft) Chunk has both internal and external streams
[21:00:44] [IO-Worker-2/ERROR] (Minecraft) External chunk path /Users/magje/code/mods/jade-modded-entities/fabric/runs/client/saves/New World/region/c.8.9.mcc is not file
[21:00:44] [IO-Worker-3/ERROR] (Minecraft) Declared size -904551042 of chunk [9, -13] is negative
[21:00:44] [IO-Worker-2/ERROR] (Minecraft) Declared size -411413755 of chunk [9, -12] is negative
[21:00:44] [IO-Worker-3/ERROR] (Minecraft) Chunk [9, -11] stream is truncated: expected 439064184 but read 8187
[21:00:44] [IO-Worker-2/WARN] (Minecraft) Chunk has both internal and external streams
[21:00:44] [IO-Worker-2/ERROR] (Minecraft) External chunk path /Users/magje/code/mods/jade-modded-entities/fabric/runs/client/saves/New World/region/c.9.-10.mcc is not file
[21:00:44] [IO-Worker-3/ERROR] (Minecraft) Chunk [9, -9] stream is truncated: expected 458716870 but read 8187
[21:00:44] [IO-Worker-2/ERROR] (Minecraft) Declared size -312644756 of chunk [9, -8] is negative
[21:00:44] [IO-Worker-3/ERROR] (Minecraft) Chunk [9, -7] stream is truncated: expected 2023550300 but read 8187
[21:00:44] [IO-Worker-2/ERROR] (Minecraft) Chunk [9, -6] stream is truncated: expected 41458924 but read 8187
[21:00:44] [IO-Worker-3/WARN] (Minecraft) Chunk has both internal and external streams
[21:00:44] [IO-Worker-3/ERROR] (Minecraft) External chunk path /Users/magje/code/mods/jade-modded-entities/fabric/runs/client/saves/New World/region/c.9.-5.mcc is not file
[21:00:44] [IO-Worker-2/ERROR] (Minecraft) Declared size -308454516 of chunk [9, -4] is negative
[21:00:44] [IO-Worker-3/ERROR] (Minecraft) Chunk [9, -3] stream is truncated: expected 2023550299 but read 8187
[21:00:44] [IO-Worker-2/ERROR] (Minecraft) Declared size -312644244 of chunk [9, -2] is negative
[21:00:44] [IO-Worker-3/ERROR] (Minecraft) Declared size -308445844 of chunk [9, -1] is negative
[21:00:44] [IO-Worker-2/ERROR] (Minecraft) Declared size -940052414 of chunk [9, 0] is negative
[21:00:44] [IO-Worker-3/ERROR] (Minecraft) Declared size -1723934830 of chunk [9, 1] is negative
[21:00:44] [IO-Worker-2/ERROR] (Minecraft) Chunk [9, 2] stream is truncated: expected 191896534 but read 12283
[21:00:44] [IO-Worker-3/WARN] (Minecraft) Chunk has both internal and external streams
[21:00:44] [IO-Worker-3/ERROR] (Minecraft) External chunk path /Users/magje/code/mods/jade-modded-entities/fabric/runs/client/saves/New World/region/c.9.3.mcc is not file
[21:00:44] [IO-Worker-2/ERROR] (Minecraft) Chunk [9, 4] stream is truncated: expected 2023550364 but read 8187
[21:00:44] [IO-Worker-3/ERROR] (Minecraft) Declared size -1662149283 of chunk [9, 5] is negative
[21:00:44] [IO-Worker-2/WARN] (Minecraft) Chunk has both internal and external streams
[21:00:44] [IO-Worker-2/ERROR] (Minecraft) External chunk path /Users/magje/code/mods/jade-modded-entities/fabric/runs/client/saves/New World/region/c.9.6.mcc is not file
[21:00:44] [IO-Worker-3/ERROR] (Minecraft) Declared size -1662149249 of chunk [9, 7] is negative
[21:00:44] [IO-Worker-2/ERROR] (Minecraft) Declared size -312648340 of chunk [9, 8] is negative
[21:00:44] [IO-Worker-3/ERROR] (Minecraft) Chunk [9, 9] stream is truncated: expected 2138069974 but read 12283
[21:00:44] [IO-Worker-2/ERROR] (Minecraft) Declared size -577727764 of chunk [10, -13] is negative
[21:00:44] [IO-Worker-3/ERROR] (Minecraft) Chunk [10, -12] stream is truncated: expected 647580337 but read 8187
[21:00:44] [IO-Worker-2/WARN] (Minecraft) Chunk has both internal and external streams
[21:00:44] [IO-Worker-2/ERROR] (Minecraft) External chunk path /Users/magje/code/mods/jade-modded-entities/fabric/runs/client/saves/New World/region/c.10.-11.mcc is not file
[21:00:44] [IO-Worker-3/WARN] (Minecraft) Chunk has both internal and external streams
[21:00:44] [IO-Worker-3/ERROR] (Minecraft) External chunk path /Users/magje/code/mods/jade-modded-entities/fabric/runs/client/saves/New World/region/c.10.-10.mcc is not file
[21:00:44] [IO-Worker-2/WARN] (Minecraft) Chunk has both internal and external streams
[21:00:44] [IO-Worker-2/ERROR] (Minecraft) External chunk path /Users/magje/code/mods/jade-modded-entities/fabric/runs/client/saves/New World/region/c.10.-9.mcc is not file
[21:00:44] [IO-Worker-3/ERROR] (Minecraft) Declared size -312648340 of chunk [10, -8] is negative
[21:00:44] [IO-Worker-2/ERROR] (Minecraft) Chunk [10, -7] stream is truncated: expected 2023550363 but read 8187
[21:00:44] [IO-Worker-3/ERROR] (Minecraft) Chunk [10, -6] stream is truncated: expected 2023550364 but read 8187
[21:00:44] [IO-Worker-2/ERROR] (Minecraft) Chunk [10, -5] stream is truncated: expected 462623511 but read 8187
[21:00:44] [IO-Worker-3/WARN] (Minecraft) Chunk has both internal and external streams
[21:00:44] [IO-Worker-3/ERROR] (Minecraft) External chunk path /Users/magje/code/mods/jade-modded-entities/fabric/runs/client/saves/New World/region/c.10.-4.mcc is not file
[21:00:44] [IO-Worker-2/ERROR] (Minecraft) Declared size -308458132 of chunk [10, -3] is negative
[21:00:44] [IO-Worker-3/ERROR] (Minecraft) Declared size -1662165633 of chunk [10, -2] is negative
[21:00:44] [IO-Worker-2/ERROR] (Minecraft) Declared size -312648852 of chunk [10, -1] is negative
[21:00:44] [IO-Worker-3/WARN] (Minecraft) Chunk has both internal and external streams
[21:00:44] [IO-Worker-3/ERROR] (Minecraft) External chunk path /Users/magje/code/mods/jade-modded-entities/fabric/runs/client/saves/New World/region/c.10.0.mcc is not file
[21:00:44] [IO-Worker-2/ERROR] (Minecraft) Chunk [10, 1] stream is truncated: expected 2070698966 but read 8187
[21:00:44] [IO-Worker-3/ERROR] (Minecraft) Declared size -611123423 of chunk [10, 2] is negative
[21:00:44] [IO-Worker-2/ERROR] (Minecraft) Chunk [10, 3] stream is truncated: expected 2104237030 but read 8187
[21:00:44] [IO-Worker-3/ERROR] (Minecraft) Declared size -308453524 of chunk [10, 4] is negative
[21:00:44] [IO-Worker-2/ERROR] (Minecraft) Declared size -312644756 of chunk [10, 5] is negative
[21:00:44] [IO-Worker-3/ERROR] (Minecraft) Declared size -308454548 of chunk [10, 6] is negative
[21:00:44] [IO-Worker-2/ERROR] (Minecraft) Declared size -310547092 of chunk [10, 7] is negative
[21:00:44] [IO-Worker-3/ERROR] (Minecraft) Declared size -310546580 of chunk [10, 8] is negative
[21:00:44] [IO-Worker-2/ERROR] (Minecraft) Chunk [10, 9] stream is truncated: expected 1835801798 but read 8187
[21:00:44] [IO-Worker-3/ERROR] (Minecraft) Chunk [11, -13] stream is truncated: expected 1104861206 but read 8187
[21:00:44] [IO-Worker-2/WARN] (Minecraft) Chunk has both internal and external streams
[21:00:44] [IO-Worker-2/ERROR] (Minecraft) External chunk path /Users/magje/code/mods/jade-modded-entities/fabric/runs/client/saves/New World/region/c.11.-12.mcc is not file
[21:00:44] [IO-Worker-3/ERROR] (Minecraft) Chunk [11, -11] stream is truncated: expected 424271908 but read 8187
[21:00:44] [IO-Worker-2/ERROR] (Minecraft) Declared size -846123577 of chunk [11, -10] is negative
[21:00:44] [IO-Worker-3/WARN] (Minecraft) Chunk has both internal and external streams
[21:00:44] [IO-Worker-3/ERROR] (Minecraft) External chunk path /Users/magje/code/mods/jade-modded-entities/fabric/runs/client/saves/New World/region/c.11.-9.mcc is not file
[21:00:44] [IO-Worker-2/ERROR] (Minecraft) Declared size -308449940 of chunk [11, -8] is negative
[21:00:44] [IO-Worker-3/ERROR] (Minecraft) Declared size -1654821861 of chunk [11, -7] is negative
[21:00:44] [IO-Worker-2/ERROR] (Minecraft) Chunk [11, -6] stream is truncated: expected 1568500819 but read 8187
[21:00:44] [IO-Worker-3/WARN] (Minecraft) Chunk has both internal and external streams
[21:00:44] [IO-Worker-3/ERROR] (Minecraft) External chunk path /Users/magje/code/mods/jade-modded-entities/fabric/runs/client/saves/New World/region/c.11.-5.mcc is not file
[21:00:44] [IO-Worker-2/ERROR] (Minecraft) Chunk [11, -4] stream is truncated: expected 2023550364 but read 8187
[21:00:44] [IO-Worker-3/ERROR] (Minecraft) Declared size -308449940 of chunk [11, -3] is negative
[21:00:44] [IO-Worker-2/ERROR] (Minecraft) Declared size -308445332 of chunk [11, -2] is negative
[21:00:44] [IO-Worker-3/ERROR] (Minecraft) Declared size -312644756 of chunk [11, -1] is negative
[21:00:44] [IO-Worker-2/ERROR] (Minecraft) Chunk [11, 0] stream is truncated: expected 2023550300 but read 8187
[21:00:44] [IO-Worker-3/ERROR] (Minecraft) Declared size -310547088 of chunk [11, 1] is negative
[21:00:44] [IO-Worker-2/ERROR] (Minecraft) Chunk [11, 2] stream is truncated: expected 3916344 but read 24571
[21:00:44] [IO-Worker-3/ERROR] (Minecraft) Chunk [11, 3] stream is truncated: expected 2023550332 but read 12283
[21:00:44] [IO-Worker-2/ERROR] (Minecraft) Chunk [11, 4] stream is truncated: expected 2070682822 but read 8187
[21:00:44] [IO-Worker-3/ERROR] (Minecraft) Chunk [11, 5] stream is truncated: expected 1533811542 but read 8187
[21:00:44] [IO-Worker-2/ERROR] (Minecraft) Chunk [11, 6] stream is truncated: expected 1869372374 but read 8187
[21:00:44] [IO-Worker-3/ERROR] (Minecraft) Chunk [11, 7] stream is truncated: expected 1869634518 but read 8187
[21:00:44] [IO-Worker-2/ERROR] (Minecraft) Chunk [11, 8] stream is truncated: expected 1802263766 but read 12283
[21:00:44] [IO-Worker-3/ERROR] (Minecraft) Chunk [11, 9] stream is truncated: expected 1802509270 but read 12283
[21:00:44] [IO-Worker-2/WARN] (Minecraft) Chunk has both internal and external streams
[21:00:44] [IO-Worker-2/ERROR] (Minecraft) External chunk path /Users/magje/code/mods/jade-modded-entities/fabric/runs/client/saves/New World/region/c.12.-13.mcc is not file
[21:00:44] [IO-Worker-3/ERROR] (Minecraft) Declared size -1869340135 of chunk [12, -12] is negative
[21:00:44] [IO-Worker-2/WARN] (Minecraft) Chunk has both internal and external streams
[21:00:44] [IO-Worker-2/ERROR] (Minecraft) External chunk path /Users/magje/code/mods/jade-modded-entities/fabric/runs/client/saves/New World/region/c.12.-11.mcc is not file
[21:00:44] [IO-Worker-3/ERROR] (Minecraft) Chunk [12, -10] stream is truncated: expected 424848601 but read 8187
[21:00:44] [IO-Worker-2/WARN] (Minecraft) Chunk has both internal and external streams
[21:00:44] [IO-Worker-2/ERROR] (Minecraft) External chunk path /Users/magje/code/mods/jade-modded-entities/fabric/runs/client/saves/New World/region/c.12.-9.mcc is not file
[21:00:44] [IO-Worker-3/ERROR] (Minecraft) Chunk [12, -8] stream is truncated: expected 459520620 but read 8187
[21:00:44] [IO-Worker-2/ERROR] (Minecraft) Chunk [12, -7] stream is truncated: expected 1025723209 but read 8187
[21:00:44] [IO-Worker-3/WARN] (Minecraft) Chunk has both internal and external streams
[21:00:44] [IO-Worker-3/ERROR] (Minecraft) External chunk path /Users/magje/code/mods/jade-modded-entities/fabric/runs/client/saves/New World/region/c.12.-6.mcc is not file
[21:00:44] [IO-Worker-2/WARN] (Minecraft) Chunk has both internal and external streams
[21:00:44] [IO-Worker-2/ERROR] (Minecraft) External chunk path /Users/magje/code/mods/jade-modded-entities/fabric/runs/client/saves/New World/region/c.12.-5.mcc is not file
[21:00:44] [IO-Worker-3/ERROR] (Minecraft) Declared size -1234426520 of chunk [12, -4] is negative
[21:00:44] [IO-Worker-2/WARN] (Minecraft) Chunk has both internal and external streams
[21:00:44] [IO-Worker-2/ERROR] (Minecraft) External chunk path /Users/magje/code/mods/jade-modded-entities/fabric/runs/client/saves/New World/region/c.12.-3.mcc is not file
[21:00:44] [IO-Worker-3/WARN] (Minecraft) Chunk has both internal and external streams
[21:00:44] [IO-Worker-3/ERROR] (Minecraft) External chunk path /Users/magje/code/mods/jade-modded-entities/fabric/runs/client/saves/New World/region/c.12.-2.mcc is not file
[21:00:44] [IO-Worker-2/WARN] (Minecraft) Chunk has both internal and external streams
[21:00:44] [IO-Worker-2/ERROR] (Minecraft) External chunk path /Users/magje/code/mods/jade-modded-entities/fabric/runs/client/saves/New World/region/c.12.-1.mcc is not file
[21:00:44] [IO-Worker-3/WARN] (Minecraft) Chunk has both internal and external streams
[21:00:44] [IO-Worker-3/ERROR] (Minecraft) External chunk path /Users/magje/code/mods/jade-modded-entities/fabric/runs/client/saves/New World/region/c.12.0.mcc is not file
[21:00:44] [IO-Worker-2/WARN] (Minecraft) Chunk has both internal and external streams
[21:00:44] [IO-Worker-2/ERROR] (Minecraft) External chunk path /Users/magje/code/mods/jade-modded-entities/fabric/runs/client/saves/New World/region/c.12.1.mcc is not file
[21:00:44] [IO-Worker-3/WARN] (Minecraft) Chunk has both internal and external streams
[21:00:44] [IO-Worker-3/ERROR] (Minecraft) External chunk path /Users/magje/code/mods/jade-modded-entities/fabric/runs/client/saves/New World/region/c.12.2.mcc is not file
[21:00:44] [IO-Worker-2/ERROR] (Minecraft) Declared size -525004722 of chunk [12, 3] is negative
[21:00:44] [IO-Worker-3/ERROR] (Minecraft) Declared size -1788414561 of chunk [12, 4] is negative
[21:00:44] [IO-Worker-2/ERROR] (Minecraft) Chunk [12, 5] stream is truncated: expected 1869372246 but read 12283
[21:00:44] [IO-Worker-3/WARN] (Minecraft) Chunk has both internal and external streams
[21:00:44] [IO-Worker-3/ERROR] (Minecraft) External chunk path /Users/magje/code/mods/jade-modded-entities/fabric/runs/client/saves/New World/region/c.12.6.mcc is not file
[21:00:44] [IO-Worker-2/WARN] (Minecraft) Chunk has both internal and external streams
[21:00:44] [IO-Worker-2/ERROR] (Minecraft) External chunk path /Users/magje/code/mods/jade-modded-entities/fabric/runs/client/saves/New World/region/c.12.7.mcc is not file
[21:00:44] [IO-Worker-3/WARN] (Minecraft) Chunk has both internal and external streams
[21:00:44] [IO-Worker-3/ERROR] (Minecraft) External chunk path /Users/magje/code/mods/jade-modded-entities/fabric/runs/client/saves/New World/region/c.12.8.mcc is not file
[21:00:44] [IO-Worker-2/WARN] (Minecraft) Chunk has both internal and external streams
[21:00:44] [IO-Worker-2/ERROR] (Minecraft) External chunk path /Users/magje/code/mods/jade-modded-entities/fabric/runs/client/saves/New World/region/c.12.9.mcc is not file
[21:00:44] [IO-Worker-3/WARN] (Minecraft) Chunk has both internal and external streams
[21:00:44] [IO-Worker-3/ERROR] (Minecraft) External chunk path /Users/magje/code/mods/jade-modded-entities/fabric/runs/client/saves/New World/region/c.13.-13.mcc is not file
[21:00:44] [IO-Worker-2/ERROR] (Minecraft) Declared size -756277559 of chunk [13, -12] is negative
[21:00:44] [IO-Worker-3/ERROR] (Minecraft) Chunk [13, -11] stream is truncated: expected 625636972 but read 8187
[21:00:44] [IO-Worker-2/WARN] (Minecraft) Chunk has both internal and external streams
[21:00:44] [IO-Worker-2/ERROR] (Minecraft) External chunk path /Users/magje/code/mods/jade-modded-entities/fabric/runs/client/saves/New World/region/c.13.-10.mcc is not file
[21:00:44] [IO-Worker-3/ERROR] (Minecraft) Chunk [13, -9] stream is truncated: expected 1196618768 but read 8187
[21:00:44] [IO-Worker-2/ERROR] (Minecraft) Chunk [13, -8] stream is truncated: expected 1271499162 but read 8187
[21:00:44] [IO-Worker-3/ERROR] (Minecraft) Chunk [13, -7] stream is truncated: expected 891561272 but read 8187
[21:00:44] [IO-Worker-2/ERROR] (Minecraft) Chunk [13, -6] stream is truncated: expected 22664917 but read 8187
[21:00:44] [IO-Worker-3/ERROR] (Minecraft) Chunk [13, -5] stream is truncated: expected 1251268525 but read 8187
[21:00:44] [IO-Worker-2/WARN] (Minecraft) Chunk has both internal and external streams
[21:00:44] [IO-Worker-2/ERROR] (Minecraft) External chunk path /Users/magje/code/mods/jade-modded-entities/fabric/runs/client/saves/New World/region/c.13.-4.mcc is not file
[21:00:44] [IO-Worker-3/WARN] (Minecraft) Chunk has both internal and external streams
[21:00:44] [IO-Worker-3/ERROR] (Minecraft) External chunk path /Users/magje/code/mods/jade-modded-entities/fabric/runs/client/saves/New World/region/c.13.-3.mcc is not file
[21:00:44] [IO-Worker-2/WARN] (Minecraft) Chunk has both internal and external streams
[21:00:44] [IO-Worker-2/ERROR] (Minecraft) External chunk path /Users/magje/code/mods/jade-modded-entities/fabric/runs/client/saves/New World/region/c.13.-2.mcc is not file
[21:00:44] [IO-Worker-3/ERROR] (Minecraft) Chunk [13, -1] stream is truncated: expected 368978805 but read 8187
[21:00:44] [IO-Worker-2/ERROR] (Minecraft) Chunk [13, 0] stream is truncated: expected 2104253398 but read 8187
[21:00:44] [IO-Worker-3/WARN] (Minecraft) Chunk has both internal and external streams
[21:00:44] [IO-Worker-3/ERROR] (Minecraft) External chunk path /Users/magje/code/mods/jade-modded-entities/fabric/runs/client/saves/New World/region/c.13.1.mcc is not file
[21:00:44] [IO-Worker-2/WARN] (Minecraft) Chunk has both internal and external streams
[21:00:44] [IO-Worker-2/ERROR] (Minecraft) External chunk path /Users/magje/code/mods/jade-modded-entities/fabric/runs/client/saves/New World/region/c.13.2.mcc is not file
[21:00:44] [IO-Worker-3/WARN] (Minecraft) Chunk has both internal and external streams
[21:00:44] [IO-Worker-3/ERROR] (Minecraft) External chunk path /Users/magje/code/mods/jade-modded-entities/fabric/runs/client/saves/New World/region/c.13.3.mcc is not file
[21:00:44] [IO-Worker-2/WARN] (Minecraft) Chunk has both internal and external streams
[21:00:44] [IO-Worker-2/ERROR] (Minecraft) External chunk path /Users/magje/code/mods/jade-modded-entities/fabric/runs/client/saves/New World/region/c.13.4.mcc is not file
[21:00:44] [IO-Worker-3/WARN] (Minecraft) Chunk has both internal and external streams
[21:00:44] [IO-Worker-3/ERROR] (Minecraft) External chunk path /Users/magje/code/mods/jade-modded-entities/fabric/runs/client/saves/New World/region/c.13.5.mcc is not file
[21:00:44] [IO-Worker-2/ERROR] (Minecraft) Chunk [13, 6] stream is truncated: expected 1124800101 but read 12283
[21:00:44] [IO-Worker-3/WARN] (Minecraft) Chunk has both internal and external streams
[21:00:44] [IO-Worker-3/ERROR] (Minecraft) External chunk path /Users/magje/code/mods/jade-modded-entities/fabric/runs/client/saves/New World/region/c.13.7.mcc is not file
[21:00:44] [IO-Worker-2/ERROR] (Minecraft) Chunk [13, 8] stream is truncated: expected 1533811926 but read 8187
[21:00:44] [IO-Worker-3/WARN] (Minecraft) Chunk has both internal and external streams
[21:00:44] [IO-Worker-3/ERROR] (Minecraft) External chunk path /Users/magje/code/mods/jade-modded-entities/fabric/runs/client/saves/New World/region/c.13.9.mcc is not file
[21:00:44] [IO-Worker-2/ERROR] (Minecraft) Declared size -1769696807 of chunk [14, -13] is negative
[21:00:44] [IO-Worker-3/WARN] (Minecraft) Chunk has both internal and external streams
[21:00:44] [IO-Worker-3/ERROR] (Minecraft) External chunk path /Users/magje/code/mods/jade-modded-entities/fabric/runs/client/saves/New World/region/c.14.-12.mcc is not file
[21:00:44] [IO-Worker-2/ERROR] (Minecraft) Chunk [14, -11] stream is truncated: expected 240370753 but read 8187
[21:00:44] [IO-Worker-3/ERROR] (Minecraft) Chunk [14, -10] stream is truncated: expected 1068882745 but read 8187
[21:00:44] [IO-Worker-2/WARN] (Minecraft) Chunk has both internal and external streams
[21:00:44] [IO-Worker-2/ERROR] (Minecraft) External chunk path /Users/magje/code/mods/jade-modded-entities/fabric/runs/client/saves/New World/region/c.14.-9.mcc is not file
[21:00:44] [IO-Worker-3/WARN] (Minecraft) Chunk has both internal and external streams
[21:00:44] [IO-Worker-3/ERROR] (Minecraft) External chunk path /Users/magje/code/mods/jade-modded-entities/fabric/runs/client/saves/New World/region/c.14.-8.mcc is not file
[21:00:44] [IO-Worker-2/WARN] (Minecraft) Chunk has both internal and external streams
[21:00:44] [IO-Worker-2/ERROR] (Minecraft) External chunk path /Users/magje/code/mods/jade-modded-entities/fabric/runs/client/saves/New World/region/c.14.-7.mcc is not file
[21:00:44] [IO-Worker-3/ERROR] (Minecraft) Chunk [14, -6] stream is truncated: expected 1043969 but read 4091
[21:00:44] [IO-Worker-2/WARN] (Minecraft) Chunk has both internal and external streams
[21:00:44] [IO-Worker-2/ERROR] (Minecraft) External chunk path /Users/magje/code/mods/jade-modded-entities/fabric/runs/client/saves/New World/region/c.14.-5.mcc is not file
[21:00:44] [IO-Worker-3/WARN] (Minecraft) Chunk has both internal and external streams
[21:00:44] [IO-Worker-3/ERROR] (Minecraft) External chunk path /Users/magje/code/mods/jade-modded-entities/fabric/runs/client/saves/New World/region/c.14.-4.mcc is not file
[21:00:44] [IO-Worker-2/WARN] (Minecraft) Chunk has both internal and external streams
[21:00:44] [IO-Worker-2/ERROR] (Minecraft) External chunk path /Users/magje/code/mods/jade-modded-entities/fabric/runs/client/saves/New World/region/c.14.-3.mcc is not file
[21:00:44] [IO-Worker-3/WARN] (Minecraft) Chunk has both internal and external streams
[21:00:44] [IO-Worker-3/ERROR] (Minecraft) External chunk path /Users/magje/code/mods/jade-modded-entities/fabric/runs/client/saves/New World/region/c.14.-2.mcc is not file
[21:00:44] [IO-Worker-2/ERROR] (Minecraft) Chunk [14, -1] stream is truncated: expected 1694721 but read 8187
[21:00:44] [IO-Worker-3/WARN] (Minecraft) Chunk has both internal and external streams
[21:00:44] [IO-Worker-3/ERROR] (Minecraft) External chunk path /Users/magje/code/mods/jade-modded-entities/fabric/runs/client/saves/New World/region/c.14.0.mcc is not file
[21:00:44] [IO-Worker-2/WARN] (Minecraft) Chunk has both internal and external streams
[21:00:44] [IO-Worker-2/ERROR] (Minecraft) External chunk path /Users/magje/code/mods/jade-modded-entities/fabric/runs/client/saves/New World/region/c.14.1.mcc is not file
[21:00:44] [IO-Worker-3/WARN] (Minecraft) Chunk has both internal and external streams
[21:00:44] [IO-Worker-3/ERROR] (Minecraft) External chunk path /Users/magje/code/mods/jade-modded-entities/fabric/runs/client/saves/New World/region/c.14.2.mcc is not file
[21:00:44] [IO-Worker-2/WARN] (Minecraft) Chunk has both internal and external streams
[21:00:44] [IO-Worker-2/ERROR] (Minecraft) External chunk path /Users/magje/code/mods/jade-modded-entities/fabric/runs/client/saves/New World/region/c.14.3.mcc is not file
[21:00:44] [IO-Worker-3/ERROR] (Minecraft) Declared size -1354465845 of chunk [14, 4] is negative
[21:00:44] [IO-Worker-2/WARN] (Minecraft) Chunk has both internal and external streams
[21:00:44] [IO-Worker-2/ERROR] (Minecraft) External chunk path /Users/magje/code/mods/jade-modded-entities/fabric/runs/client/saves/New World/region/c.14.5.mcc is not file
[21:00:44] [IO-Worker-3/ERROR] (Minecraft) Declared size -312648852 of chunk [14, 6] is negative
[21:00:44] [IO-Worker-2/ERROR] (Minecraft) Declared size -1130348852 of chunk [14, 7] is negative
[21:00:44] [IO-Worker-3/WARN] (Minecraft) Chunk has both internal and external streams
[21:00:44] [IO-Worker-3/ERROR] (Minecraft) External chunk path /Users/magje/code/mods/jade-modded-entities/fabric/runs/client/saves/New World/region/c.14.8.mcc is not file
[21:00:44] [IO-Worker-2/ERROR] (Minecraft) Chunk [14, 9] stream is truncated: expected 1992225551 but read 8187
[21:00:44] [IO-Worker-3/WARN] (Minecraft) Chunk has both internal and external streams
[21:00:44] [IO-Worker-3/ERROR] (Minecraft) External chunk path /Users/magje/code/mods/jade-modded-entities/fabric/runs/client/saves/New World/region/c.15.-13.mcc is not file
[21:00:44] [IO-Worker-2/ERROR] (Minecraft) Chunk [15, -12] stream is truncated: expected 1802497445 but read 8187
[21:00:44] [IO-Worker-3/WARN] (Minecraft) Chunk has both internal and external streams
[21:00:44] [IO-Worker-3/ERROR] (Minecraft) External chunk path /Users/magje/code/mods/jade-modded-entities/fabric/runs/client/saves/New World/region/c.15.-11.mcc is not file
[21:00:44] [IO-Worker-2/ERROR] (Minecraft) Chunk [15, -10] stream is truncated: expected 41458924 but read 8187
[21:00:44] [IO-Worker-3/ERROR] (Minecraft) Declared size -1150701115 of chunk [15, -9] is negative
[21:00:44] [IO-Worker-2/WARN] (Minecraft) Chunk has both internal and external streams
[21:00:44] [IO-Worker-2/ERROR] (Minecraft) External chunk path /Users/magje/code/mods/jade-modded-entities/fabric/runs/client/saves/New World/region/c.15.-8.mcc is not file
[21:00:44] [IO-Worker-3/ERROR] (Minecraft) Declared size -502951188 of chunk [15, -7] is negative
[21:00:44] [IO-Worker-2/WARN] (Minecraft) Chunk has both internal and external streams
[21:00:44] [IO-Worker-2/ERROR] (Minecraft) External chunk path /Users/magje/code/mods/jade-modded-entities/fabric/runs/client/saves/New World/region/c.15.-6.mcc is not file
[21:00:44] [IO-Worker-3/WARN] (Minecraft) Chunk has both internal and external streams
[21:00:44] [IO-Worker-3/ERROR] (Minecraft) External chunk path /Users/magje/code/mods/jade-modded-entities/fabric/runs/client/saves/New World/region/c.15.-5.mcc is not file
[21:00:44] [IO-Worker-2/ERROR] (Minecraft) Chunk [15, -4] stream is truncated: expected 633818250 but read 8187
[21:00:44] [IO-Worker-3/ERROR] (Minecraft) Chunk [15, -3] stream is truncated: expected 1219630316 but read 8187
[21:00:44] [IO-Worker-2/WARN] (Minecraft) Chunk has both internal and external streams
[21:00:44] [IO-Worker-2/ERROR] (Minecraft) External chunk path /Users/magje/code/mods/jade-modded-entities/fabric/runs/client/saves/New World/region/c.15.-2.mcc is not file
[21:00:44] [IO-Worker-3/WARN] (Minecraft) Chunk has both internal and external streams
[21:00:44] [IO-Worker-3/ERROR] (Minecraft) External chunk path /Users/magje/code/mods/jade-modded-entities/fabric/runs/client/saves/New World/region/c.15.-1.mcc is not file
[21:00:44] [IO-Worker-2/ERROR] (Minecraft) Declared size -887121518 of chunk [15, 0] is negative
[21:00:44] [IO-Worker-3/ERROR] (Minecraft) Chunk [15, 1] stream is truncated: expected 623479185 but read 8187
[21:00:44] [IO-Worker-2/WARN] (Minecraft) Chunk has both internal and external streams
[21:00:44] [IO-Worker-2/ERROR] (Minecraft) External chunk path /Users/magje/code/mods/jade-modded-entities/fabric/runs/client/saves/New World/region/c.15.2.mcc is not file
[21:00:44] [IO-Worker-3/ERROR] (Minecraft) Chunk [15, 3] stream is truncated: expected 1129404382 but read 8187
[21:00:44] [IO-Worker-2/WARN] (Minecraft) Chunk has both internal and external streams
[21:00:44] [IO-Worker-2/ERROR] (Minecraft) External chunk path /Users/magje/code/mods/jade-modded-entities/fabric/runs/client/saves/New World/region/c.15.4.mcc is not file
[21:00:44] [IO-Worker-3/WARN] (Minecraft) Chunk has both internal and external streams
[21:00:44] [IO-Worker-3/ERROR] (Minecraft) External chunk path /Users/magje/code/mods/jade-modded-entities/fabric/runs/client/saves/New World/region/c.15.5.mcc is not file
[21:00:44] [IO-Worker-2/ERROR] (Minecraft) Chunk [15, 6] stream is truncated: expected 642108053 but read 8187
[21:00:44] [IO-Worker-3/ERROR] (Minecraft) Declared size -545393785 of chunk [15, 7] is negative
[21:00:44] [IO-Worker-2/WARN] (Minecraft) Chunk has both internal and external streams
[21:00:44] [IO-Worker-2/ERROR] (Minecraft) External chunk path /Users/magje/code/mods/jade-modded-entities/fabric/runs/client/saves/New World/region/c.15.8.mcc is not file
[21:00:44] [IO-Worker-3/WARN] (Minecraft) Chunk has both internal and external streams
[21:00:44] [IO-Worker-3/ERROR] (Minecraft) External chunk path /Users/magje/code/mods/jade-modded-entities/fabric/runs/client/saves/New World/region/c.15.9.mcc is not file
[21:00:44] [IO-Worker-2/WARN] (Minecraft) Chunk has both internal and external streams
[21:00:44] [IO-Worker-2/ERROR] (Minecraft) External chunk path /Users/magje/code/mods/jade-modded-entities/fabric/runs/client/saves/New World/region/c.-11.-9.mcc is not file
[21:00:44] [IO-Worker-3/WARN] (Minecraft) Chunk has both internal and external streams
[21:00:44] [IO-Worker-3/ERROR] (Minecraft) External chunk path /Users/magje/code/mods/jade-modded-entities/fabric/runs/client/saves/New World/region/c.-11.-8.mcc is not file
[21:00:44] [IO-Worker-2/ERROR] (Minecraft) Declared size -679622881 of chunk [-11, -7] is negative
[21:00:44] [IO-Worker-3/WARN] (Minecraft) Chunk has both internal and external streams
[21:00:44] [IO-Worker-3/ERROR] (Minecraft) External chunk path /Users/magje/code/mods/jade-modded-entities/fabric/runs/client/saves/New World/region/c.-11.-6.mcc is not file
[21:00:44] [IO-Worker-2/ERROR] (Minecraft) Chunk [-11, -5] stream is truncated: expected 1199490918 but read 8187
[21:00:44] [IO-Worker-3/WARN] (Minecraft) Chunk has both internal and external streams
[21:00:44] [IO-Worker-3/ERROR] (Minecraft) External chunk path /Users/magje/code/mods/jade-modded-entities/fabric/runs/client/saves/New World/region/c.-11.-4.mcc is not file
[21:00:44] [IO-Worker-2/WARN] (Minecraft) Chunk has both internal and external streams
[21:00:44] [IO-Worker-2/ERROR] (Minecraft) External chunk path /Users/magje/code/mods/jade-modded-entities/fabric/runs/client/saves/New World/region/c.-11.-3.mcc is not file
[21:00:44] [IO-Worker-3/WARN] (Minecraft) Chunk has both internal and external streams
[21:00:44] [IO-Worker-3/ERROR] (Minecraft) External chunk path /Users/magje/code/mods/jade-modded-entities/fabric/runs/client/saves/New World/region/c.-11.-2.mcc is not file
[21:00:44] [IO-Worker-2/ERROR] (Minecraft) Chunk [-11, -1] stream is truncated: expected 1467399874 but read 8187
[21:00:44] [IO-Worker-3/ERROR] (Minecraft) Chunk [-11, 0] stream is truncated: expected 1574924058 but read 8187
[21:00:44] [IO-Worker-2/ERROR] (Minecraft) Declared size -308424845 of chunk [-11, 1] is negative
[21:00:44] [IO-Worker-3/ERROR] (Minecraft) Chunk [-11, 2] stream is truncated: expected 1332484950 but read 8187
[21:00:44] [IO-Worker-2/ERROR] (Minecraft) Chunk [-11, 3] stream is truncated: expected 2023550364 but read 8187
[21:00:44] [Worker-Main-11/ERROR] (Minecraft) No key Level in MapLike[{Heightmaps:{MOTION_BLOCKING:[L;2472731781315235459L,2436703122138928265L,2436597224618135175L,2454787889257845385L,2382554029493128839L,2545000894170992260L,2382800526256180364L,2545000481450952836L,2436879250426763918L,2400603680824952971L,2544965710471830669L,2472661274864720012L,2545000963428913801L,2400604025364224653L,2545000757000999557L,2454893649070200973L,2508901590968633989L,2526951242839956109L,2490816479714939015L,2436844066188629643L,2418653332829703815L,2508901590969422472L,2418934945110888075L,2436702984296008838L,2454752635897319047L,2436702984161791118L,2454752636031798919L,2436702915444412552L,2454752636031536775L,2436703466272395400L,2454752635897319047L,2563050133321224328L,2454752567177842311L,2454752636031799432L,2454717382805758094L,2454752636031799432L,19096212104L],MOTION_BLOCKING_NO_LEAVES:[L;2382554028955207299L,2436702984161527940L,2382554029089689223L,2418653263572308100L,2382554029493128839L,2400603680824952964L,2382659788767825030L,2400603680825215108L,2436702984161790597L,2400603680824952968L,2436667731474188933L,2400603680826003079L,2418653332560743045L,2400603887252608646L,2418653332560743045L,2454717382805752966L,2418794070049098373L,2436702984296011910L,2418653332560744583L,2436702984296008838L,2418653332829703815L,2436702984296008838L,2418723838878355079L,2436702984296008838L,2454752635897319047L,2436702984161791112L,2454752636031798919L,2436702915442839688L,2454752636031536775L,2436703053150228616L,2454752635897319047L,2454752636031799432L,2454752567177842311L,2454752636031799432L,2454717382805754505L,2454752636031799432L,18423812744L],OCEAN_FLOOR:[L;2472731781315235459L,2436703122138928265L,2436597224618135175L,2454787889257845385L,2382554029493128839L,2545000894170992260L,2382800526256180364L,2545000481450952836L,2436879250426763918L,2400603680824952971L,2544965710471830669L,2472661274864720012L,2545000963428913801L,2400604025364224653L,2545000757000999557L,2454893649070200973L,2508901590968633989L,2526951242839956109L,2490816479714939015L,2436844066188629643L,2418653332829703815L,2508901590969422472L,2418934945110888075L,2436702984296008838L,2454752635897319047L,2436702984161791118L,2454752636031798919L,2436702915444412552L,2454752636031536775L,2436703466272395400L,2454752635897319047L,2563050133321224328L,2454752567177842311L,2454752636031799432L,2454717382805758094L,2454752636031799432L,19096212104L],WORLD_SURFACE:[L;2472731781315235459L,2436703122138928265L,2436597224618135175L,2454787889257845385L,2382554029493128839L,2545000894170992260L,2382800526256180364L,2545000481450952836L,2436879250426763918L,2400603680824952971L,2544965710471830669L,2472661274864720012L,2545000963428913801L,2400604025364224653L,2545000757000999557L,2454893649070200973L,2508901590968633989L,2526951242839956109L,2490816479714939015L,2436844066188629643L,2418653332829703815L,2508901590969422472L,2418934945110888075L,2436702984296008838L,2454752635897319047L,2436702984161791118L,2454752636031798919L,2436702915444412552L,2454752636031536775L,2436703466272395400L,2454752635897319047L,2563050133321224328L,2454752567177842311L,2454752636031799432L,2454717382805758094L,2454752636031799432L,19096212104L]},InhabitedTime:185L,LastUpdate:204L,Status:"minecraft:full",block_entities:[],sections:[{BlockLight:[B;0B,0B,0B,0B,0B,0B,0B,0B,0B,0B,0B,0B,0B,0B,0B,0B,0B,0B,0B,0B,0B,0B,0B,0B,0B,0B,0B,0B,0B,0B,0B,0B,0B,0B,0B,0B,0B,0B,0B,0B,0B,0B,0B,0B,0B,0B,0B,0B,0B,0B,0B,0B,0B,0B,0B,0B,0B,0B,0B,0B,0B,0B,0B,0B,0B,0B,0B,0B,0B,0B,0B,0B,0B,0B,0B,0B,0B,0B,0B,0B,0B,0B,0B,0B,0B,0B,0B,0B,0B,0B,0B,0B,0B,0B,0B,0B,0B,0B,0B,0B,0B,0B,0B,0B,0B,0B,0B,0B,0B,0B,0B,0B,0B,0B,0B,0B,0B,0B,0B,0B,0B,0B,0B,0B,0B,0B,0B,0B,0B,0B,0B,0B,0B,0B,0B,0B,0B,0B,0B,0B,0B,0B,0B,0B,0B,0B,0B,0B,0B,0B,0B,0B,0B,0B,0B,0B,0B,0B,0B,0B,0B,0B,0B,0B,0B,0B,0B,0B,0B,0B,0B,0B,0B,0B,0B,0B,0B,0B,0B,0B,0B,0B,0B,0B,0B,0B,0B,0B,0B,0B,0B,0B,0B,0B,0B,0B,0B,0B,0B,0B,0B,0B,0B,0B,0B,0B,0B,0B,0B,0B,0B,0B,0B,0B,0B,0B,0B,0B,0B,0B,0B,0B,0B,0B,0B,0B,0B,0B,0B,0B,0B,0B,0B,0B,0B,0B,0B,0B,0B,0B,0B,0B,0B,0B,0B,0B,0B,0B,0B,0B,0B,0B,0B,0B,0B,0B,0B,0B,0B,0B,0B,0B,0B,0B,0B,0B,0B,0B,0B,0B,0B,0B,0B,0B,0B,0B,0B,0B,0B,0B,0B,0B,0B,0B,0B,0B,0B,0B,0B,0B,0B,0B,0B,0B,0B,0B,0B,0B,0B,0B,0B,0B,0B,0B,0B,0B,0B,0B,0B,0B,0B,0B,0B,0B,0B,0B,0B,0B,0B,0B,0B,0B,0B,0B,0B,0B,0B,0B,0B,0B,0B,0B,0B,0B,0B,0B,0B,0B,0B,0B,0B,0B,0B,0B,0B,0B,0B,0B,0B,0B,0B,0B,0B,0B,0B,0B,0B,0B,0B,0B,0B,0B,0B,0B,0B,0B,0B,0B,0B,0B,0B,0B,0B,0B,0B,0B,0B,0B,0B,0B,0B,0B,0B,0B,0B,0B,0B,0B,0B,0B,0B,0B,0B,0B,0B,0B,0B,0B,0B,0B,0B,0B,0B,0B,0B,0B,0B,0B,0B,0B,0B,0B,0B,0B,0B,0B,0B,0B,0B,0B,0B,0B,0B,0B,0B,0B,0B,0B,0B,0B,0B,0B,0B,0B,0B,0B,0B,0B,0B,0B,0B,0B,0B,0B,0B,0B,0B,0B,0B,0B,0B,0B,0B,0B,0B,0B,0B,0B,0B,0B,0B,0B,0B,0B,0B,0B,0B,0B,0B,0B,0B,0B,0B,0B,0B,0B,0B,0B,0B,0B,0B,0B,0B,0B,0B,0B,0B,0B,0B,0B,0B,0B,0B,0B,0B,0B,0B,0B,0B,0B,0B,0B,0B,0B,0B,0B,0B,0B,0B,0B,0B,0B,0B,0B,0B,0B,0B,0B,0B,0B,0B,0B,0B,0B,0B,0B,0B,0B,0B,0B,0B,0B,0B,0B,0B,0B,0B,0B,0B,0B,0B,0B,0B,0B,0B,0B,0B,0B,0B,0B,0B,0B,0B,0B,0B,0B,0B,0B,0B,0B,0B,0B,0B,0B,0B,0B,0B,0B,0B,0B,0B,0B,0B,0B,0B,0B,0B,0B,0B,0B,0B,0B,0B,0B,0B,0B,0B,0B,0B,0B,0B,0B,0B,0B,0B,0B,0B,0B,0B,0B,0B,0B,0B,0B,0B,0B,0B,0B,0B,0B,0B,0B,0B,0B,0B,0B,0B,0B,0B,0B,0B,0B,0B,0B,0B,0B,0B,0B,0B,0B,0B,0B,0B,0B,0B,0B,0B,0B,0B,0B,0B,0B,0B,0B,0B,0B,0B,0B,0B,0B,0B,0B,0B,0B,0B,0B,0B,0B,0B,0B,0B,0B,0B,0B,0B,0B,0B,0B,0B,0B,0B,0B,0B,0B,0B,0B,0B,0B,0B,0B,0B,0B,0B,0B,0B,0B,0B,0B,0B,0B,0B,0B,0B,0B,0B,0B,0B,0B,0B,0B,0B,0B,0B,0B,0B,0B,0B,0B,0B,0B,0B,0B,0B,0B,0B,0B,0B,0B,0B,0B,0B,0B,0B,0B,0B,0B,0B,0B,0B,0B,0B,0B,0B,0B,0B,0B,0B,0B,0B,0B,0B,0B,0B,0B,0B,0B,0B,0B,0B,0B,0B,0B,0B,0B,0B,0B,0B,0B,0B,0B,0B,0B,0B,0B,0B,0B,0B,0B,0B,0B,0B,0B,0B,0B,0B,0B,0B,0B,0B,0B,0B,0B,0B,0B,0B,0B,0B,0B,0B,0B,0B,0B,0B,0B,0B,0B,0B,0B,0B,0B,0B,0B,0B,0B,0B,0B,0B,0B,0B,0B,0B,0B,0B,0B,0B,0B,0B,0B,0B,0B,0B,0B,0B,0B,0B,0B,0B,0B,0B,0B,0B,0B,0B,0B,0B,0B,0B,0B,0B,0B,0B,0B,0B,0B,0B,0B,0B,0B,0B,0B,0B,0B,0B,0B,0B,0B,0B,0B,0B,0B,0B,0B,0B,0B,0B,0B,0B,0B,0B,0B,0B,0B,0B,0B,0B,0B,0B,0B,0B,0B,0B,0B,0B,0B,0B,0B,0B,0B,0B,0B,0B,0B,0B,0B,0B,0B,0B,0B,0B,0B,0B,0B,0B,0B,0B,0B,0B,0B,0B,0B,0B,0B,0B,0B,0B,0B,0B,0B,0B,0B,0B,0B,0B,0B,0B,0B,0B,0B,0B,0B,0B,0B,0B,0B,0B,0B,0B,0B,0B,0B,0B,0B,0B,0B,0B,0B,0B,0B,0B,0B,0B,0B,0B,0B,0B,0B,0B,0B,0B,0B,0B,0B,0B,0B,0B,0B,0B,0B,0B,0B,0B,0B,0B,0B,0B,0B,0B,0B,0B,0B,0B,0B,0B,0B,0B,0B,0B,0B,0B,0B,0B,0B,0B,0B,0B,0B,0B,0B,0B,0B,0B,0B,0B,0B,0B,0B,0B,0B,0B,0B,0B,0B,0B,0B,0B,0B,0B,0B,0B,0B,0B,0B,0B,0B,0B,0B,0B,0B,0B,0B,0B,0B,0B,0B,0B,0B,0B,0B,0B,0B,0B,0B,0B,0B,0B,0B,0B,0B,0B,0B,0B,0B,0B,0B,0B,0B,0B,0B,0B,0B,0B,0B,0B,0B,0B,0B,0B,0B,0B,0B,0B,0B,0B,0B,0B,0B,0B,0B,0B,0B,0B,0B,0B,0B,0B,0B,0B,0B,0B,0B,0B,0B,0B,0B,0B,0B,0B,0B,0B,0B,0B,0B,0B,0B,0B,0B,0B,0B,0B,0B,0B,0B,0B,0B,0B,0B,0B,0B,0B,0B,0B,0B,0B,0B,0B,0B,0B,0B,0B,0B,0B,0B,0B,0B,0B,0B,0B,0B,0B,0B,0B,0B,0B,0B,0B,0B,0B,0B,0B,0B,0B,0B,0B,0B,0B,0B,0B,0B,0B,0B,0B,0B,0B,0B,0B,0B,0B,0B,0B,0B,0B,0B,0B,0B,0B,0B,0B,0B,0B,0B,0B,0B,0B,0B,0B,0B,0B,0B,0B,0B,0B,0B,0B,0B,0B,0B,0B,0B,0B,0B,0B,0B,0B,0B,0B,0B,0B,0B,0B,0B,0B,0B,0B,0B,0B,0B,0B,0B,0B,0B,0B,0B,0B,0B,0B,0B,0B,0B,0B,0B,0B,0B,0B,0B,0B,0B,0B,0B,0B,0B,0B,0B,0B,0B,0B,0B,0B,0B,0B,0B,0B,0B,0B,0B,0B,0B,0B,0B,0B,0B,0B,0B,0B,0B,0B,0B,0B,0B,0B,0B,0B,0B,0B,0B,0B,0B,0B,0B,0B,0B,0B,0B,0B,0B,0B,0B,0B,0B,0B,0B,0B,0B,0B,0B,0B,0B,0B,0B,0B,0B,0B,0B,0B,0B,0B,0B,0B,0B,0B,0B,0B,0B,0B,0B,0B,0B,0B,0B,0B,0B,0B,0B,0B,0B,0B,0B,0B,0B,0B,0B,0B,0B,0B,0B,0B,0B,0B,0B,0B,0B,0B,0B,0B,0B,0B,0B,0B,0B,0B,0B,0B,0B,0B,0B,0B,0B,0B,0B,0B,0B,0B,0B,0B,0B,0B,0B,0B,0B,0B,0B,0B,0B,0B,0B,0B,0B,0B,0B,0B,0B,0B,0B,0B,0B,0B,0B,0B,0B,0B,0B,0B,0B,0B,0B,0B,0B,0B,0B,0B,0B,0B,0B,0B,0B,0B,0B,0B,-48B,0B,0B,0B,0B,0B,0B,0B,0B,0B,0B,0B,0B,0B,0B,0B,0B,0B,0B,0B,0B,0B,0B,0B,0B,0B,0B,0B,0B,0B,0B,0B,0B,0B,0B,0B,0B,0B,0B,0B,0B,0B,0B,0B,0B,0B,0B,0B,0B,0B,0B,0B,0B,0B,0B,0B,0B,0B,0B,0B,0B,0B,0B,0B,0B,0B,0B,0B,0B,0B,0B,0B,0B,0B,0B,0B,0B,0B,0B,0B,0B,0B,0B,0B,0B,0B,0B,0B,0B,0B,0B,0B,0B,0B,0B,0B,0B,0B,0B,0B,0B,0B,0B,0B,0B,0B,0B,0B,0B,0B,0B,0B,0B,0B,0B,0B,0B,0B,0B,0B,0B,0B,0B,0B,0B,0B,0B,0B,-64B,0B,0B,0B,0B,0B,0B,0B,0B,0B,0B,0B,0B,0B,0B,0B,0B,0B,0B,0B,0B,0B,0B,0B,0B,0B,0B,0B,0B,0B,0B,0B,0B,0B,0B,0B,0B,0B,0B,0B,0B,0B,0B,0B,0B,0B,0B,0B,0B,0B,0B,0B,0B,0B,0B,0B,0B,0B,0B,0B,0B,0B,0B,0B,0B,0B,0B,0B,0B,0B,0B,0B,0B,0B,0B,0B,0B,0B,0B,0B,0B,0B,0B,0B,0B,0B,0B,0B,0B,0B,0B,0B,0B,0B,0B,0B,0B,0B,0B,0B,0B,0B,0B,0B,0B,0B,0B,0B,0B,0B,0B,0B,0B,0B,0B,0B,0B,0B,0B,0B,0B,0B,0B,0B,0B,0B,0B,0B,0B,0B,0B,0B,0B,0B,0B,0B,0B,0B,0B,0B,0B,0B,0B,0B,0B,0B,0B,0B,0B,0B,0B,0B,0B,0B,0B,0B,0B,0B,0B,0B,0B,0B,0B,0B,0B,0B,0B,0B,0B,0B,0B,0B,0B,0B,0B,0B,0B,0B,0B,0B,0B,0B,0B,0B,0B,0B,0B,0B,0B,0B,0B,0B,0B,0B,0B,0B,0B,0B,0B,0B,0B,0B,0B,0B,0B,0B,0B,0B,0B,0B,0B,0B,0B,0B,0B,0B,0B,0B,0B,0B,0B,0B,0B,0B,0B,0B,0B,0B,0B,0B,0B,0B,0B,0B,0B,0B,0B,0B,0B,0B,0B,0B,0B,0B,0B,0B,0B,0B,0B,0B,0B,0B,0B,0B,0B,0B,0B,0B,0B,0B,0B,0B,0B,0B,0B,0B,0B,0B,0B,0B,0B,0B,0B,0B,0B,0B,0B,0B,0B,0B,0B,0B,0B,0B,0B,0B,0B,0B,0B,0B,0B,0B,0B,0B,0B,0B,0B,0B,0B,0B,0B,0B,0B,0B,0B,0B,0B,0B,0B,0B,0B,0B,0B,0B,0B,0B,0B,0B,0B,0B,0B,0B,0B,0B,0B,0B,0B,0B,0B,0B,0B,0B,0B,0B,0B,0B,0B,0B,0B,0B,0B,0B,0B,0B,0B,0B,0B,0B,0B,0B,0B,0B,0B,0B,0B,0B,0B,0B,0B,0B,0B,0B,0B,0B,0B,0B,0B,0B,0B,0B,0B,0B,0B,0B,0B,0B,0B,0B,0B,0B,0B,0B,0B,0B,0B,0B,0B,0B,0B,0B,0B,0B,0B,0B,0B,0B,0B,0B,0B,0B,0B,0B,0B,0B,0B,0B,0B,0B,0B,0B,0B,0B,0B,0B,0B,0B,0B,0B,0B,0B,0B,0B,0B,0B,0B,0B,0B,0B,0B,0B,0B,0B,0B,0B,0B,0B,0B,0B,0B,0B,0B,0B,0B,0B,0B,0B,0B,0B,0B,0B,0B,0B,0B,0B,0B,0B,0B,0B,0B,0B,0B,0B,0B,0B,0B,0B,0B,0B,0B,0B,0B,0B,0B,0B,0B,0B,0B,0B,0B,0B,0B,0B,0B,0B,0B,0B,0B,0B,0B,0B,0B,0B,0B,0B,0B,0B,0B,0B,0B,0B,0B,0B,0B,0B,0B,0B,0B,0B,0B,0B,0B,0B,0B],Y:-4b,biomes:{data:[L;-3679778519502631698L],palette:["minecraft:stony_shore","minecraft:forest"]},block_states:{data:[L;0L,0L,0L,0L,0L,0L,0L,0L,0L,0L,0L,0L,0L,0L,0L,0L,68720525313L,17596497788928L,17660922298624L,1152922672839004160L,4096L,17825793L,1152921573326323712L,0L,65537L,1157707678722555904L,1152921504606851088L,1099511693584L,4505798919061504L,17592186109952L,268439568L,16777216L,69005803521L,897205800009729L,3458820657649811712L,3459609007471267840L,1152940200867926016L,1157725275221463041L,1152922672839000321L,1157706583522935040L,76561193686532097L,1229782865216078080L,1157426203746963729L,4786243104735488L,1229483802347180048L,17660922368000L,1152921504875286545L,4785074621906944L,206444757249L,3459665027013804033L,3473176023195980048L,3675837796227026961L,1157443800496345088L,1153221675594092801L,1157443864652415249L,1157706583522738433L,1229781834440708097L,1229782865216082176L,1229501390256148753L,1157725344192598272L,1229765277323902993L,1225278238839881729L,1224997790611935249L,76860329565360400L,229683800862425345L,3459665233710157825L,3689348813899763985L,3675837800521994257L,1229501394534273281L,1225279269900456209L,1157725343940940049L,1157724175978266897L,1157724240402780177L,1229782938230526276L,1229782869527826756L,1229782938230526209L,1229765277341794577L,1229782938247316497L,1225261673402667025L,1229781834440642832L,1229820468208406801L,1383505805492424977L,1383505805492424977L,1229785137270558993L,1229782938247303441L,1229782938247303441L,1229782938247303441L,1229782938247303441L,1229782938247303441L,1229782938247303441L,1229782938247303441L,1229782938247303441L,1229782938247303441L,1229782938247303441L,1229782938247303441L,1229782938247303441L,1229782938247303441L,1229782938247303441L,1229782938247303441L,1229782938247303441L,1229782938247303441L,1229782938247303441L,1229782938247303441L,1229782938247303441L,1229782938247303441L,1229782938247303441L,1229782938247303441L,1229782938247303441L,1229782938247303441L,1229782938247303441L,1229782938247303441L,1229782938247303441L,1229782938247303441L,1229782938247303441L,1229782938247303441L,1229782938247303441L,1229782938247303441L,1229782938247303441L,1229782938247303441L,1229782938247303441L,1229782938247303441L,1229782938247303441L,1229782938247303441L,1229782938247303441L,1229782938247303441L,1229782938247303441L,1229782938247581969L,1229782938247581969L,1229782938247303441L,1229782938247303441L,1229782938247303441L,1229782938247303441L,1229782938247303441L,1229782938247303441L,1229782938247303441L,1229782938247303441L,1229782938247303441L,1229782938247303441L,1229782938247303441L,1229782938247303441L,1229782938247303441L,1229782938247303441L,1229782938247581969L,1229782938247581969L,1229782938247303441L,1229782938247303441L,1229782938247303441L,1229782938247303441L,1229782938247303441L,1229782938247303441L,1229784106478407953L,1229783006966780177L,1229782938247303441L,1229782938247303441L,1229782938247303441L,1229782938247303441L,1229782938247303441L,1229782938247303441L,1229782938247303441L,1229782938247303441L,1229782938247303441L,1229782938247303441L,1229782938247303521L,1229782938247303441L,1229782938247303441L,1229782938247303441L,1229784106478407953L,1229783007067443473L,1229782938247303441L,1229782938247303441L,1229782938247303441L,1229782938247303441L,1229782938247303441L,1229782938247303441L,1229782938247303441L,-9146510603214319343L,1229782938247303441L,1229782938247303441L,1229782938247303441L,1229782938247304801L,1229782938247303441L,1229782938247303441L,1229782938354258193L,1229782938354258193L,1229782938247303441L,1229782938247303441L,1229782938247303441L,1229782938247303441L,1229782938247303441L,1229782938247303441L,1229782938247303441L,-9146510603214319343L,1229782938247303441L,1229782938247303441L,1229782938247303441L,1229782938247303441L,1230627363177435409L,1229782938247303441L,1229782938247303441L,1229782938247303441L,1229782938247303441L,1229782938247303441L,1229782938247303441L,1229782938247303441L,1229782938247303441L,1229782938247303441L,1229782938247303441L,1229782938247303441L,1229782938247303441L,1229782938247303441L,1229782938247303441L,1229782938247303441L,1244138162059546897L,1244138162915184913L,1229782939102941457L,1229782938247303441L,1229782938247303441L,1229782938247303441L,1229782938247303441L,1229782938247303441L,1229782938247303441L,1229782938247303441L,1229782938247303441L,1229782938247303441L,1229782938247303441L,1229782938247303441L,1229782938247303441L,1229782938247303441L,1229782938247303441L,1229782939102941457L,1229782939102941457L,1229782938247303441L,1229782938247303441L,1229782938247303441L,1229782938247303441L,1229782938247303441L,1229782938247303441L,1229782938247303441L,1229782938247303441L,1229782938247303441L,1229782938247303441L,1229782938247303441L,1229782938247303441L,1229783350564163857L,1229783350564163857L,1229782938247303441L,1229782938247303441L,1229782938247303441L,1229782938247303441L,1229782938247303441L,1229782938247303441L,1229782938247303441L,1229782938247303459L,1229782938247303475L,1229782938247303475L,1229782938247303441L],palette:[{Name:"minecraft:bedrock"},{Name:"minecraft:deepslate",Properties:{axis:"y"}},{Name:"minecraft:deepslate_diamond_ore"},{Name:"minecraft:gravel"},{Name:"minecraft:deepslate_redstone_ore",Properties:{lit:"false"}},{Name:"minecraft:deepslate_gold_ore"},{Name:"minecraft:deepslate_iron_ore"},{Name:"minecraft:deepslate_lapis_ore"},{Name:"minecraft:air"}]}},{Y:-3b,biomes:{data:[L;-3679778519502631698L],palette:["minecraft:stony_shore","minecraft:forest"]},block_states:{data:[L;0L,0L,0L,68719476736L,68719476736L,0L,0L,0L,0L,0L,0L,2L,818L,818L,546L,34L,0L,0L,0L,0L,0L,0L,0L,0L,0L,0L,0L,34L,546L,802L,8738L,34L,0L,0L,0L,0L,0L,0L,0L,0L,0L,0L,0L,2L,34L,546L,546L,34L,0L,4899916394579099648L,4899916394579099648L,0L,0L,0L,0L,0L,0L,0L,0L,0L,2L,2L,0L,0L,0L,4899916394579099648L,4899916394579099648L,0L,0L,0L,0L,0L,0L,0L,0L,0L,0L,0L,0L,0L,27380417792L,0L,0L,0L,0L,0L,0L,0L,0L,0L,0L,0L,0L,0L,0L,0L,0L,80L,0L,0L,0L,0L,0L,0L,0L,0L,0L,0L,0L,0L,0L,0L,0L,80L,0L,0L,0L,0L,0L,0L,0L,0L,0L,0L,0L,0L,0L,0L,0L,0L,0L,0L,0L,0L,0L,0L,0L,0L,0L,0L,0L,0L,0L,0L,0L,0L,0L,0L,0L,0L,0L,0L,0L,0L,0L,0L,13690208256L,13690208256L,0L,0L,0L,0L,0L,229683580995895296L,229683580995895296L,0L,0L,0L,0L,0L,0L,0L,13690208256L,13690208256L,0L,0L,0L,0L,0L,0L,0L,0L,0L,0L,0L,0L,0L,0L,0L,89128960L,89128960L,0L,0L,0L,0L,0L,0L,0L,0L,0L,0L,0L,0L,0L,0L,0L,0L,0L,0L,0L,0L,0L,0L,0L,0L,0L,0L,0L,0L,0L,0L,0L,0L,0L,0L,0L,0L,0L,0L,0L,0L,0L,130841883705344L,130841883705344L,0L,1970324836974592L,0L,0L,0L,0L,0L,0L,512980156416L,513097596928L,8209678991360L,131354981302272L,131354863861760L,2101679700836352L,33626875213381632L,33626875213381632L,538030003414106112L,538030003414106112L,538029522377768960L,538021825796374528L,31525197391593472L,0L],palette:[{Name:"minecraft:deepslate",Properties:{axis:"y"}},{Name:"minecraft:deepslate_lapis_ore"},{Name:"minecraft:gravel"},{Name:"minecraft:deepslate_diamond_ore"},{Name:"minecraft:deepslate_gold_ore"},{Name:"minecraft:deepslate_redstone_ore",Properties:{lit:"false"}},{Name:"minecraft:deepslate_iron_ore"},{Name:"minecraft:tuff"}]}},{Y:-2b,biomes:{data:[L;-3679778519502631698L],palette:["minecraft:stony_shore","minecraft:forest"]},block_states:{data:[L;0L,4294967296L,1172811284480L,1172812333056L,18764998377472L,300239975088128L,4803839601410048L,4803839601410048L,76861433622560768L,76861433622560768L,1229782937960972288L,1229782937960972288L,1229782933666004992L,1229782933666004992L,1229781765434900480L,76842668642009088L,0L,73299656704L,1172811284480L,18764998377472L,300239975088128L,300239975088128L,4803839601410048L,76861433639337984L,76861433622560768L,1229782938229407744L,1229782938229407744L,1229782937960972288L,1229782937960972288L,1229782933666004992L,1229782864946528256L,1229781765434900480L,0L,73299656704L,1172812333056L,18764998377472L,300239975088128L,300239975088128L,4803839601410048L,76861433639337984L,1229782938246184960L,1229782938229407744L,1229782938229407744L,1229782937960972288L,1229782937960972288L,1229782933666004992L,1229782864946528256L,1229781765434900480L,0L,73282879488L,1172811284480L,1172812333056L,18764998377472L,300239975088128L,4803839601410048L,76861433639337984L,76861433622560768L,1229782938229407744L,1229782938229407744L,1229782937960972288L,1229782937978798080L,1229782933683830784L,1229782864946528256L,1229781765434900480L,0L,0L,73282879488L,1172811284480L,18764997328896L,18764997328896L,4803839584632832L,4803839584632832L,76861433622560768L,1229782938229407744L,1229782937978867985L,1229782938247303441L,1229782938247303441L,1229782938247303441L,1229782869527826688L,1229781765721227264L,0L,0L,0L,4294967296L,4563402752L,1172526071808L,18764712116224L,300239688826880L,4803839316197376L,76861433354195217L,76861429345489169L,76861433640456465L,1229782938247303441L,1229782938247303441L,1229782938247303441L,76860265410400512L,0L,0L,0L,0L,0L,0L,0L,0L,18691697672192L,300166960714001L,4802671371424017L,4802740090900753L,300239975158033L,4803839602528529L,4803839602528529L,4803839603577104L,0L,0L,0L,0L,196608L,196608L,0L,0L,0L,2305843009500025105L,2305843013794992401L,73300775185L,4803839602528529L,76861433640456465L,76861433640522001L,4803839602528528L,0L,0L,0L,0L,196608L,208896L,208896L,0L,0L,2305843009500025105L,2305843013794992401L,73300775185L,4803839602528529L,76861433640456465L,76879025826500881L,4804939114156304L,0L,0L,0L,0L,0L,208896L,208896L,12288L,0L,0L,286331153L,73300775185L,300239975158033L,4803839602528529L,4821431788572944L,4803839602528512L,0L,0L,0L,0L,0L,0L,216172782113783808L,3458764513820540928L,0L,0L,17895424L,286331152L,4581298449L,299140463530256L,299071744053504L,299067449081856L,0L,0L,0L,0L,0L,0L,216172782113783808L,3458764513820540928L,0L,0L,0L,0L,17825792L,17825792L,0L,0L,0L,0L,0L,0L,0L,0L,0L,0L,0L,0L,0L,0L,0L,0L,0L,0L,0L,0L,0L,0L,0L,0L,0L,0L,0L,0L,0L,0L,0L,0L,0L,0L,0L,0L,0L,0L,0L,0L,0L,0L,0L,0L,0L,0L,0L,0L,0L,0L,0L,0L,0L,0L,0L,0L,0L,0L,0L,0L,0L,0L,0L,0L,0L,0L],palette:[{Name:"minecraft:deepslate",Properties:{axis:"y"}},{Name:"minecraft:tuff"},{Name:"minecraft:deepslate_diamond_ore"},{Name:"minecraft:deepslate_iron_ore"}]}},{Y:-1b,biomes:{data:[L;-3679778519502631698L],palette:["minecraft:stony_shore","minecraft:forest"]},block_states:{data:[L;0L,0L,0L,0L,0L,0L,0L,0L,0L,0L,0L,0L,0L,0L,0L,0L,281474976710656L,0L,0L,0L,0L,0L,0L,0L,0L,0L,0L,0L,0L,0L,0L,0L,281474976710656L,0L,0L,0L,0L,0L,0L,0L,0L,0L,0L,0L,0L,0L,0L,0L,9160359936L,572522496L,35782656L,2236416L,139776L,8736L,544L,2L,0L,0L,0L,0L,0L,0L,0L,3458764513820540928L,9160359936L,572522496L,35782656L,2236416L,139776L,8736L,546L,70368744177698L,2L,0L,0L,0L,0L,0L,0L,3458764513820540928L,9160359936L,572522496L,35782656L,2236416L,139776L,8736L,546L,1196268656263202L,1196268656263170L,0L,0L,0L,0L,0L,0L,0L,9160359936L,572522496L,5497593921536L,2236416L,139776L,8736L,6917529027641082402L,6917529027646324770L,6918654927553167362L,8070450532247928832L,8070450532247928832L,0L,0L,0L,0L,0L,9160359936L,5841728045056L,5841191305216L,7349874591870885888L,7349874591868789248L,7349874591868658208L,7349874591868650018L,7349874591868649506L,7349874591868649474L,6917529027641081856L,6917529027641081856L,0L,0L,0L,0L,0L,0L,343597383680L,7349874591902203904L,7349874591870877696L,7349874591868789248L,7349874591868658208L,7349874591868650018L,7349874591868649474L,7349874591868649472L,7349874591868649472L,6917529027641081856L,0L,0L,0L,0L,0L,0L,0L,7349874591868649472L,7349874591868649472L,7349874591868649472L,7349874591868649472L,7349874591868649472L,7349874591868649472L,7349874591868649472L,6917529027641081856L,0L,70368744177664L,4398046511104L,0L,0L,0L,0L,0L,0L,0L,6917529027641081856L,6917529027641081856L,6917529027641081856L,6917529027641081856L,6917529027641081856L,0L,0L,0L,0L,0L,0L,0L,0L,0L,0L,0L,0L,0L,0L,0L,0L,0L,0L,0L,0L,0L,0L,0L,0L,0L,0L,0L,0L,0L,0L,0L,0L,100663296L,106954752L,0L,6291456L,6684672L,0L,32768L,0L,0L,0L,0L,0L,0L,0L,0L,1711276032L,1717567488L,1717567488L,1717960704L,107372544L,107372544L,6710784L,6710784L,0L,0L,0L,0L,0L,0L,0L,0L,1711276032L,1717567488L,1717960704L,1717960704L,107372544L,107372544L,107374080L,6710784L,689050742987685888L,-7378698289190797312L,-7378698289190797312L,689050742987685888L,0L,0L,0L,0L,0L,106954752L,1717567488L,107347968L,107372544L,107372544L,6710784L,6710784L],palette:[{Name:"minecraft:deepslate",Properties:{axis:"y"}},{Name:"minecraft:deepslate_diamond_ore"},{Name:"minecraft:air"},{Name:"minecraft:tuff"},{Name:"minecraft:deepslate_iron_ore"},{Name:"minecraft:deepslate_lapis_ore"},{Name:"minecraft:gravel"},{Name:"minecraft:deepslate_gold_ore"},{Name:"minecraft:deepslate_redstone_ore",Properties:{lit:"false"}},{Name:"minecraft:granite"}]}},{block_states:{data:[L;1229782937960972288L,1229782937960972288L,1229782937960972288L,1229782933666004992L,1229782864946528256L,0L,0L,0L,0L,0L,0L,0L,131072L,2228224L,139264L,139264L,1229782938247442483L,1229782938247233536L,1229782938247233536L,1229782938279751683L,1229782947356213296L,1229781765434913536L,4611689317770723328L,3145731L,13510812572319744L,13056L,216225764830348032L,3675781927022886960L,48L,844781415563264L,5497558138928L,216225558671917824L,1229782938247303219L,1229782938247303936L,1229782938247299840L,1229782938247245827L,1229782938766475312L,1229782864946541360L,4917934105367150643L,4917930999250169859L,4913427193464356867L,217073488295375619L,216229063365231363L,217017413205688368L,217017413202542643L,808661760L,216172782113783856L,808661760L,1229782938247303219L,1229782938247303984L,1229782938247303936L,1229782938247245827L,1229782938279948339L,1229782934471324416L,4919127075483484211L,4919127267898044467L,4918831293970526979L,217073501230609155L,216229076250145536L,217017413205689136L,14411505919524915L,808661763L,216172782113796144L,808661763L,1229782938247303219L,1229782938247303984L,1229782938247303939L,1229782938247246595L,1229782938229616691L,1229782934524801840L,4919131473529995267L,4919131666749862707L,4919131459786322739L,4842570558229132086L,3675839187526890295L,3591401112368L,14411299760898867L,847930432095027L,216225777715262256L,900500882141187L,1229782938247303219L,1229782938247303984L,1229782938247299891L,1229782938247246595L,1459466519007605555L,4919128162110026547L,4919131748407914499L,4919131735469339443L,4919131752920986419L,235388140519633715L,3477979872226194224L,1200959900365616L,3472332780510130995L,3674940887672226611L,216225777786565424L,14411298958946307L,1229782938247443251L,1229782938247443248L,1229782938249528115L,4918231033636205363L,4919128381150618419L,4919131735523222323L,4919131752702881795L,4919131752967975731L,4919131752988095283L,4919131752984949555L,3766210248382100272L,235388140523631408L,3472350372696425267L,3675839188672201523L,900724506772275L,230584094780830467L,-9146510456663100621L,1229782947409900339L,4904720380783166259L,4919077803618677555L,4919131679970505523L,4919131752989156147L,4919131752989208627L,4919131752989213491L,4919131752989213491L,4919131752989213491L,3766210248382366515L,3694152654344434691L,3689649054717068083L,3689367601215193907L,56733368337203L,230584301207700227L,3689348814741910323L,3689349987267982131L,4918850277994607411L,4919131752989143859L,4919131752989209395L,4919131752989209395L,4919131752989213747L,4919131752989213747L,4919131752989213747L,4919131752989213763L,3766210248382366787L,3766210248382366788L,3689649054717068356L,3689367601215194179L,3691443822765818675L,3689348815028241203L,3689649054699172659L,3689649054699172659L,4919131752988095283L,4919131752989209395L,4919131752989209395L,4919131752989213491L,4919131752989213747L,4919131752989213763L,4919131752989213763L,4919131752989213763L,3766210248382366788L,3694152654344438852L,3689754607833334852L,3691450054763365444L,3722975252154958643L,3722975178872075059L,3694152654326543155L,3694152654343320371L,4842570559323845427L,4919131752989209395L,4919131752989213491L,4919131752989213491L,4919131752989213747L,4919131752989213763L,4919131752989213763L,4919131752989213763L,3766210248389051460L,3694152654351149636L,3691443457693624900L,3722975252154958916L,3722975183435412275L,3722975178854183731L,3694152654326543155L,3694152654343320371L,3689649054716998451L,4914628153361838899L,4919131752989213491L,4919131752989213491L,4919131752989213747L,4919131752989213763L,4919131752989213763L,3766210248489714755L,3694152654451812931L,3689649054824442532L,3689349987561024170L,3691449981462620842L,3722975178854183738L,3722975178854183731L,3694152654326543155L,3694152654343320371L,3689649054715949875L,3689649054717063987L,3689649054717063987L,3761425173778281267L,3766192656196322355L,3694152654344438835L,3689649054717068339L,3689648981809996851L,2464369716490840739L,2459866116595034794L,2459584641500883626L,2459584641493543594L,3612506146099903402L,3684686885440140083L,3694152654290760499L,3689649054663521075L,3689649054715949875L,3689649054716998451L,3689367579740353331L,3689349987554308915L,3689348888042685235L,3689348888042685235L,3689348819323208755L,2464369716121715508L,2459866116595034675L,2459584641500883626L,2459567049307499178L,2459567049307040426L,2459567049307012010L,3612488553913856819L,3689367578917142532L,5647915688260562281L,3689348814883926818L,4918831586314830913L,1239484587040744243L,8291232098596045892L,4919128235976951808L,310292547332420778L,4842533033908320938L,-6182560333166333014L,-6148914691236517206L,-6148914691236517206L,-6148914691236517206L,-6148914691236517206L,-6148914691236517206L,-6148914691236517206L,-6148914691236517206L,-6148914691236517206L,-6148914691236517206L,-6148914691236517206L,-6148914691236517206L,-6148914691236517206L,-6148914691236517206L,-6148914691236517206L,-6148914691236517206L,-6148914691236517206L,-6148914691236517206L,-6148914691236517206L,-6148914691236517206L,-6148914691236517206L,-6194691990275577174L,-6159798390335995904L]}},{},{},{},{},{},{},{},{},{},{},{},{},{},{},{},{},{},{},{}],structures:{References:{},starts:{}},xPos:1,yPos:-4,zPos:0}]
[21:00:44] [Server thread/INFO] (Minecraft) Preparing spawn area: 16%
[21:00:44] [IO-Worker-1/INFO] (Minecraft) Saved details to /Users/magje/code/mods/jade-modded-entities/fabric/runs/client/debug/chunk-New World-2026-01-21_21.00.44-server.txt
[21:00:44] [Worker-Main-11/ERROR] (Minecraft) No key Level in MapLike[{Heightmaps:{MOTION_BLOCKING:[L;2472731781315235459L,2436703122138928265L,2436597224618135175L,2454787889257845385L,2382554029493128839L,2545000894170992260L,2382800526256180364L,2545000481450952836L,2436879250426763918L,2400603680824952971L,2544965710471830669L,2472661274864720012L,2545000963428913801L,2400604025364224653L,2545000757000999557L,2454893649070200973L,2508901590968633989L,2526951242839956109L,2490816479714939015L,2436844066188629643L,2418653332829703815L,2508901590969422472L,2418934945110888075L,2436702984296008838L,2454752635897319047L,2436702984161791118L,2454752636031798919L,2436702915444412552L,2454752636031536775L,2436703466272395400L,2454752635897319047L,2563050133321224328L,2454752567177842311L,2454752636031799432L,2454717382805758094L,2454752636031799432L,19096212104L],MOTION_BLOCKING_NO_LEAVES:[L;2382554028955207299L,2436702984161527940L,2382554029089689223L,2418653263572308100L,2382554029493128839L,2400603680824952964L,2382659788767825030L,2400603680825215108L,2436702984161790597L,2400603680824952968L,2436667731474188933L,2400603680826003079L,2418653332560743045L,2400603887252608646L,2418653332560743045L,2454717382805752966L,2418794070049098373L,2436702984296011910L,2418653332560744583L,2436702984296008838L,2418653332829703815L,2436702984296008838L,2418723838878355079L,2436702984296008838L,2454752635897319047L,2436702984161791112L,2454752636031798919L,2436702915442839688L,2454752636031536775L,2436703053150228616L,2454752635897319047L,2454752636031799432L,2454752567177842311L,2454752636031799432L,2454717382805754505L,2454752636031799432L,18423812744L],OCEAN_FLOOR:[L;2472731781315235459L,2436703122138928265L,2436597224618135175L,2454787889257845385L,2382554029493128839L,2545000894170992260L,2382800526256180364L,2545000481450952836L,2436879250426763918L,2400603680824952971L,2544965710471830669L,2472661274864720012L,2545000963428913801L,2400604025364224653L,2545000757000999557L,2454893649070200973L,2508901590968633989L,2526951242839956109L,2490816479714939015L,2436844066188629643L,2418653332829703815L,2508901590969422472L,2418934945110888075L,2436702984296008838L,2454752635897319047L,2436702984161791118L,2454752636031798919L,2436702915444412552L,2454752636031536775L,2436703466272395400L,2454752635897319047L,2563050133321224328L,2454752567177842311L,2454752636031799432L,2454717382805758094L,2454752636031799432L,19096212104L],WORLD_SURFACE:[L;2472731781315235459L,2436703122138928265L,2436597224618135175L,2454787889257845385L,2382554029493128839L,2545000894170992260L,2382800526256180364L,2545000481450952836L,2436879250426763918L,2400603680824952971L,2544965710471830669L,2472661274864720012L,2545000963428913801L,2400604025364224653L,2545000757000999557L,2454893649070200973L,2508901590968633989L,2526951242839956109L,2490816479714939015L,2436844066188629643L,2418653332829703815L,2508901590969422472L,2418934945110888075L,2436702984296008838L,2454752635897319047L,2436702984161791118L,2454752636031798919L,2436702915444412552L,2454752636031536775L,2436703466272395400L,2454752635897319047L,2563050133321224328L,2454752567177842311L,2454752636031799432L,2454717382805758094L,2454752636031799432L,19096212104L]},InhabitedTime:185L,LastUpdate:204L,Status:"minecraft:full",__context:{dimension:"minecraft:overworld",generator:"minecraft:noise"},block_entities:[],sections:[{BlockLight:[B;0B,0B,0B,0B,0B,0B,0B,0B,0B,0B,0B,0B,0B,0B,0B,0B,0B,0B,0B,0B,0B,0B,0B,0B,0B,0B,0B,0B,0B,0B,0B,0B,0B,0B,0B,0B,0B,0B,0B,0B,0B,0B,0B,0B,0B,0B,0B,0B,0B,0B,0B,0B,0B,0B,0B,0B,0B,0B,0B,0B,0B,0B,0B,0B,0B,0B,0B,0B,0B,0B,0B,0B,0B,0B,0B,0B,0B,0B,0B,0B,0B,0B,0B,0B,0B,0B,0B,0B,0B,0B,0B,0B,0B,0B,0B,0B,0B,0B,0B,0B,0B,0B,0B,0B,0B,0B,0B,0B,0B,0B,0B,0B,0B,0B,0B,0B,0B,0B,0B,0B,0B,0B,0B,0B,0B,0B,0B,0B,0B,0B,0B,0B,0B,0B,0B,0B,0B,0B,0B,0B,0B,0B,0B,0B,0B,0B,0B,0B,0B,0B,0B,0B,0B,0B,0B,0B,0B,0B,0B,0B,0B,0B,0B,0B,0B,0B,0B,0B,0B,0B,0B,0B,0B,0B,0B,0B,0B,0B,0B,0B,0B,0B,0B,0B,0B,0B,0B,0B,0B,0B,0B,0B,0B,0B,0B,0B,0B,0B,0B,0B,0B,0B,0B,0B,0B,0B,0B,0B,0B,0B,0B,0B,0B,0B,0B,0B,0B,0B,0B,0B,0B,0B,0B,0B,0B,0B,0B,0B,0B,0B,0B,0B,0B,0B,0B,0B,0B,0B,0B,0B,0B,0B,0B,0B,0B,0B,0B,0B,0B,0B,0B,0B,0B,0B,0B,0B,0B,0B,0B,0B,0B,0B,0B,0B,0B,0B,0B,0B,0B,0B,0B,0B,0B,0B,0B,0B,0B,0B,0B,0B,0B,0B,0B,0B,0B,0B,0B,0B,0B,0B,0B,0B,0B,0B,0B,0B,0B,0B,0B,0B,0B,0B,0B,0B,0B,0B,0B,0B,0B,0B,0B,0B,0B,0B,0B,0B,0B,0B,0B,0B,0B,0B,0B,0B,0B,0B,0B,0B,0B,0B,0B,0B,0B,0B,0B,0B,0B,0B,0B,0B,0B,0B,0B,0B,0B,0B,0B,0B,0B,0B,0B,0B,0B,0B,0B,0B,0B,0B,0B,0B,0B,0B,0B,0B,0B,0B,0B,0B,0B,0B,0B,0B,0B,0B,0B,0B,0B,0B,0B,0B,0B,0B,0B,0B,0B,0B,0B,0B,0B,0B,0B,0B,0B,0B,0B,0B,0B,0B,0B,0B,0B,0B,0B,0B,0B,0B,0B,0B,0B,0B,0B,0B,0B,0B,0B,0B,0B,0B,0B,0B,0B,0B,0B,0B,0B,0B,0B,0B,0B,0B,0B,0B,0B,0B,0B,0B,0B,0B,0B,0B,0B,0B,0B,0B,0B,0B,0B,0B,0B,0B,0B,0B,0B,0B,0B,0B,0B,0B,0B,0B,0B,0B,0B,0B,0B,0B,0B,0B,0B,0B,0B,0B,0B,0B,0B,0B,0B,0B,0B,0B,0B,0B,0B,0B,0B,0B,0B,0B,0B,0B,0B,0B,0B,0B,0B,0B,0B,0B,0B,0B,0B,0B,0B,0B,0B,0B,0B,0B,0B,0B,0B,0B,0B,0B,0B,0B,0B,0B,0B,0B,0B,0B,0B,0B,0B,0B,0B,0B,0B,0B,0B,0B,0B,0B,0B,0B,0B,0B,0B,0B,0B,0B,0B,0B,0B,0B,0B,0B,0B,0B,0B,0B,0B,0B,0B,0B,0B,0B,0B,0B,0B,0B,0B,0B,0B,0B,0B,0B,0B,0B,0B,0B,0B,0B,0B,0B,0B,0B,0B,0B,0B,0B,0B,0B,0B,0B,0B,0B,0B,0B,0B,0B,0B,0B,0B,0B,0B,0B,0B,0B,0B,0B,0B,0B,0B,0B,0B,0B,0B,0B,0B,0B,0B,0B,0B,0B,0B,0B,0B,0B,0B,0B,0B,0B,0B,0B,0B,0B,0B,0B,0B,0B,0B,0B,0B,0B,0B,0B,0B,0B,0B,0B,0B,0B,0B,0B,0B,0B,0B,0B,0B,0B,0B,0B,0B,0B,0B,0B,0B,0B,0B,0B,0B,0B,0B,0B,0B,0B,0B,0B,0B,0B,0B,0B,0B,0B,0B,0B,0B,0B,0B,0B,0B,0B,0B,0B,0B,0B,0B,0B,0B,0B,0B,0B,0B,0B,0B,0B,0B,0B,0B,0B,0B,0B,0B,0B,0B,0B,0B,0B,0B,0B,0B,0B,0B,0B,0B,0B,0B,0B,0B,0B,0B,0B,0B,0B,0B,0B,0B,0B,0B,0B,0B,0B,0B,0B,0B,0B,0B,0B,0B,0B,0B,0B,0B,0B,0B,0B,0B,0B,0B,0B,0B,0B,0B,0B,0B,0B,0B,0B,0B,0B,0B,0B,0B,0B,0B,0B,0B,0B,0B,0B,0B,0B,0B,0B,0B,0B,0B,0B,0B,0B,0B,0B,0B,0B,0B,0B,0B,0B,0B,0B,0B,0B,0B,0B,0B,0B,0B,0B,0B,0B,0B,0B,0B,0B,0B,0B,0B,0B,0B,0B,0B,0B,0B,0B,0B,0B,0B,0B,0B,0B,0B,0B,0B,0B,0B,0B,0B,0B,0B,0B,0B,0B,0B,0B,0B,0B,0B,0B,0B,0B,0B,0B,0B,0B,0B,0B,0B,0B,0B,0B,0B,0B,0B,0B,0B,0B,0B,0B,0B,0B,0B,0B,0B,0B,0B,0B,0B,0B,0B,0B,0B,0B,0B,0B,0B,0B,0B,0B,0B,0B,0B,0B,0B,0B,0B,0B,0B,0B,0B,0B,0B,0B,0B,0B,0B,0B,0B,0B,0B,0B,0B,0B,0B,0B,0B,0B,0B,0B,0B,0B,0B,0B,0B,0B,0B,0B,0B,0B,0B,0B,0B,0B,0B,0B,0B,0B,0B,0B,0B,0B,0B,0B,0B,0B,0B,0B,0B,0B,0B,0B,0B,0B,0B,0B,0B,0B,0B,0B,0B,0B,0B,0B,0B,0B,0B,0B,0B,0B,0B,0B,0B,0B,0B,0B,0B,0B,0B,0B,0B,0B,0B,0B,0B,0B,0B,0B,0B,0B,0B,0B,0B,0B,0B,0B,0B,0B,0B,0B,0B,0B,0B,0B,0B,0B,0B,0B,0B,0B,0B,0B,0B,0B,0B,0B,0B,0B,0B,0B,0B,0B,0B,0B,0B,0B,0B,0B,0B,0B,0B,0B,0B,0B,0B,0B,0B,0B,0B,0B,0B,0B,0B,0B,0B,0B,0B,0B,0B,0B,0B,0B,0B,0B,0B,0B,0B,0B,0B,0B,0B,0B,0B,0B,0B,0B,0B,0B,0B,0B,0B,0B,0B,0B,0B,0B,0B,0B,0B,0B,0B,0B,0B,0B,0B,0B,0B,0B,0B,0B,0B,0B,0B,0B,0B,0B,0B,0B,0B,0B,0B,0B,0B,0B,0B,0B,0B,0B,0B,0B,0B,0B,0B,0B,0B,0B,0B,0B,0B,0B,0B,0B,0B,0B,0B,0B,0B,0B,0B,0B,0B,0B,0B,0B,0B,0B,0B,0B,0B,0B,0B,0B,0B,0B,0B,0B,0B,0B,0B,0B,0B,0B,0B,0B,0B,0B,0B,0B,0B,0B,0B,0B,0B,0B,0B,0B,0B,0B,0B,0B,0B,0B,0B,0B,0B,0B,0B,0B,0B,0B,0B,0B,0B,0B,0B,0B,0B,0B,0B,0B,0B,0B,0B,0B,0B,0B,0B,0B,0B,0B,0B,0B,0B,0B,0B,0B,0B,0B,0B,0B,0B,0B,0B,0B,0B,0B,0B,0B,0B,0B,0B,0B,0B,0B,0B,0B,0B,0B,0B,0B,0B,0B,0B,0B,0B,0B,0B,0B,0B,0B,0B,0B,0B,0B,0B,0B,0B,0B,0B,0B,0B,0B,0B,0B,0B,0B,0B,0B,0B,0B,0B,0B,0B,0B,0B,0B,0B,0B,0B,0B,0B,0B,0B,0B,0B,0B,0B,0B,0B,0B,0B,0B,0B,0B,0B,0B,0B,0B,0B,0B,0B,0B,0B,0B,0B,0B,0B,0B,0B,0B,0B,0B,0B,0B,0B,0B,0B,0B,0B,0B,0B,0B,0B,0B,0B,0B,0B,0B,0B,0B,0B,0B,0B,0B,0B,0B,0B,0B,0B,0B,0B,0B,0B,0B,0B,0B,0B,0B,0B,0B,0B,0B,0B,0B,0B,0B,0B,0B,0B,0B,0B,0B,0B,0B,0B,0B,0B,0B,0B,0B,0B,0B,0B,0B,0B,0B,0B,0B,0B,0B,0B,0B,0B,0B,0B,0B,0B,0B,0B,0B,0B,0B,0B,0B,0B,0B,0B,0B,0B,0B,0B,0B,0B,0B,0B,0B,0B,0B,0B,0B,0B,0B,0B,0B,0B,0B,0B,0B,0B,0B,0B,0B,0B,0B,0B,0B,0B,-48B,0B,0B,0B,0B,0B,0B,0B,0B,0B,0B,0B,0B,0B,0B,0B,0B,0B,0B,0B,0B,0B,0B,0B,0B,0B,0B,0B,0B,0B,0B,0B,0B,0B,0B,0B,0B,0B,0B,0B,0B,0B,0B,0B,0B,0B,0B,0B,0B,0B,0B,0B,0B,0B,0B,0B,0B,0B,0B,0B,0B,0B,0B,0B,0B,0B,0B,0B,0B,0B,0B,0B,0B,0B,0B,0B,0B,0B,0B,0B,0B,0B,0B,0B,0B,0B,0B,0B,0B,0B,0B,0B,0B,0B,0B,0B,0B,0B,0B,0B,0B,0B,0B,0B,0B,0B,0B,0B,0B,0B,0B,0B,0B,0B,0B,0B,0B,0B,0B,0B,0B,0B,0B,0B,0B,0B,0B,0B,-64B,0B,0B,0B,0B,0B,0B,0B,0B,0B,0B,0B,0B,0B,0B,0B,0B,0B,0B,0B,0B,0B,0B,0B,0B,0B,0B,0B,0B,0B,0B,0B,0B,0B,0B,0B,0B,0B,0B,0B,0B,0B,0B,0B,0B,0B,0B,0B,0B,0B,0B,0B,0B,0B,0B,0B,0B,0B,0B,0B,0B,0B,0B,0B,0B,0B,0B,0B,0B,0B,0B,0B,0B,0B,0B,0B,0B,0B,0B,0B,0B,0B,0B,0B,0B,0B,0B,0B,0B,0B,0B,0B,0B,0B,0B,0B,0B,0B,0B,0B,0B,0B,0B,0B,0B,0B,0B,0B,0B,0B,0B,0B,0B,0B,0B,0B,0B,0B,0B,0B,0B,0B,0B,0B,0B,0B,0B,0B,0B,0B,0B,0B,0B,0B,0B,0B,0B,0B,0B,0B,0B,0B,0B,0B,0B,0B,0B,0B,0B,0B,0B,0B,0B,0B,0B,0B,0B,0B,0B,0B,0B,0B,0B,0B,0B,0B,0B,0B,0B,0B,0B,0B,0B,0B,0B,0B,0B,0B,0B,0B,0B,0B,0B,0B,0B,0B,0B,0B,0B,0B,0B,0B,0B,0B,0B,0B,0B,0B,0B,0B,0B,0B,0B,0B,0B,0B,0B,0B,0B,0B,0B,0B,0B,0B,0B,0B,0B,0B,0B,0B,0B,0B,0B,0B,0B,0B,0B,0B,0B,0B,0B,0B,0B,0B,0B,0B,0B,0B,0B,0B,0B,0B,0B,0B,0B,0B,0B,0B,0B,0B,0B,0B,0B,0B,0B,0B,0B,0B,0B,0B,0B,0B,0B,0B,0B,0B,0B,0B,0B,0B,0B,0B,0B,0B,0B,0B,0B,0B,0B,0B,0B,0B,0B,0B,0B,0B,0B,0B,0B,0B,0B,0B,0B,0B,0B,0B,0B,0B,0B,0B,0B,0B,0B,0B,0B,0B,0B,0B,0B,0B,0B,0B,0B,0B,0B,0B,0B,0B,0B,0B,0B,0B,0B,0B,0B,0B,0B,0B,0B,0B,0B,0B,0B,0B,0B,0B,0B,0B,0B,0B,0B,0B,0B,0B,0B,0B,0B,0B,0B,0B,0B,0B,0B,0B,0B,0B,0B,0B,0B,0B,0B,0B,0B,0B,0B,0B,0B,0B,0B,0B,0B,0B,0B,0B,0B,0B,0B,0B,0B,0B,0B,0B,0B,0B,0B,0B,0B,0B,0B,0B,0B,0B,0B,0B,0B,0B,0B,0B,0B,0B,0B,0B,0B,0B,0B,0B,0B,0B,0B,0B,0B,0B,0B,0B,0B,0B,0B,0B,0B,0B,0B,0B,0B,0B,0B,0B,0B,0B,0B,0B,0B,0B,0B,0B,0B,0B,0B,0B,0B,0B,0B,0B,0B,0B,0B,0B,0B,0B,0B,0B,0B,0B,0B,0B,0B,0B,0B,0B,0B,0B,0B,0B,0B,0B,0B,0B,0B,0B,0B,0B,0B,0B,0B,0B,0B,0B,0B,0B,0B,0B,0B,0B,0B,0B,0B,0B,0B,0B,0B,0B,0B,0B,0B,0B,0B,0B,0B,0B,0B,0B,0B,0B,0B,0B,0B,0B,0B,0B,0B,0B,0B,0B,0B],Y:-4b,biomes:{data:[L;-3679778519502631698L],palette:["minecraft:stony_shore","minecraft:forest"]},block_states:{data:[L;0L,0L,0L,0L,0L,0L,0L,0L,0L,0L,0L,0L,0L,0L,0L,0L,68720525313L,17596497788928L,17660922298624L,1152922672839004160L,4096L,17825793L,1152921573326323712L,0L,65537L,1157707678722555904L,1152921504606851088L,1099511693584L,4505798919061504L,17592186109952L,268439568L,16777216L,69005803521L,897205800009729L,3458820657649811712L,3459609007471267840L,1152940200867926016L,1157725275221463041L,1152922672839000321L,1157706583522935040L,76561193686532097L,1229782865216078080L,1157426203746963729L,4786243104735488L,1229483802347180048L,17660922368000L,1152921504875286545L,4785074621906944L,206444757249L,3459665027013804033L,3473176023195980048L,3675837796227026961L,1157443800496345088L,1153221675594092801L,1157443864652415249L,1157706583522738433L,1229781834440708097L,1229782865216082176L,1229501390256148753L,1157725344192598272L,1229765277323902993L,1225278238839881729L,1224997790611935249L,76860329565360400L,229683800862425345L,3459665233710157825L,3689348813899763985L,3675837800521994257L,1229501394534273281L,1225279269900456209L,1157725343940940049L,1157724175978266897L,1157724240402780177L,1229782938230526276L,1229782869527826756L,1229782938230526209L,1229765277341794577L,1229782938247316497L,1225261673402667025L,1229781834440642832L,1229820468208406801L,1383505805492424977L,1383505805492424977L,1229785137270558993L,1229782938247303441L,1229782938247303441L,1229782938247303441L,1229782938247303441L,1229782938247303441L,1229782938247303441L,1229782938247303441L,1229782938247303441L,1229782938247303441L,1229782938247303441L,1229782938247303441L,1229782938247303441L,1229782938247303441L,1229782938247303441L,1229782938247303441L,1229782938247303441L,1229782938247303441L,1229782938247303441L,1229782938247303441L,1229782938247303441L,1229782938247303441L,1229782938247303441L,1229782938247303441L,1229782938247303441L,1229782938247303441L,1229782938247303441L,1229782938247303441L,1229782938247303441L,1229782938247303441L,1229782938247303441L,1229782938247303441L,1229782938247303441L,1229782938247303441L,1229782938247303441L,1229782938247303441L,1229782938247303441L,1229782938247303441L,1229782938247303441L,1229782938247303441L,1229782938247303441L,1229782938247303441L,1229782938247303441L,1229782938247581969L,1229782938247581969L,1229782938247303441L,1229782938247303441L,1229782938247303441L,1229782938247303441L,1229782938247303441L,1229782938247303441L,1229782938247303441L,1229782938247303441L,1229782938247303441L,1229782938247303441L,1229782938247303441L,1229782938247303441L,1229782938247303441L,1229782938247303441L,1229782938247581969L,1229782938247581969L,1229782938247303441L,1229782938247303441L,1229782938247303441L,1229782938247303441L,1229782938247303441L,1229782938247303441L,1229784106478407953L,1229783006966780177L,1229782938247303441L,1229782938247303441L,1229782938247303441L,1229782938247303441L,1229782938247303441L,1229782938247303441L,1229782938247303441L,1229782938247303441L,1229782938247303441L,1229782938247303441L,1229782938247303521L,1229782938247303441L,1229782938247303441L,1229782938247303441L,1229784106478407953L,1229783007067443473L,1229782938247303441L,1229782938247303441L,1229782938247303441L,1229782938247303441L,1229782938247303441L,1229782938247303441L,1229782938247303441L,-9146510603214319343L,1229782938247303441L,1229782938247303441L,1229782938247303441L,1229782938247304801L,1229782938247303441L,1229782938247303441L,1229782938354258193L,1229782938354258193L,1229782938247303441L,1229782938247303441L,1229782938247303441L,1229782938247303441L,1229782938247303441L,1229782938247303441L,1229782938247303441L,-9146510603214319343L,1229782938247303441L,1229782938247303441L,1229782938247303441L,1229782938247303441L,1230627363177435409L,1229782938247303441L,1229782938247303441L,1229782938247303441L,1229782938247303441L,1229782938247303441L,1229782938247303441L,1229782938247303441L,1229782938247303441L,1229782938247303441L,1229782938247303441L,1229782938247303441L,1229782938247303441L,1229782938247303441L,1229782938247303441L,1229782938247303441L,1244138162059546897L,1244138162915184913L,1229782939102941457L,1229782938247303441L,1229782938247303441L,1229782938247303441L,1229782938247303441L,1229782938247303441L,1229782938247303441L,1229782938247303441L,1229782938247303441L,1229782938247303441L,1229782938247303441L,1229782938247303441L,1229782938247303441L,1229782938247303441L,1229782938247303441L,1229782939102941457L,1229782939102941457L,1229782938247303441L,1229782938247303441L,1229782938247303441L,1229782938247303441L,1229782938247303441L,1229782938247303441L,1229782938247303441L,1229782938247303441L,1229782938247303441L,1229782938247303441L,1229782938247303441L,1229782938247303441L,1229783350564163857L,1229783350564163857L,1229782938247303441L,1229782938247303441L,1229782938247303441L,1229782938247303441L,1229782938247303441L,1229782938247303441L,1229782938247303441L,1229782938247303459L,1229782938247303475L,1229782938247303475L,1229782938247303441L],palette:[{Name:"minecraft:bedrock"},{Name:"minecraft:deepslate",Properties:{axis:"y"}},{Name:"minecraft:deepslate_diamond_ore"},{Name:"minecraft:gravel"},{Name:"minecraft:deepslate_redstone_ore",Properties:{lit:"false"}},{Name:"minecraft:deepslate_gold_ore"},{Name:"minecraft:deepslate_iron_ore"},{Name:"minecraft:deepslate_lapis_ore"},{Name:"minecraft:air"}]}},{Y:-3b,biomes:{data:[L;-3679778519502631698L],palette:["minecraft:stony_shore","minecraft:forest"]},block_states:{data:[L;0L,0L,0L,68719476736L,68719476736L,0L,0L,0L,0L,0L,0L,2L,818L,818L,546L,34L,0L,0L,0L,0L,0L,0L,0L,0L,0L,0L,0L,34L,546L,802L,8738L,34L,0L,0L,0L,0L,0L,0L,0L,0L,0L,0L,0L,2L,34L,546L,546L,34L,0L,4899916394579099648L,4899916394579099648L,0L,0L,0L,0L,0L,0L,0L,0L,0L,2L,2L,0L,0L,0L,4899916394579099648L,4899916394579099648L,0L,0L,0L,0L,0L,0L,0L,0L,0L,0L,0L,0L,0L,27380417792L,0L,0L,0L,0L,0L,0L,0L,0L,0L,0L,0L,0L,0L,0L,0L,0L,80L,0L,0L,0L,0L,0L,0L,0L,0L,0L,0L,0L,0L,0L,0L,0L,80L,0L,0L,0L,0L,0L,0L,0L,0L,0L,0L,0L,0L,0L,0L,0L,0L,0L,0L,0L,0L,0L,0L,0L,0L,0L,0L,0L,0L,0L,0L,0L,0L,0L,0L,0L,0L,0L,0L,0L,0L,0L,0L,13690208256L,13690208256L,0L,0L,0L,0L,0L,229683580995895296L,229683580995895296L,0L,0L,0L,0L,0L,0L,0L,13690208256L,13690208256L,0L,0L,0L,0L,0L,0L,0L,0L,0L,0L,0L,0L,0L,0L,0L,89128960L,89128960L,0L,0L,0L,0L,0L,0L,0L,0L,0L,0L,0L,0L,0L,0L,0L,0L,0L,0L,0L,0L,0L,0L,0L,0L,0L,0L,0L,0L,0L,0L,0L,0L,0L,0L,0L,0L,0L,0L,0L,0L,0L,130841883705344L,130841883705344L,0L,1970324836974592L,0L,0L,0L,0L,0L,0L,512980156416L,513097596928L,8209678991360L,131354981302272L,131354863861760L,2101679700836352L,33626875213381632L,33626875213381632L,538030003414106112L,538030003414106112L,538029522377768960L,538021825796374528L,31525197391593472L,0L],palette:[{Name:"minecraft:deepslate",Properties:{axis:"y"}},{Name:"minecraft:deepslate_lapis_ore"},{Name:"minecraft:gravel"},{Name:"minecraft:deepslate_diamond_ore"},{Name:"minecraft:deepslate_gold_ore"},{Name:"minecraft:deepslate_redstone_ore",Properties:{lit:"false"}},{Name:"minecraft:deepslate_iron_ore"},{Name:"minecraft:tuff"}]}},{Y:-2b,biomes:{data:[L;-3679778519502631698L],palette:["minecraft:stony_shore","minecraft:forest"]},block_states:{data:[L;0L,4294967296L,1172811284480L,1172812333056L,18764998377472L,300239975088128L,4803839601410048L,4803839601410048L,76861433622560768L,76861433622560768L,1229782937960972288L,1229782937960972288L,1229782933666004992L,1229782933666004992L,1229781765434900480L,76842668642009088L,0L,73299656704L,1172811284480L,18764998377472L,300239975088128L,300239975088128L,4803839601410048L,76861433639337984L,76861433622560768L,1229782938229407744L,1229782938229407744L,1229782937960972288L,1229782937960972288L,1229782933666004992L,1229782864946528256L,1229781765434900480L,0L,73299656704L,1172812333056L,18764998377472L,300239975088128L,300239975088128L,4803839601410048L,76861433639337984L,1229782938246184960L,1229782938229407744L,1229782938229407744L,1229782937960972288L,1229782937960972288L,1229782933666004992L,1229782864946528256L,1229781765434900480L,0L,73282879488L,1172811284480L,1172812333056L,18764998377472L,300239975088128L,4803839601410048L,76861433639337984L,76861433622560768L,1229782938229407744L,1229782938229407744L,1229782937960972288L,1229782937978798080L,1229782933683830784L,1229782864946528256L,1229781765434900480L,0L,0L,73282879488L,1172811284480L,18764997328896L,18764997328896L,4803839584632832L,4803839584632832L,76861433622560768L,1229782938229407744L,1229782937978867985L,1229782938247303441L,1229782938247303441L,1229782938247303441L,1229782869527826688L,1229781765721227264L,0L,0L,0L,4294967296L,4563402752L,1172526071808L,18764712116224L,300239688826880L,4803839316197376L,76861433354195217L,76861429345489169L,76861433640456465L,1229782938247303441L,1229782938247303441L,1229782938247303441L,76860265410400512L,0L,0L,0L,0L,0L,0L,0L,0L,18691697672192L,300166960714001L,4802671371424017L,4802740090900753L,300239975158033L,4803839602528529L,4803839602528529L,4803839603577104L,0L,0L,0L,0L,196608L,196608L,0L,0L,0L,2305843009500025105L,2305843013794992401L,73300775185L,4803839602528529L,76861433640456465L,76861433640522001L,4803839602528528L,0L,0L,0L,0L,196608L,208896L,208896L,0L,0L,2305843009500025105L,2305843013794992401L,73300775185L,4803839602528529L,76861433640456465L,76879025826500881L,4804939114156304L,0L,0L,0L,0L,0L,208896L,208896L,12288L,0L,0L,286331153L,73300775185L,300239975158033L,4803839602528529L,4821431788572944L,4803839602528512L,0L,0L,0L,0L,0L,0L,216172782113783808L,3458764513820540928L,0L,0L,17895424L,286331152L,4581298449L,299140463530256L,299071744053504L,299067449081856L,0L,0L,0L,0L,0L,0L,216172782113783808L,3458764513820540928L,0L,0L,0L,0L,17825792L,17825792L,0L,0L,0L,0L,0L,0L,0L,0L,0L,0L,0L,0L,0L,0L,0L,0L,0L,0L,0L,0L,0L,0L,0L,0L,0L,0L,0L,0L,0L,0L,0L,0L,0L,0L,0L,0L,0L,0L,0L,0L,0L,0L,0L,0L,0L,0L,0L,0L,0L,0L,0L,0L,0L,0L,0L,0L,0L,0L,0L,0L,0L,0L,0L,0L,0L,0L],palette:[{Name:"minecraft:deepslate",Properties:{axis:"y"}},{Name:"minecraft:tuff"},{Name:"minecraft:deepslate_diamond_ore"},{Name:"minecraft:deepslate_iron_ore"}]}},{Y:-1b,biomes:{data:[L;-3679778519502631698L],palette:["minecraft:stony_shore","minecraft:forest"]},block_states:{data:[L;0L,0L,0L,0L,0L,0L,0L,0L,0L,0L,0L,0L,0L,0L,0L,0L,281474976710656L,0L,0L,0L,0L,0L,0L,0L,0L,0L,0L,0L,0L,0L,0L,0L,281474976710656L,0L,0L,0L,0L,0L,0L,0L,0L,0L,0L,0L,0L,0L,0L,0L,9160359936L,572522496L,35782656L,2236416L,139776L,8736L,544L,2L,0L,0L,0L,0L,0L,0L,0L,3458764513820540928L,9160359936L,572522496L,35782656L,2236416L,139776L,8736L,546L,70368744177698L,2L,0L,0L,0L,0L,0L,0L,3458764513820540928L,9160359936L,572522496L,35782656L,2236416L,139776L,8736L,546L,1196268656263202L,1196268656263170L,0L,0L,0L,0L,0L,0L,0L,9160359936L,572522496L,5497593921536L,2236416L,139776L,8736L,6917529027641082402L,6917529027646324770L,6918654927553167362L,8070450532247928832L,8070450532247928832L,0L,0L,0L,0L,0L,9160359936L,5841728045056L,5841191305216L,7349874591870885888L,7349874591868789248L,7349874591868658208L,7349874591868650018L,7349874591868649506L,7349874591868649474L,6917529027641081856L,6917529027641081856L,0L,0L,0L,0L,0L,0L,343597383680L,7349874591902203904L,7349874591870877696L,7349874591868789248L,7349874591868658208L,7349874591868650018L,7349874591868649474L,7349874591868649472L,7349874591868649472L,6917529027641081856L,0L,0L,0L,0L,0L,0L,0L,7349874591868649472L,7349874591868649472L,7349874591868649472L,7349874591868649472L,7349874591868649472L,7349874591868649472L,7349874591868649472L,6917529027641081856L,0L,70368744177664L,4398046511104L,0L,0L,0L,0L,0L,0L,0L,6917529027641081856L,6917529027641081856L,6917529027641081856L,6917529027641081856L,6917529027641081856L,0L,0L,0L,0L,0L,0L,0L,0L,0L,0L,0L,0L,0L,0L,0L,0L,0L,0L,0L,0L,0L,0L,0L,0L,0L,0L,0L,0L,0L,0L,0L,0L,100663296L,106954752L,0L,6291456L,6684672L,0L,32768L,0L,0L,0L,0L,0L,0L,0L,0L,1711276032L,1717567488L,1717567488L,1717960704L,107372544L,107372544L,6710784L,6710784L,0L,0L,0L,0L,0L,0L,0L,0L,1711276032L,1717567488L,1717960704L,1717960704L,107372544L,107372544L,107374080L,6710784L,689050742987685888L,-7378698289190797312L,-7378698289190797312L,689050742987685888L,0L,0L,0L,0L,0L,106954752L,1717567488L,107347968L,107372544L,107372544L,6710784L,6710784L],palette:[{Name:"minecraft:deepslate",Properties:{axis:"y"}},{Name:"minecraft:deepslate_diamond_ore"},{Name:"minecraft:air"},{Name:"minecraft:tuff"},{Name:"minecraft:deepslate_iron_ore"},{Name:"minecraft:deepslate_lapis_ore"},{Name:"minecraft:gravel"},{Name:"minecraft:deepslate_gold_ore"},{Name:"minecraft:deepslate_redstone_ore",Properties:{lit:"false"}},{Name:"minecraft:granite"}]}},{block_states:{data:[L;1229782937960972288L,1229782937960972288L,1229782937960972288L,1229782933666004992L,1229782864946528256L,0L,0L,0L,0L,0L,0L,0L,131072L,2228224L,139264L,139264L,1229782938247442483L,1229782938247233536L,1229782938247233536L,1229782938279751683L,1229782947356213296L,1229781765434913536L,4611689317770723328L,3145731L,13510812572319744L,13056L,216225764830348032L,3675781927022886960L,48L,844781415563264L,5497558138928L,216225558671917824L,1229782938247303219L,1229782938247303936L,1229782938247299840L,1229782938247245827L,1229782938766475312L,1229782864946541360L,4917934105367150643L,4917930999250169859L,4913427193464356867L,217073488295375619L,216229063365231363L,217017413205688368L,217017413202542643L,808661760L,216172782113783856L,808661760L,1229782938247303219L,1229782938247303984L,1229782938247303936L,1229782938247245827L,1229782938279948339L,1229782934471324416L,4919127075483484211L,4919127267898044467L,4918831293970526979L,217073501230609155L,216229076250145536L,217017413205689136L,14411505919524915L,808661763L,216172782113796144L,808661763L,1229782938247303219L,1229782938247303984L,1229782938247303939L,1229782938247246595L,1229782938229616691L,1229782934524801840L,4919131473529995267L,4919131666749862707L,4919131459786322739L,4842570558229132086L,3675839187526890295L,3591401112368L,14411299760898867L,847930432095027L,216225777715262256L,900500882141187L,1229782938247303219L,1229782938247303984L,1229782938247299891L,1229782938247246595L,1459466519007605555L,4919128162110026547L,4919131748407914499L,4919131735469339443L,4919131752920986419L,235388140519633715L,3477979872226194224L,1200959900365616L,3472332780510130995L,3674940887672226611L,216225777786565424L,14411298958946307L,1229782938247443251L,1229782938247443248L,1229782938249528115L,4918231033636205363L,4919128381150618419L,4919131735523222323L,4919131752702881795L,4919131752967975731L,4919131752988095283L,4919131752984949555L,3766210248382100272L,235388140523631408L,3472350372696425267L,3675839188672201523L,900724506772275L,230584094780830467L,-9146510456663100621L,1229782947409900339L,4904720380783166259L,4919077803618677555L,4919131679970505523L,4919131752989156147L,4919131752989208627L,4919131752989213491L,4919131752989213491L,4919131752989213491L,3766210248382366515L,3694152654344434691L,3689649054717068083L,3689367601215193907L,56733368337203L,230584301207700227L,3689348814741910323L,3689349987267982131L,4918850277994607411L,4919131752989143859L,4919131752989209395L,4919131752989209395L,4919131752989213747L,4919131752989213747L,4919131752989213747L,4919131752989213763L,3766210248382366787L,3766210248382366788L,3689649054717068356L,3689367601215194179L,3691443822765818675L,3689348815028241203L,3689649054699172659L,3689649054699172659L,4919131752988095283L,4919131752989209395L,4919131752989209395L,4919131752989213491L,4919131752989213747L,4919131752989213763L,4919131752989213763L,4919131752989213763L,3766210248382366788L,3694152654344438852L,3689754607833334852L,3691450054763365444L,3722975252154958643L,3722975178872075059L,3694152654326543155L,3694152654343320371L,4842570559323845427L,4919131752989209395L,4919131752989213491L,4919131752989213491L,4919131752989213747L,4919131752989213763L,4919131752989213763L,4919131752989213763L,3766210248389051460L,3694152654351149636L,3691443457693624900L,3722975252154958916L,3722975183435412275L,3722975178854183731L,3694152654326543155L,3694152654343320371L,3689649054716998451L,4914628153361838899L,4919131752989213491L,4919131752989213491L,4919131752989213747L,4919131752989213763L,4919131752989213763L,3766210248489714755L,3694152654451812931L,3689649054824442532L,3689349987561024170L,3691449981462620842L,3722975178854183738L,3722975178854183731L,3694152654326543155L,3694152654343320371L,3689649054715949875L,3689649054717063987L,3689649054717063987L,3761425173778281267L,3766192656196322355L,3694152654344438835L,3689649054717068339L,3689648981809996851L,2464369716490840739L,2459866116595034794L,2459584641500883626L,2459584641493543594L,3612506146099903402L,3684686885440140083L,3694152654290760499L,3689649054663521075L,3689649054715949875L,3689649054716998451L,3689367579740353331L,3689349987554308915L,3689348888042685235L,3689348888042685235L,3689348819323208755L,2464369716121715508L,2459866116595034675L,2459584641500883626L,2459567049307499178L,2459567049307040426L,2459567049307012010L,3612488553913856819L,3689367578917142532L,5647915688260562281L,3689348814883926818L,4918831586314830913L,1239484587040744243L,8291232098596045892L,4919128235976951808L,310292547332420778L,4842533033908320938L,-6182560333166333014L,-6148914691236517206L,-6148914691236517206L,-6148914691236517206L,-6148914691236517206L,-6148914691236517206L,-6148914691236517206L,-6148914691236517206L,-6148914691236517206L,-6148914691236517206L,-6148914691236517206L,-6148914691236517206L,-6148914691236517206L,-6148914691236517206L,-6148914691236517206L,-6148914691236517206L,-6148914691236517206L,-6148914691236517206L,-6148914691236517206L,-6148914691236517206L,-6148914691236517206L,-6194691990275577174L,-6159798390335995904L]}},{},{},{},{},{},{},{},{},{},{},{},{},{},{},{},{},{},{},{}],structures:{References:{},starts:{}},xPos:1,yPos:-4,zPos:0}]
[21:00:44] [Worker-Main-11/ERROR] (Minecraft) Recoverable errors when loading section [1, 0, 0]: No key palette in MapLike[{data:[L;1229782937960972288L,1229782937960972288L,1229782937960972288L,1229782933666004992L,1229782864946528256L,0L,0L,0L,0L,0L,0L,0L,131072L,2228224L,139264L,139264L,1229782938247442483L,1229782938247233536L,1229782938247233536L,1229782938279751683L,1229782947356213296L,1229781765434913536L,4611689317770723328L,3145731L,13510812572319744L,13056L,216225764830348032L,3675781927022886960L,48L,844781415563264L,5497558138928L,216225558671917824L,1229782938247303219L,1229782938247303936L,1229782938247299840L,1229782938247245827L,1229782938766475312L,1229782864946541360L,4917934105367150643L,4917930999250169859L,4913427193464356867L,217073488295375619L,216229063365231363L,217017413205688368L,217017413202542643L,808661760L,216172782113783856L,808661760L,1229782938247303219L,1229782938247303984L,1229782938247303936L,1229782938247245827L,1229782938279948339L,1229782934471324416L,4919127075483484211L,4919127267898044467L,4918831293970526979L,217073501230609155L,216229076250145536L,217017413205689136L,14411505919524915L,808661763L,216172782113796144L,808661763L,1229782938247303219L,1229782938247303984L,1229782938247303939L,1229782938247246595L,1229782938229616691L,1229782934524801840L,4919131473529995267L,4919131666749862707L,4919131459786322739L,4842570558229132086L,3675839187526890295L,3591401112368L,14411299760898867L,847930432095027L,216225777715262256L,900500882141187L,1229782938247303219L,1229782938247303984L,1229782938247299891L,1229782938247246595L,1459466519007605555L,4919128162110026547L,4919131748407914499L,4919131735469339443L,4919131752920986419L,235388140519633715L,3477979872226194224L,1200959900365616L,3472332780510130995L,3674940887672226611L,216225777786565424L,14411298958946307L,1229782938247443251L,1229782938247443248L,1229782938249528115L,4918231033636205363L,4919128381150618419L,4919131735523222323L,4919131752702881795L,4919131752967975731L,4919131752988095283L,4919131752984949555L,3766210248382100272L,235388140523631408L,3472350372696425267L,3675839188672201523L,900724506772275L,230584094780830467L,-9146510456663100621L,1229782947409900339L,4904720380783166259L,4919077803618677555L,4919131679970505523L,4919131752989156147L,4919131752989208627L,4919131752989213491L,4919131752989213491L,4919131752989213491L,3766210248382366515L,3694152654344434691L,3689649054717068083L,3689367601215193907L,56733368337203L,230584301207700227L,3689348814741910323L,3689349987267982131L,4918850277994607411L,4919131752989143859L,4919131752989209395L,4919131752989209395L,4919131752989213747L,4919131752989213747L,4919131752989213747L,4919131752989213763L,3766210248382366787L,3766210248382366788L,3689649054717068356L,3689367601215194179L,3691443822765818675L,3689348815028241203L,3689649054699172659L,3689649054699172659L,4919131752988095283L,4919131752989209395L,4919131752989209395L,4919131752989213491L,4919131752989213747L,4919131752989213763L,4919131752989213763L,4919131752989213763L,3766210248382366788L,3694152654344438852L,3689754607833334852L,3691450054763365444L,3722975252154958643L,3722975178872075059L,3694152654326543155L,3694152654343320371L,4842570559323845427L,4919131752989209395L,4919131752989213491L,4919131752989213491L,4919131752989213747L,4919131752989213763L,4919131752989213763L,4919131752989213763L,3766210248389051460L,3694152654351149636L,3691443457693624900L,3722975252154958916L,3722975183435412275L,3722975178854183731L,3694152654326543155L,3694152654343320371L,3689649054716998451L,4914628153361838899L,4919131752989213491L,4919131752989213491L,4919131752989213747L,4919131752989213763L,4919131752989213763L,3766210248489714755L,3694152654451812931L,3689649054824442532L,3689349987561024170L,3691449981462620842L,3722975178854183738L,3722975178854183731L,3694152654326543155L,3694152654343320371L,3689649054715949875L,3689649054717063987L,3689649054717063987L,3761425173778281267L,3766192656196322355L,3694152654344438835L,3689649054717068339L,3689648981809996851L,2464369716490840739L,2459866116595034794L,2459584641500883626L,2459584641493543594L,3612506146099903402L,3684686885440140083L,3694152654290760499L,3689649054663521075L,3689649054715949875L,3689649054716998451L,3689367579740353331L,3689349987554308915L,3689348888042685235L,3689348888042685235L,3689348819323208755L,2464369716121715508L,2459866116595034675L,2459584641500883626L,2459567049307499178L,2459567049307040426L,2459567049307012010L,3612488553913856819L,3689367578917142532L,5647915688260562281L,3689348814883926818L,4918831586314830913L,1239484587040744243L,8291232098596045892L,4919128235976951808L,310292547332420778L,4842533033908320938L,-6182560333166333014L,-6148914691236517206L,-6148914691236517206L,-6148914691236517206L,-6148914691236517206L,-6148914691236517206L,-6148914691236517206L,-6148914691236517206L,-6148914691236517206L,-6148914691236517206L,-6148914691236517206L,-6148914691236517206L,-6148914691236517206L,-6148914691236517206L,-6148914691236517206L,-6148914691236517206L,-6148914691236517206L,-6148914691236517206L,-6148914691236517206L,-6148914691236517206L,-6148914691236517206L,-6194691990275577174L,-6159798390335995904L]}]
[21:00:44] [Server thread/ERROR] (Minecraft) Failed to load chunk 1,0
net.minecraft.world.level.chunk.storage.SerializableChunkData$ChunkReadException: No key palette in MapLike[{data:[L;1229782937960972288L,1229782937960972288L,1229782937960972288L,1229782933666004992L,1229782864946528256L,0L,0L,0L,0L,0L,0L,0L,131072L,2228224L,139264L,139264L,1229782938247442483L,1229782938247233536L,1229782938247233536L,1229782938279751683L,1229782947356213296L,1229781765434913536L,4611689317770723328L,3145731L,13510812572319744L,13056L,216225764830348032L,3675781927022886960L,48L,844781415563264L,5497558138928L,216225558671917824L,1229782938247303219L,1229782938247303936L,1229782938247299840L,1229782938247245827L,1229782938766475312L,1229782864946541360L,4917934105367150643L,4917930999250169859L,4913427193464356867L,217073488295375619L,216229063365231363L,217017413205688368L,217017413202542643L,808661760L,216172782113783856L,808661760L,1229782938247303219L,1229782938247303984L,1229782938247303936L,1229782938247245827L,1229782938279948339L,1229782934471324416L,4919127075483484211L,4919127267898044467L,4918831293970526979L,217073501230609155L,216229076250145536L,217017413205689136L,14411505919524915L,808661763L,216172782113796144L,808661763L,1229782938247303219L,1229782938247303984L,1229782938247303939L,1229782938247246595L,1229782938229616691L,1229782934524801840L,4919131473529995267L,4919131666749862707L,4919131459786322739L,4842570558229132086L,3675839187526890295L,3591401112368L,14411299760898867L,847930432095027L,216225777715262256L,900500882141187L,1229782938247303219L,1229782938247303984L,1229782938247299891L,1229782938247246595L,1459466519007605555L,4919128162110026547L,4919131748407914499L,4919131735469339443L,4919131752920986419L,235388140519633715L,3477979872226194224L,1200959900365616L,3472332780510130995L,3674940887672226611L,216225777786565424L,14411298958946307L,1229782938247443251L,1229782938247443248L,1229782938249528115L,4918231033636205363L,4919128381150618419L,4919131735523222323L,4919131752702881795L,4919131752967975731L,4919131752988095283L,4919131752984949555L,3766210248382100272L,235388140523631408L,3472350372696425267L,3675839188672201523L,900724506772275L,230584094780830467L,-9146510456663100621L,1229782947409900339L,4904720380783166259L,4919077803618677555L,4919131679970505523L,4919131752989156147L,4919131752989208627L,4919131752989213491L,4919131752989213491L,4919131752989213491L,3766210248382366515L,3694152654344434691L,3689649054717068083L,3689367601215193907L,56733368337203L,230584301207700227L,3689348814741910323L,3689349987267982131L,4918850277994607411L,4919131752989143859L,4919131752989209395L,4919131752989209395L,4919131752989213747L,4919131752989213747L,4919131752989213747L,4919131752989213763L,3766210248382366787L,3766210248382366788L,3689649054717068356L,3689367601215194179L,3691443822765818675L,3689348815028241203L,3689649054699172659L,3689649054699172659L,4919131752988095283L,4919131752989209395L,4919131752989209395L,4919131752989213491L,4919131752989213747L,4919131752989213763L,4919131752989213763L,4919131752989213763L,3766210248382366788L,3694152654344438852L,3689754607833334852L,3691450054763365444L,3722975252154958643L,3722975178872075059L,3694152654326543155L,3694152654343320371L,4842570559323845427L,4919131752989209395L,4919131752989213491L,4919131752989213491L,4919131752989213747L,4919131752989213763L,4919131752989213763L,4919131752989213763L,3766210248389051460L,3694152654351149636L,3691443457693624900L,3722975252154958916L,3722975183435412275L,3722975178854183731L,3694152654326543155L,3694152654343320371L,3689649054716998451L,4914628153361838899L,4919131752989213491L,4919131752989213491L,4919131752989213747L,4919131752989213763L,4919131752989213763L,3766210248489714755L,3694152654451812931L,3689649054824442532L,3689349987561024170L,3691449981462620842L,3722975178854183738L,3722975178854183731L,3694152654326543155L,3694152654343320371L,3689649054715949875L,3689649054717063987L,3689649054717063987L,3761425173778281267L,3766192656196322355L,3694152654344438835L,3689649054717068339L,3689648981809996851L,2464369716490840739L,2459866116595034794L,2459584641500883626L,2459584641493543594L,3612506146099903402L,3684686885440140083L,3694152654290760499L,3689649054663521075L,3689649054715949875L,3689649054716998451L,3689367579740353331L,3689349987554308915L,3689348888042685235L,3689348888042685235L,3689348819323208755L,2464369716121715508L,2459866116595034675L,2459584641500883626L,2459567049307499178L,2459567049307040426L,2459567049307012010L,3612488553913856819L,3689367578917142532L,5647915688260562281L,3689348814883926818L,4918831586314830913L,1239484587040744243L,8291232098596045892L,4919128235976951808L,310292547332420778L,4842533033908320938L,-6182560333166333014L,-6148914691236517206L,-6148914691236517206L,-6148914691236517206L,-6148914691236517206L,-6148914691236517206L,-6148914691236517206L,-6148914691236517206L,-6148914691236517206L,-6148914691236517206L,-6148914691236517206L,-6148914691236517206L,-6148914691236517206L,-6148914691236517206L,-6148914691236517206L,-6148914691236517206L,-6148914691236517206L,-6148914691236517206L,-6148914691236517206L,-6148914691236517206L,-6148914691236517206L,-6194691990275577174L,-6159798390335995904L]}]
	at knot//com.mojang.serialization.DataResult$Error.getOrThrow(DataResult.java:287)
	at knot//net.minecraft.world.level.chunk.storage.SerializableChunkData.method_68291(SerializableChunkData.java:187)
	at java.base/java.util.Optional.map(Optional.java:260)
	at knot//net.minecraft.world.level.chunk.storage.SerializableChunkData.parse(SerializableChunkData.java:187)
	at knot//net.minecraft.server.level.ChunkMap.method_61258(ChunkMap.java:597)
	at java.base/java.util.Optional.map(Optional.java:260)
	at knot//net.minecraft.server.level.ChunkMap.method_43378(ChunkMap.java:596)
	at java.base/java.util.concurrent.CompletableFuture$UniApply.tryFire$$$capture(CompletableFuture.java:646)
	at java.base/java.util.concurrent.CompletableFuture$UniApply.tryFire(CompletableFuture.java)
	at java.base/java.util.concurrent.CompletableFuture$Completion.exec(CompletableFuture.java:483)
	at java.base/java.util.concurrent.ForkJoinTask.doExec$$$capture(ForkJoinTask.java:387)
	at java.base/java.util.concurrent.ForkJoinTask.doExec(ForkJoinTask.java)
	at java.base/java.util.concurrent.ForkJoinPool$WorkQueue.topLevelExec(ForkJoinPool.java:1312)
	at java.base/java.util.concurrent.ForkJoinPool.scan(ForkJoinPool.java:1843)
	at java.base/java.util.concurrent.ForkJoinPool.runWorker(ForkJoinPool.java:1808)
	at java.base/java.util.concurrent.ForkJoinWorkerThread.run(ForkJoinWorkerThread.java:188)
[21:00:44] [IO-Worker-3/WARN] (Minecraft) Failed to read chunk [-11, 4]
net.minecraft.nbt.ReportedNbtException: Loading NBT data
	at knot//net.minecraft.nbt.CompoundTag.readNamedTagData(CompoundTag.java:507)
	at knot//net.minecraft.nbt.CompoundTag$1.loadCompound(CompoundTag.java:82)
	at knot//net.minecraft.nbt.CompoundTag$1.load(CompoundTag.java:69)
	at knot//net.minecraft.nbt.CompoundTag$1.load(CompoundTag.java:64)
	at knot//net.minecraft.nbt.ListTag$1.loadList(ListTag.java:51)
	at knot//net.minecraft.nbt.ListTag$1.load(ListTag.java:34)
	at knot//net.minecraft.nbt.ListTag$1.load(ListTag.java:29)
	at knot//net.minecraft.nbt.CompoundTag.readNamedTagData(CompoundTag.java:501)
	at knot//net.minecraft.nbt.CompoundTag$1.loadCompound(CompoundTag.java:82)
	at knot//net.minecraft.nbt.CompoundTag$1.load(CompoundTag.java:69)
	at knot//net.minecraft.nbt.CompoundTag$1.load(CompoundTag.java:64)
	at knot//net.minecraft.nbt.CompoundTag.readNamedTagData(CompoundTag.java:501)
	at knot//net.minecraft.nbt.CompoundTag$1.loadCompound(CompoundTag.java:82)
	at knot//net.minecraft.nbt.CompoundTag$1.load(CompoundTag.java:69)
	at knot//net.minecraft.nbt.CompoundTag$1.load(CompoundTag.java:64)
	at knot//net.minecraft.nbt.ListTag$1.loadList(ListTag.java:51)
	at knot//net.minecraft.nbt.ListTag$1.load(ListTag.java:34)
	at knot//net.minecraft.nbt.ListTag$1.load(ListTag.java:29)
	at knot//net.minecraft.nbt.CompoundTag.readNamedTagData(CompoundTag.java:501)
	at knot//net.minecraft.nbt.CompoundTag$1.loadCompound(CompoundTag.java:82)
	at knot//net.minecraft.nbt.CompoundTag$1.load(CompoundTag.java:69)
	at knot//net.minecraft.nbt.CompoundTag$1.load(CompoundTag.java:64)
	at knot//net.minecraft.nbt.NbtIo.readTagSafe(NbtIo.java:192)
	at knot//net.minecraft.nbt.NbtIo.readUnnamedTag(NbtIo.java:187)
	at knot//net.minecraft.nbt.NbtIo.read(NbtIo.java:111)
	at knot//net.minecraft.nbt.NbtIo.read(NbtIo.java:107)
	at knot//net.minecraft.world.level.chunk.storage.RegionFileStorage.read(RegionFileStorage.java:59)
	at knot//net.minecraft.world.level.chunk.storage.IOWorker.method_27943(IOWorker.java:196)
	at knot//net.minecraft.world.level.chunk.storage.IOWorker.method_64027(IOWorker.java:247)
	at knot//net.minecraft.util.thread.PriorityConsecutiveExecutor.method_63600(PriorityConsecutiveExecutor.java:22)
	at knot//net.minecraft.util.thread.StrictQueue$RunnableWithPriority.run(StrictQueue.java:50)
	at knot//net.minecraft.util.Util.runNamed(Util.java:297)
	at knot//net.minecraft.util.thread.AbstractConsecutiveExecutor.pollTask(AbstractConsecutiveExecutor.java:50)
	at knot//net.minecraft.util.thread.AbstractConsecutiveExecutor.run(AbstractConsecutiveExecutor.java:62)
	at java.base/java.util.concurrent.ThreadPoolExecutor.runWorker(ThreadPoolExecutor.java:1144)
	at java.base/java.util.concurrent.ThreadPoolExecutor$Worker.run(ThreadPoolExecutor.java:642)
	at java.base/java.lang.Thread.run(Thread.java:1583)
Caused by: java.io.IOException: Invalid tag id: 16
	at knot//net.minecraft.nbt.TagType$1.createException(TagType.java:54)
	at knot//net.minecraft.nbt.TagType$1.load(TagType.java:59)
	at knot//net.minecraft.nbt.TagType$1.load(TagType.java:52)
	at knot//net.minecraft.nbt.CompoundTag.readNamedTagData(CompoundTag.java:501)
	... 36 more
[21:00:44] [IO-Worker-2/ERROR] (Minecraft) Declared size -814801977 of chunk [-11, 5] is negative
[21:00:44] [IO-Worker-3/ERROR] (Minecraft) Declared size -814801977 of chunk [-11, 6] is negative
[21:00:44] [IO-Worker-2/ERROR] (Minecraft) Chunk [-11, 7] stream is truncated: expected 1332484950 but read 8187
[21:00:44] [IO-Worker-3/ERROR] (Minecraft) Chunk [-11, 8] stream is truncated: expected 1566403674 but read 8187
[21:00:44] [IO-Worker-2/WARN] (Minecraft) Chunk has both internal and external streams
[21:00:44] [IO-Worker-2/ERROR] (Minecraft) External chunk path /Users/magje/code/mods/jade-modded-entities/fabric/runs/client/saves/New World/region/c.-11.9.mcc is not file
[21:00:44] [IO-Worker-3/WARN] (Minecraft) Chunk has both internal and external streams
[21:00:44] [IO-Worker-3/ERROR] (Minecraft) External chunk path /Users/magje/code/mods/jade-modded-entities/fabric/runs/client/saves/New World/region/c.-11.10.mcc is not file
[21:00:44] [IO-Worker-2/WARN] (Minecraft) Chunk has both internal and external streams
[21:00:44] [IO-Worker-2/ERROR] (Minecraft) External chunk path /Users/magje/code/mods/jade-modded-entities/fabric/runs/client/saves/New World/region/c.-11.11.mcc is not file
[21:00:44] [IO-Worker-3/WARN] (Minecraft) Chunk has both internal and external streams
[21:00:44] [IO-Worker-3/ERROR] (Minecraft) External chunk path /Users/magje/code/mods/jade-modded-entities/fabric/runs/client/saves/New World/region/c.-11.12.mcc is not file
[21:00:44] [IO-Worker-2/WARN] (Minecraft) Chunk has both internal and external streams
[21:00:44] [IO-Worker-2/ERROR] (Minecraft) External chunk path /Users/magje/code/mods/jade-modded-entities/fabric/runs/client/saves/New World/region/c.-11.13.mcc is not file
[21:00:44] [IO-Worker-3/WARN] (Minecraft) Chunk has both internal and external streams
[21:00:44] [IO-Worker-3/ERROR] (Minecraft) External chunk path /Users/magje/code/mods/jade-modded-entities/fabric/runs/client/saves/New World/region/c.-10.-9.mcc is not file
[21:00:44] [IO-Worker-2/ERROR] (Minecraft) Chunk [-10, -8] stream is truncated: expected 1567365974 but read 8187
[21:00:44] [IO-Worker-3/ERROR] (Minecraft) Chunk [-10, -7] stream is truncated: expected 1298930888 but read 8187
[21:00:44] [IO-Worker-2/ERROR] (Minecraft) Chunk [-10, -6] stream is truncated: expected 1869355846 but read 8187
[21:00:44] [IO-Worker-3/ERROR] (Minecraft) Chunk [-10, -5] stream is truncated: expected 1567365974 but read 8187
[21:00:44] [IO-Worker-2/WARN] (Minecraft) Chunk has both internal and external streams
[21:00:44] [IO-Worker-2/ERROR] (Minecraft) External chunk path /Users/magje/code/mods/jade-modded-entities/fabric/runs/client/saves/New World/region/c.-10.-4.mcc is not file
[21:00:44] [IO-Worker-3/ERROR] (Minecraft) Declared size -848356409 of chunk [-10, -3] is negative
[21:00:44] [IO-Worker-2/ERROR] (Minecraft) Chunk [-10, -2] stream is truncated: expected 1992797124 but read 8187
[21:00:44] [IO-Worker-3/WARN] (Minecraft) Chunk has both internal and external streams
[21:00:44] [IO-Worker-3/ERROR] (Minecraft) External chunk path /Users/magje/code/mods/jade-modded-entities/fabric/runs/client/saves/New World/region/c.-10.-1.mcc is not file
[21:00:44] [IO-Worker-2/ERROR] (Minecraft) Declared size -1662165665 of chunk [-10, 0] is negative
[21:00:44] [IO-Worker-3/ERROR] (Minecraft) Chunk [-10, 1] stream is truncated: expected 1565355034 but read 8187
[21:00:44] [IO-Worker-2/WARN] (Minecraft) Chunk has both internal and external streams
[21:00:44] [IO-Worker-2/ERROR] (Minecraft) External chunk path /Users/magje/code/mods/jade-modded-entities/fabric/runs/client/saves/New World/region/c.-10.2.mcc is not file
[21:00:44] [IO-Worker-3/WARN] (Minecraft) Chunk has both internal and external streams
[21:00:44] [IO-Worker-3/ERROR] (Minecraft) External chunk path /Users/magje/code/mods/jade-modded-entities/fabric/runs/client/saves/New World/region/c.-10.3.mcc is not file
[21:00:44] [IO-Worker-2/WARN] (Minecraft) Chunk has both internal and external streams
[21:00:44] [IO-Worker-2/ERROR] (Minecraft) External chunk path /Users/magje/code/mods/jade-modded-entities/fabric/runs/client/saves/New World/region/c.-10.4.mcc is not file
[21:00:44] [IO-Worker-3/WARN] (Minecraft) Chunk has both internal and external streams
[21:00:44] [IO-Worker-3/ERROR] (Minecraft) External chunk path /Users/magje/code/mods/jade-modded-entities/fabric/runs/client/saves/New World/region/c.-10.5.mcc is not file
[21:00:44] [IO-Worker-2/ERROR] (Minecraft) Chunk [-10, 6] stream is truncated: expected 1549626394 but read 8187
[21:00:44] [IO-Worker-3/WARN] (Minecraft) Chunk has both internal and external streams
[21:00:44] [IO-Worker-3/ERROR] (Minecraft) External chunk path /Users/magje/code/mods/jade-modded-entities/fabric/runs/client/saves/New World/region/c.-10.7.mcc is not file
[21:00:44] [IO-Worker-2/WARN] (Minecraft) Chunk has both internal and external streams
[21:00:44] [IO-Worker-2/ERROR] (Minecraft) External chunk path /Users/magje/code/mods/jade-modded-entities/fabric/runs/client/saves/New World/region/c.-10.8.mcc is not file
[21:00:44] [IO-Worker-3/WARN] (Minecraft) Chunk has both internal and external streams
[21:00:44] [IO-Worker-3/ERROR] (Minecraft) External chunk path /Users/magje/code/mods/jade-modded-entities/fabric/runs/client/saves/New World/region/c.-10.9.mcc is not file
[21:00:44] [IO-Worker-2/ERROR] (Minecraft) Declared size -312640148 of chunk [-10, 10] is negative
[21:00:44] [IO-Worker-3/WARN] (Minecraft) Chunk has both internal and external streams
[21:00:44] [IO-Worker-3/ERROR] (Minecraft) External chunk path /Users/magje/code/mods/jade-modded-entities/fabric/runs/client/saves/New World/region/c.-10.11.mcc is not file
[21:00:44] [IO-Worker-2/ERROR] (Minecraft) Chunk [-10, 12] stream is truncated: expected 1567321114 but read 8187
[21:00:44] [IO-Worker-3/ERROR] (Minecraft) Chunk [-10, 13] stream is truncated: expected 2104499142 but read 8187
[21:00:44] [IO-Worker-2/ERROR] (Minecraft) Declared size -1662165649 of chunk [-9, -9] is negative
[21:00:44] [IO-Worker-3/ERROR] (Minecraft) Declared size -1662149283 of chunk [-9, -8] is negative
[21:00:44] [IO-Worker-2/ERROR] (Minecraft) Declared size -1662165667 of chunk [-9, -7] is negative
[21:00:44] [IO-Worker-3/WARN] (Minecraft) Chunk has both internal and external streams
[21:00:44] [IO-Worker-3/ERROR] (Minecraft) External chunk path /Users/magje/code/mods/jade-modded-entities/fabric/runs/client/saves/New World/region/c.-9.-6.mcc is not file
[21:00:44] [IO-Worker-2/ERROR] (Minecraft) Chunk [-9, -5] stream is truncated: expected 1549626394 but read 8187
[21:00:44] [IO-Worker-3/WARN] (Minecraft) Chunk has both internal and external streams
[21:00:44] [IO-Worker-3/ERROR] (Minecraft) External chunk path /Users/magje/code/mods/jade-modded-entities/fabric/runs/client/saves/New World/region/c.-9.-4.mcc is not file
[21:00:44] [IO-Worker-2/ERROR] (Minecraft) Chunk [-9, -3] stream is truncated: expected 1835817942 but read 8187
[21:00:44] [IO-Worker-3/ERROR] (Minecraft) Chunk [-9, -2] stream is truncated: expected 1535908822 but read 8187
[21:00:44] [IO-Worker-2/WARN] (Minecraft) Chunk has both internal and external streams
[21:00:44] [IO-Worker-2/ERROR] (Minecraft) External chunk path /Users/magje/code/mods/jade-modded-entities/fabric/runs/client/saves/New World/region/c.-9.-1.mcc is not file
[21:00:44] [IO-Worker-3/WARN] (Minecraft) Chunk has both internal and external streams
[21:00:44] [IO-Worker-3/ERROR] (Minecraft) External chunk path /Users/magje/code/mods/jade-modded-entities/fabric/runs/client/saves/New World/region/c.-9.0.mcc is not file
[21:00:44] [IO-Worker-2/WARN] (Minecraft) Chunk has both internal and external streams
[21:00:44] [IO-Worker-2/ERROR] (Minecraft) External chunk path /Users/magje/code/mods/jade-modded-entities/fabric/runs/client/saves/New World/region/c.-9.1.mcc is not file
[21:00:44] [IO-Worker-3/ERROR] (Minecraft) Chunk [-9, 2] stream is truncated: expected 2023550300 but read 8187
[21:00:44] [IO-Worker-2/ERROR] (Minecraft) Chunk [-9, 3] stream is truncated: expected 2023550364 but read 8187
[21:00:44] [IO-Worker-3/ERROR] (Minecraft) Chunk [-9, 4] stream is truncated: expected 2023550300 but read 8187
[21:00:44] [IO-Worker-2/ERROR] (Minecraft) Chunk [-9, 5] stream is truncated: expected 2023550299 but read 8187
[21:00:44] [IO-Worker-3/ERROR] (Minecraft) Chunk [-9, 6] stream is truncated: expected 2023550300 but read 8187
[21:00:44] [IO-Worker-2/ERROR] (Minecraft) Chunk [-9, 7] stream is truncated: expected 2023550300 but read 8187
[21:00:44] [IO-Worker-3/ERROR] (Minecraft) Chunk [-9, 8] stream is truncated: expected 2023550300 but read 8187
[21:00:44] [IO-Worker-2/ERROR] (Minecraft) Chunk [-9, 9] stream is truncated: expected 2023550300 but read 8187
[21:00:44] [IO-Worker-3/ERROR] (Minecraft) Chunk [-9, 10] stream is truncated: expected 2023550300 but read 8187
[21:00:44] [IO-Worker-2/ERROR] (Minecraft) Declared size -979802123 of chunk [-9, 11] is negative
[21:00:44] [IO-Worker-3/ERROR] (Minecraft) Chunk [-9, 12] stream is truncated: expected 2023550300 but read 8187
[21:00:44] [IO-Worker-2/ERROR] (Minecraft) Chunk [-9, 13] stream is truncated: expected 1802247382 but read 8187
[21:00:44] [IO-Worker-3/WARN] (Minecraft) Chunk has both internal and external streams
[21:00:44] [IO-Worker-3/ERROR] (Minecraft) External chunk path /Users/magje/code/mods/jade-modded-entities/fabric/runs/client/saves/New World/region/c.-8.-9.mcc is not file
[21:00:44] [IO-Worker-2/WARN] (Minecraft) Chunk has both internal and external streams
[21:00:44] [IO-Worker-2/ERROR] (Minecraft) External chunk path /Users/magje/code/mods/jade-modded-entities/fabric/runs/client/saves/New World/region/c.-8.-8.mcc is not file
[21:00:44] [IO-Worker-3/WARN] (Minecraft) Chunk has both internal and external streams
[21:00:44] [IO-Worker-3/ERROR] (Minecraft) External chunk path /Users/magje/code/mods/jade-modded-entities/fabric/runs/client/saves/New World/region/c.-8.-7.mcc is not file
[21:00:44] [IO-Worker-2/WARN] (Minecraft) Chunk has both internal and external streams
[21:00:44] [IO-Worker-2/ERROR] (Minecraft) External chunk path /Users/magje/code/mods/jade-modded-entities/fabric/runs/client/saves/New World/region/c.-8.-6.mcc is not file
[21:00:44] [IO-Worker-3/WARN] (Minecraft) Chunk has both internal and external streams
[21:00:44] [IO-Worker-3/ERROR] (Minecraft) External chunk path /Users/magje/code/mods/jade-modded-entities/fabric/runs/client/saves/New World/region/c.-8.-5.mcc is not file
[21:00:44] [IO-Worker-2/WARN] (Minecraft) Chunk has both internal and external streams
[21:00:44] [IO-Worker-2/ERROR] (Minecraft) External chunk path /Users/magje/code/mods/jade-modded-entities/fabric/runs/client/saves/New World/region/c.-8.-4.mcc is not file
[21:00:44] [IO-Worker-3/WARN] (Minecraft) Chunk has both internal and external streams
[21:00:44] [IO-Worker-3/ERROR] (Minecraft) External chunk path /Users/magje/code/mods/jade-modded-entities/fabric/runs/client/saves/New World/region/c.-8.-3.mcc is not file
[21:00:44] [IO-Worker-3/ERROR] (Minecraft) Chunk [-8, -1] stream is truncated: expected 923137 but read 4091
[21:00:44] [IO-Worker-2/WARN] (Minecraft) Chunk has both internal and external streams
[21:00:44] [IO-Worker-2/ERROR] (Minecraft) External chunk path /Users/magje/code/mods/jade-modded-entities/fabric/runs/client/saves/New World/region/c.-8.0.mcc is not file
[21:00:44] [IO-Worker-3/ERROR] (Minecraft) Chunk [-8, 1] stream is truncated: expected 600274374 but read 8187
[21:00:44] [IO-Worker-2/WARN] (Minecraft) Chunk has both internal and external streams
[21:00:44] [IO-Worker-2/ERROR] (Minecraft) External chunk path /Users/magje/code/mods/jade-modded-entities/fabric/runs/client/saves/New World/region/c.-8.2.mcc is not file
[21:00:44] [IO-Worker-3/WARN] (Minecraft) Chunk has both internal and external streams
[21:00:44] [IO-Worker-3/ERROR] (Minecraft) External chunk path /Users/magje/code/mods/jade-modded-entities/fabric/runs/client/saves/New World/region/c.-8.3.mcc is not file
[21:00:44] [IO-Worker-2/WARN] (Minecraft) Chunk has both internal and external streams
[21:00:44] [IO-Worker-2/ERROR] (Minecraft) External chunk path /Users/magje/code/mods/jade-modded-entities/fabric/runs/client/saves/New World/region/c.-8.4.mcc is not file
[21:00:44] [IO-Worker-3/WARN] (Minecraft) Chunk has both internal and external streams
[21:00:44] [IO-Worker-3/ERROR] (Minecraft) External chunk path /Users/magje/code/mods/jade-modded-entities/fabric/runs/client/saves/New World/region/c.-8.5.mcc is not file
[21:00:44] [IO-Worker-2/ERROR] (Minecraft) Chunk [-8, 6] stream is truncated: expected 41458924 but read 8187
[21:00:44] [IO-Worker-3/ERROR] (Minecraft) Chunk [-8, 7] stream is truncated: expected 41458924 but read 8187
[21:00:44] [IO-Worker-2/ERROR] (Minecraft) Chunk [-8, 8] stream is truncated: expected 41458924 but read 8187
[21:00:44] [IO-Worker-3/ERROR] (Minecraft) Chunk [-8, 9] stream is truncated: expected 41458924 but read 8187
[21:00:44] [IO-Worker-2/WARN] (Minecraft) Chunk has both internal and external streams
[21:00:44] [IO-Worker-2/ERROR] (Minecraft) External chunk path /Users/magje/code/mods/jade-modded-entities/fabric/runs/client/saves/New World/region/c.-8.10.mcc is not file
[21:00:44] [IO-Worker-3/WARN] (Minecraft) Chunk has both internal and external streams
[21:00:44] [IO-Worker-3/ERROR] (Minecraft) External chunk path /Users/magje/code/mods/jade-modded-entities/fabric/runs/client/saves/New World/region/c.-8.11.mcc is not file
[21:00:44] [IO-Worker-2/ERROR] (Minecraft) Chunk [-8, 12] stream is truncated: expected 2023550300 but read 8187
[21:00:44] [IO-Worker-3/ERROR] (Minecraft) Chunk [-8, 13] stream is truncated: expected 1871453126 but read 8187
[21:00:44] [IO-Worker-2/WARN] (Minecraft) Chunk has both internal and external streams
[21:00:44] [IO-Worker-2/ERROR] (Minecraft) External chunk path /Users/magje/code/mods/jade-modded-entities/fabric/runs/client/saves/New World/region/c.-7.10.mcc is not file
[21:00:44] [IO-Worker-3/ERROR] (Minecraft) Chunk [-7, 11] stream is truncated: expected 41458924 but read 8187
[21:00:44] [IO-Worker-2/ERROR] (Minecraft) Chunk [-7, 12] stream is truncated: expected 2023550300 but read 8187
[21:00:44] [IO-Worker-3/ERROR] (Minecraft) Chunk [-7, 13] stream is truncated: expected 1567366104 but read 8187
[21:00:44] [IO-Worker-2/WARN] (Minecraft) Chunk has both internal and external streams
[21:00:44] [IO-Worker-2/ERROR] (Minecraft) External chunk path /Users/magje/code/mods/jade-modded-entities/fabric/runs/client/saves/New World/region/c.-6.10.mcc is not file
[21:00:44] [IO-Worker-3/ERROR] (Minecraft) Chunk [-6, 11] stream is truncated: expected 41458924 but read 8187
[21:00:44] [IO-Worker-2/ERROR] (Minecraft) Chunk [-6, 12] stream is truncated: expected 2023550299 but read 8187
[21:00:44] [IO-Worker-3/ERROR] (Minecraft) Chunk [-6, 13] stream is truncated: expected 1265376198 but read 8187
[21:00:44] [IO-Worker-2/WARN] (Minecraft) Chunk has both internal and external streams
[21:00:44] [IO-Worker-2/ERROR] (Minecraft) External chunk path /Users/magje/code/mods/jade-modded-entities/fabric/runs/client/saves/New World/region/c.-5.10.mcc is not file
[21:00:44] [IO-Worker-3/WARN] (Minecraft) Chunk has both internal and external streams
[21:00:44] [IO-Worker-3/ERROR] (Minecraft) External chunk path /Users/magje/code/mods/jade-modded-entities/fabric/runs/client/saves/New World/region/c.-5.11.mcc is not file
[21:00:44] [IO-Worker-2/ERROR] (Minecraft) Chunk [-5, 12] stream is truncated: expected 2023550300 but read 8187
[21:00:44] [IO-Worker-3/WARN] (Minecraft) Chunk has both internal and external streams
[21:00:44] [IO-Worker-3/ERROR] (Minecraft) External chunk path /Users/magje/code/mods/jade-modded-entities/fabric/runs/client/saves/New World/region/c.-5.13.mcc is not file
[21:00:44] [IO-Worker-2/WARN] (Minecraft) Chunk has both internal and external streams
[21:00:44] [IO-Worker-2/ERROR] (Minecraft) External chunk path /Users/magje/code/mods/jade-modded-entities/fabric/runs/client/saves/New World/region/c.-4.10.mcc is not file
[21:00:44] [IO-Worker-3/ERROR] (Minecraft) Chunk [-4, 11] stream is truncated: expected 2023550300 but read 8187
[21:00:44] [IO-Worker-2/ERROR] (Minecraft) Chunk [-4, 12] stream is truncated: expected 2023550364 but read 4091
[21:00:44] [IO-Worker-3/ERROR] (Minecraft) Declared size -881861672 of chunk [-4, 13] is negative
[21:00:44] [IO-Worker-2/WARN] (Minecraft) Chunk has both internal and external streams
[21:00:44] [IO-Worker-2/ERROR] (Minecraft) External chunk path /Users/magje/code/mods/jade-modded-entities/fabric/runs/client/saves/New World/region/c.-3.10.mcc is not file
[21:00:44] [IO-Worker-3/ERROR] (Minecraft) Chunk [-3, 11] stream is truncated: expected 2023550300 but read 8187
[21:00:44] [IO-Worker-2/WARN] (Minecraft) Chunk has both internal and external streams
[21:00:44] [IO-Worker-2/ERROR] (Minecraft) External chunk path /Users/magje/code/mods/jade-modded-entities/fabric/runs/client/saves/New World/region/c.-3.12.mcc is not file
[21:00:44] [IO-Worker-3/ERROR] (Minecraft) Chunk [-3, 13] stream is truncated: expected 1265572822 but read 4091
[21:00:44] [IO-Worker-2/WARN] (Minecraft) Chunk has both internal and external streams
[21:00:44] [IO-Worker-2/ERROR] (Minecraft) External chunk path /Users/magje/code/mods/jade-modded-entities/fabric/runs/client/saves/New World/region/c.-2.10.mcc is not file
[21:00:44] [IO-Worker-3/ERROR] (Minecraft) Chunk [-2, 11] stream is truncated: expected 2023550364 but read 8187
[21:00:44] [IO-Worker-2/ERROR] (Minecraft) Chunk [-2, 12] stream is truncated: expected 2023550300 but read 8187
[21:00:44] [IO-Worker-3/ERROR] (Minecraft) Chunk [-2, 13] stream is truncated: expected 1298930630 but read 8187
[21:00:44] [IO-Worker-2/WARN] (Minecraft) Chunk has both internal and external streams
[21:00:44] [IO-Worker-2/ERROR] (Minecraft) External chunk path /Users/magje/code/mods/jade-modded-entities/fabric/runs/client/saves/New World/region/c.-1.10.mcc is not file
[21:00:44] [IO-Worker-3/ERROR] (Minecraft) Chunk [-1, 11] stream is truncated: expected 2023550300 but read 4091
[21:00:44] [IO-Worker-2/ERROR] (Minecraft) Declared size -308523668 of chunk [-1, 12] is negative
[21:00:44] [IO-Worker-3/WARN] (Minecraft) Chunk has both internal and external streams
[21:00:44] [IO-Worker-3/ERROR] (Minecraft) External chunk path /Users/magje/code/mods/jade-modded-entities/fabric/runs/client/saves/New World/region/c.-1.13.mcc is not file
[21:00:44] [IO-Worker-2/WARN] (Minecraft) Chunk has both internal and external streams
[21:00:44] [IO-Worker-2/ERROR] (Minecraft) External chunk path /Users/magje/code/mods/jade-modded-entities/fabric/runs/client/saves/New World/region/c.0.10.mcc is not file
[21:00:44] [IO-Worker-3/WARN] (Minecraft) Chunk has both internal and external streams
[21:00:44] [IO-Worker-3/ERROR] (Minecraft) External chunk path /Users/magje/code/mods/jade-modded-entities/fabric/runs/client/saves/New World/region/c.0.11.mcc is not file
[21:00:44] [IO-Worker-2/ERROR] (Minecraft) Declared size -1090743512 of chunk [0, 12] is negative
[21:00:44] [IO-Worker-3/WARN] (Minecraft) Chunk has both internal and external streams
[21:00:44] [IO-Worker-3/ERROR] (Minecraft) External chunk path /Users/magje/code/mods/jade-modded-entities/fabric/runs/client/saves/New World/region/c.0.13.mcc is not file
[21:00:44] [IO-Worker-2/ERROR] (Minecraft) Declared size -312648340 of chunk [1, 10] is negative
[21:00:44] [IO-Worker-3/WARN] (Minecraft) Chunk has both internal and external streams
[21:00:44] [IO-Worker-3/ERROR] (Minecraft) External chunk path /Users/magje/code/mods/jade-modded-entities/fabric/runs/client/saves/New World/region/c.1.11.mcc is not file
[21:00:44] [IO-Worker-2/WARN] (Minecraft) Chunk has both internal and external streams
[21:00:44] [IO-Worker-2/ERROR] (Minecraft) External chunk path /Users/magje/code/mods/jade-modded-entities/fabric/runs/client/saves/New World/region/c.1.12.mcc is not file
[21:00:44] [IO-Worker-3/ERROR] (Minecraft) Chunk [1, 13] stream is truncated: expected 139596468 but read 8187
[21:00:44] [IO-Worker-2/ERROR] (Minecraft) Chunk [2, 10] stream is truncated: expected 2137791446 but read 8187
[21:00:44] [IO-Worker-3/WARN] (Minecraft) Chunk has both internal and external streams
[21:00:44] [IO-Worker-3/ERROR] (Minecraft) External chunk path /Users/magje/code/mods/jade-modded-entities/fabric/runs/client/saves/New World/region/c.2.11.mcc is not file
[21:00:44] [IO-Worker-2/WARN] (Minecraft) Chunk has both internal and external streams
[21:00:44] [IO-Worker-2/ERROR] (Minecraft) External chunk path /Users/magje/code/mods/jade-modded-entities/fabric/runs/client/saves/New World/region/c.2.12.mcc is not file
[21:00:44] [IO-Worker-3/ERROR] (Minecraft) Declared size -1869337397 of chunk [2, 13] is negative
[21:00:44] [IO-Worker-2/ERROR] (Minecraft) Chunk [3, 10] stream is truncated: expected 1869356006 but read 8187
[21:00:44] [IO-Worker-3/ERROR] (Minecraft) Chunk [3, 11] stream is truncated: expected 467114301 but read 8187
[21:00:44] [IO-Worker-2/WARN] (Minecraft) Chunk has both internal and external streams
[21:00:44] [IO-Worker-2/ERROR] (Minecraft) External chunk path /Users/magje/code/mods/jade-modded-entities/fabric/runs/client/saves/New World/region/c.3.12.mcc is not file
[21:00:44] [IO-Worker-3/WARN] (Minecraft) Chunk has both internal and external streams
[21:00:44] [IO-Worker-3/ERROR] (Minecraft) External chunk path /Users/magje/code/mods/jade-modded-entities/fabric/runs/client/saves/New World/region/c.3.13.mcc is not file
[21:00:44] [IO-Worker-2/WARN] (Minecraft) Chunk has both internal and external streams
[21:00:44] [IO-Worker-2/ERROR] (Minecraft) External chunk path /Users/magje/code/mods/jade-modded-entities/fabric/runs/client/saves/New World/region/c.4.10.mcc is not file
[21:00:44] [IO-Worker-3/ERROR] (Minecraft) Chunk [4, 11] stream is truncated: expected 1414897350 but read 8187
[21:00:44] [IO-Worker-2/WARN] (Minecraft) Chunk has both internal and external streams
[21:00:44] [IO-Worker-2/ERROR] (Minecraft) External chunk path /Users/magje/code/mods/jade-modded-entities/fabric/runs/client/saves/New World/region/c.4.12.mcc is not file
[21:00:44] [IO-Worker-3/ERROR] (Minecraft) Chunk [4, 13] stream is truncated: expected 625653348 but read 8187
[21:00:44] [IO-Worker-2/WARN] (Minecraft) Chunk has both internal and external streams
[21:00:44] [IO-Worker-2/ERROR] (Minecraft) External chunk path /Users/magje/code/mods/jade-modded-entities/fabric/runs/client/saves/New World/region/c.5.10.mcc is not file
[21:00:44] [IO-Worker-3/ERROR] (Minecraft) Chunk [5, 11] stream is truncated: expected 259003606 but read 8187
[21:00:44] [IO-Worker-2/ERROR] (Minecraft) Chunk [5, 12] stream is truncated: expected 1978105087 but read 12283
[21:00:44] [IO-Worker-3/WARN] (Minecraft) Chunk has both internal and external streams
[21:00:44] [IO-Worker-3/ERROR] (Minecraft) External chunk path /Users/magje/code/mods/jade-modded-entities/fabric/runs/client/saves/New World/region/c.5.13.mcc is not file
[21:00:44] [IO-Worker-2/WARN] (Minecraft) Chunk has both internal and external streams
[21:00:44] [IO-Worker-2/ERROR] (Minecraft) External chunk path /Users/magje/code/mods/jade-modded-entities/fabric/runs/client/saves/New World/region/c.6.10.mcc is not file
[21:00:44] [IO-Worker-3/ERROR] (Minecraft) Chunk [6, 11] stream is truncated: expected 1532467518 but read 8187
[21:00:44] [IO-Worker-2/WARN] (Minecraft) Chunk has both internal and external streams
[21:00:44] [IO-Worker-2/ERROR] (Minecraft) External chunk path /Users/magje/code/mods/jade-modded-entities/fabric/runs/client/saves/New World/region/c.6.12.mcc is not file
[21:00:44] [IO-Worker-3/WARN] (Minecraft) Chunk has both internal and external streams
[21:00:44] [IO-Worker-3/ERROR] (Minecraft) External chunk path /Users/magje/code/mods/jade-modded-entities/fabric/runs/client/saves/New World/region/c.6.13.mcc is not file
[21:00:44] [IO-Worker-2/ERROR] (Minecraft) Chunk [7, 10] stream is truncated: expected 1869372374 but read 8187
[21:00:44] [IO-Worker-3/ERROR] (Minecraft) Chunk [7, 11] stream is truncated: expected 458716861 but read 8187
[21:00:44] [IO-Worker-2/WARN] (Minecraft) Chunk has both internal and external streams
[21:00:44] [IO-Worker-2/ERROR] (Minecraft) External chunk path /Users/magje/code/mods/jade-modded-entities/fabric/runs/client/saves/New World/region/c.7.12.mcc is not file
[21:00:44] [IO-Worker-3/WARN] (Minecraft) Chunk has both internal and external streams
[21:00:44] [IO-Worker-3/ERROR] (Minecraft) External chunk path /Users/magje/code/mods/jade-modded-entities/fabric/runs/client/saves/New World/region/c.7.13.mcc is not file
[21:00:44] [IO-Worker-2/ERROR] (Minecraft) Chunk [8, 10] stream is truncated: expected 1835817942 but read 8187
[21:00:44] [IO-Worker-3/WARN] (Minecraft) Chunk has both internal and external streams
[21:00:44] [IO-Worker-3/ERROR] (Minecraft) External chunk path /Users/magje/code/mods/jade-modded-entities/fabric/runs/client/saves/New World/region/c.8.11.mcc is not file
[21:00:44] [IO-Worker-2/WARN] (Minecraft) Chunk has both internal and external streams
[21:00:44] [IO-Worker-2/ERROR] (Minecraft) External chunk path /Users/magje/code/mods/jade-modded-entities/fabric/runs/client/saves/New World/region/c.8.12.mcc is not file
[21:00:44] [IO-Worker-3/ERROR] (Minecraft) Declared size -1852560167 of chunk [8, 13] is negative
[21:00:44] [IO-Worker-2/WARN] (Minecraft) Chunk has both internal and external streams
[21:00:44] [IO-Worker-2/ERROR] (Minecraft) External chunk path /Users/magje/code/mods/jade-modded-entities/fabric/runs/client/saves/New World/region/c.9.10.mcc is not file
[21:00:44] [IO-Worker-3/WARN] (Minecraft) Chunk has both internal and external streams
[21:00:44] [IO-Worker-3/ERROR] (Minecraft) External chunk path /Users/magje/code/mods/jade-modded-entities/fabric/runs/client/saves/New World/region/c.9.11.mcc is not file
[21:00:44] [IO-Worker-2/WARN] (Minecraft) Chunk has both internal and external streams
[21:00:44] [IO-Worker-2/ERROR] (Minecraft) External chunk path /Users/magje/code/mods/jade-modded-entities/fabric/runs/client/saves/New World/region/c.9.12.mcc is not file
[21:00:44] [IO-Worker-3/WARN] (Minecraft) Chunk has both internal and external streams
[21:00:44] [IO-Worker-3/ERROR] (Minecraft) External chunk path /Users/magje/code/mods/jade-modded-entities/fabric/runs/client/saves/New World/region/c.9.13.mcc is not file
[21:00:44] [IO-Worker-2/WARN] (Minecraft) Chunk has both internal and external streams
[21:00:44] [IO-Worker-2/ERROR] (Minecraft) External chunk path /Users/magje/code/mods/jade-modded-entities/fabric/runs/client/saves/New World/region/c.10.10.mcc is not file
[21:00:44] [IO-Worker-3/WARN] (Minecraft) Chunk has both internal and external streams
[21:00:44] [IO-Worker-3/ERROR] (Minecraft) External chunk path /Users/magje/code/mods/jade-modded-entities/fabric/runs/client/saves/New World/region/c.10.11.mcc is not file
[21:00:44] [IO-Worker-2/WARN] (Minecraft) Chunk has both internal and external streams
[21:00:44] [IO-Worker-2/ERROR] (Minecraft) External chunk path /Users/magje/code/mods/jade-modded-entities/fabric/runs/client/saves/New World/region/c.10.12.mcc is not file
[21:00:44] [IO-Worker-3/WARN] (Minecraft) Chunk has both internal and external streams
[21:00:44] [IO-Worker-3/ERROR] (Minecraft) External chunk path /Users/magje/code/mods/jade-modded-entities/fabric/runs/client/saves/New World/region/c.10.13.mcc is not file
[21:00:44] [IO-Worker-2/ERROR] (Minecraft) Chunk [11, 10] stream is truncated: expected 1835817942 but read 12283
[21:00:44] [IO-Worker-3/WARN] (Minecraft) Chunk has both internal and external streams
[21:00:44] [IO-Worker-3/ERROR] (Minecraft) External chunk path /Users/magje/code/mods/jade-modded-entities/fabric/runs/client/saves/New World/region/c.11.11.mcc is not file
[21:00:44] [IO-Worker-2/WARN] (Minecraft) Chunk has both internal and external streams
[21:00:44] [IO-Worker-2/ERROR] (Minecraft) External chunk path /Users/magje/code/mods/jade-modded-entities/fabric/runs/client/saves/New World/region/c.11.12.mcc is not file
[21:00:44] [IO-Worker-3/WARN] (Minecraft) Chunk has both internal and external streams
[21:00:44] [IO-Worker-3/ERROR] (Minecraft) External chunk path /Users/magje/code/mods/jade-modded-entities/fabric/runs/client/saves/New World/region/c.11.13.mcc is not file
[21:00:44] [IO-Worker-2/ERROR] (Minecraft) Declared size -678052100 of chunk [12, 10] is negative
[21:00:44] [IO-Worker-3/WARN] (Minecraft) Chunk has both internal and external streams
[21:00:44] [IO-Worker-3/ERROR] (Minecraft) External chunk path /Users/magje/code/mods/jade-modded-entities/fabric/runs/client/saves/New World/region/c.12.11.mcc is not file
[21:00:44] [IO-Worker-2/ERROR] (Minecraft) Declared size -948891097 of chunk [12, 12] is negative
[21:00:44] [IO-Worker-3/ERROR] (Minecraft) Declared size -1589327569 of chunk [12, 13] is negative
[21:00:44] [IO-Worker-3/WARN] (Minecraft) Chunk has both internal and external streams
[21:00:44] [IO-Worker-3/ERROR] (Minecraft) External chunk path /Users/magje/code/mods/jade-modded-entities/fabric/runs/client/saves/New World/region/c.-11.-12.mcc is not file
[21:00:44] [IO-Worker-2/ERROR] (Minecraft) Declared size -1638060507 of chunk [-11, -11] is negative
[21:00:44] [IO-Worker-3/ERROR] (Minecraft) Chunk [-11, -10] stream is truncated: expected 1467629090 but read 8187
[21:00:44] [IO-Worker-3/ERROR] (Minecraft) Chunk [-10, -12] stream is truncated: expected 1600920774 but read 8187
[21:00:44] [IO-Worker-2/ERROR] (Minecraft) Chunk [-10, -11] stream is truncated: expected 1567365974 but read 8187
[21:00:44] [IO-Worker-3/ERROR] (Minecraft) Chunk [-10, -10] stream is truncated: expected 1835817942 but read 8187
[21:00:44] [IO-Worker-2/WARN] (Minecraft) Chunk has both internal and external streams
[21:00:44] [IO-Worker-2/ERROR] (Minecraft) External chunk path /Users/magje/code/mods/jade-modded-entities/fabric/runs/client/saves/New World/region/c.-9.-13.mcc is not file
[21:00:44] [IO-Worker-3/ERROR] (Minecraft) Chunk [-9, -12] stream is truncated: expected 2137791446 but read 8187
[21:00:44] [IO-Worker-2/ERROR] (Minecraft) Declared size -1662149297 of chunk [-9, -11] is negative
[21:00:44] [IO-Worker-3/ERROR] (Minecraft) Chunk [-9, -10] stream is truncated: expected 2023550364 but read 8187
[21:00:44] [IO-Worker-2/ERROR] (Minecraft) Chunk [-8, -13] stream is truncated: expected 2104237030 but read 8187
[21:00:44] [IO-Worker-3/ERROR] (Minecraft) Chunk [-8, -12] stream is truncated: expected 1567365974 but read 8187
[21:00:44] [IO-Worker-2/WARN] (Minecraft) Chunk has both internal and external streams
[21:00:44] [IO-Worker-2/ERROR] (Minecraft) External chunk path /Users/magje/code/mods/jade-modded-entities/fabric/runs/client/saves/New World/region/c.-8.-11.mcc is not file
[21:00:44] [IO-Worker-2/ERROR] (Minecraft) Chunk [13, 10] stream is truncated: expected 466057693 but read 12283
[21:00:44] [IO-Worker-3/WARN] (Minecraft) Chunk has both internal and external streams
[21:00:44] [IO-Worker-3/ERROR] (Minecraft) External chunk path /Users/magje/code/mods/jade-modded-entities/fabric/runs/client/saves/New World/region/c.14.10.mcc is not file
[21:00:44] [IO-Worker-2/ERROR] (Minecraft) Chunk [15, 10] stream is truncated: expected 2113741238 but read 12283
[21:00:44] [IO-Worker-3/ERROR] (Minecraft) Chunk [-11, -14] stream is truncated: expected 475101040 but read 8187
[21:00:44] [IO-Worker-2/WARN] (Minecraft) Chunk has both internal and external streams
[21:00:44] [IO-Worker-2/ERROR] (Minecraft) External chunk path /Users/magje/code/mods/jade-modded-entities/fabric/runs/client/saves/New World/region/c.-10.-14.mcc is not file
[21:00:44] [IO-Worker-3/WARN] (Minecraft) Chunk has both internal and external streams
[21:00:44] [IO-Worker-3/ERROR] (Minecraft) External chunk path /Users/magje/code/mods/jade-modded-entities/fabric/runs/client/saves/New World/region/c.-9.-14.mcc is not file
[21:00:44] [IO-Worker-2/WARN] (Minecraft) Chunk has both internal and external streams
[21:00:44] [IO-Worker-2/ERROR] (Minecraft) External chunk path /Users/magje/code/mods/jade-modded-entities/fabric/runs/client/saves/New World/region/c.-8.-14.mcc is not file
[21:00:44] [IO-Worker-3/ERROR] (Minecraft) Declared size -1352255653 of chunk [-7, -14] is negative
[21:00:44] [IO-Worker-2/WARN] (Minecraft) Chunk has both internal and external streams
[21:00:44] [IO-Worker-2/ERROR] (Minecraft) External chunk path /Users/magje/code/mods/jade-modded-entities/fabric/runs/client/saves/New World/region/c.-6.-14.mcc is not file
[21:00:44] [IO-Worker-3/ERROR] (Minecraft) Chunk [-5, -14] stream is truncated: expected 2141480146 but read 8187
[21:00:44] [IO-Worker-2/ERROR] (Minecraft) Declared size -1368485133 of chunk [-4, -14] is negative
[21:00:44] [IO-Worker-3/WARN] (Minecraft) Chunk has both internal and external streams
[21:00:44] [IO-Worker-3/ERROR] (Minecraft) External chunk path /Users/magje/code/mods/jade-modded-entities/fabric/runs/client/saves/New World/region/c.-3.-14.mcc is not file
[21:00:44] [IO-Worker-2/ERROR] (Minecraft) Declared size -941683671 of chunk [-2, -14] is negative
[21:00:44] [IO-Worker-3/WARN] (Minecraft) Chunk has both internal and external streams
[21:00:44] [IO-Worker-3/ERROR] (Minecraft) External chunk path /Users/magje/code/mods/jade-modded-entities/fabric/runs/client/saves/New World/region/c.-1.-14.mcc is not file
[21:00:44] [IO-Worker-2/ERROR] (Minecraft) Declared size -1555385955 of chunk [0, -14] is negative
[21:00:44] [IO-Worker-3/ERROR] (Minecraft) Chunk [1, -14] stream is truncated: expected 1565224026 but read 8187
[21:00:44] [IO-Worker-2/ERROR] (Minecraft) Chunk [2, -14] stream is truncated: expected 1450753 but read 8187
[21:00:44] [IO-Worker-3/WARN] (Minecraft) Chunk has both internal and external streams
[21:00:44] [IO-Worker-3/ERROR] (Minecraft) External chunk path /Users/magje/code/mods/jade-modded-entities/fabric/runs/client/saves/New World/region/c.3.-14.mcc is not file
[21:00:44] [IO-Worker-2/WARN] (Minecraft) Chunk has both internal and external streams
[21:00:44] [IO-Worker-2/ERROR] (Minecraft) External chunk path /Users/magje/code/mods/jade-modded-entities/fabric/runs/client/saves/New World/region/c.4.-14.mcc is not file
[21:00:44] [IO-Worker-3/WARN] (Minecraft) Chunk has both internal and external streams
[21:00:44] [IO-Worker-3/ERROR] (Minecraft) External chunk path /Users/magje/code/mods/jade-modded-entities/fabric/runs/client/saves/New World/region/c.5.-14.mcc is not file
[21:00:44] [IO-Worker-2/ERROR] (Minecraft) Declared size -1297760069 of chunk [6, -14] is negative
[21:00:44] [IO-Worker-3/WARN] (Minecraft) Chunk has both internal and external streams
[21:00:44] [IO-Worker-3/ERROR] (Minecraft) External chunk path /Users/magje/code/mods/jade-modded-entities/fabric/runs/client/saves/New World/region/c.7.-14.mcc is not file
[21:00:44] [IO-Worker-2/ERROR] (Minecraft) Declared size -643219666 of chunk [8, -14] is negative
[21:00:44] [IO-Worker-3/WARN] (Minecraft) Chunk has both internal and external streams
[21:00:44] [IO-Worker-3/ERROR] (Minecraft) External chunk path /Users/magje/code/mods/jade-modded-entities/fabric/runs/client/saves/New World/region/c.9.-14.mcc is not file
[21:00:44] [IO-Worker-2/WARN] (Minecraft) Chunk has both internal and external streams
[21:00:44] [IO-Worker-2/ERROR] (Minecraft) External chunk path /Users/magje/code/mods/jade-modded-entities/fabric/runs/client/saves/New World/region/c.10.-14.mcc is not file
[21:00:44] [IO-Worker-3/ERROR] (Minecraft) Declared size -1818303028 of chunk [11, -14] is negative
[21:00:44] [IO-Worker-2/WARN] (Minecraft) Chunk has both internal and external streams
[21:00:44] [IO-Worker-2/ERROR] (Minecraft) External chunk path /Users/magje/code/mods/jade-modded-entities/fabric/runs/client/saves/New World/region/c.-12.-13.mcc is not file
[21:00:44] [IO-Worker-3/ERROR] (Minecraft) Declared size -677517651 of chunk [-12, -12] is negative
[21:00:44] [IO-Worker-2/WARN] (Minecraft) Chunk has both internal and external streams
[21:00:44] [IO-Worker-2/ERROR] (Minecraft) External chunk path /Users/magje/code/mods/jade-modded-entities/fabric/runs/client/saves/New World/region/c.-12.-11.mcc is not file
[21:00:44] [IO-Worker-3/ERROR] (Minecraft) Chunk [-12, -10] stream is truncated: expected 2105003839 but read 12283
[21:00:44] [IO-Worker-2/ERROR] (Minecraft) Declared size -1133046320 of chunk [-12, -9] is negative
[21:00:44] [IO-Worker-3/ERROR] (Minecraft) Declared size -1627924156 of chunk [-12, -8] is negative
[21:00:44] [IO-Worker-2/WARN] (Minecraft) Chunk has both internal and external streams
[21:00:44] [IO-Worker-2/ERROR] (Minecraft) External chunk path /Users/magje/code/mods/jade-modded-entities/fabric/runs/client/saves/New World/region/c.-12.-7.mcc is not file
[21:00:44] [IO-Worker-3/WARN] (Minecraft) Chunk has both internal and external streams
[21:00:44] [IO-Worker-3/ERROR] (Minecraft) External chunk path /Users/magje/code/mods/jade-modded-entities/fabric/runs/client/saves/New World/region/c.-12.-6.mcc is not file
[21:00:44] [IO-Worker-2/WARN] (Minecraft) Chunk has both internal and external streams
[21:00:44] [IO-Worker-2/ERROR] (Minecraft) External chunk path /Users/magje/code/mods/jade-modded-entities/fabric/runs/client/saves/New World/region/c.-12.-5.mcc is not file
[21:00:44] [IO-Worker-3/ERROR] (Minecraft) Declared size -1478723894 of chunk [-12, -4] is negative
[21:00:44] [IO-Worker-2/WARN] (Minecraft) Chunk has both internal and external streams
[21:00:44] [IO-Worker-2/ERROR] (Minecraft) External chunk path /Users/magje/code/mods/jade-modded-entities/fabric/runs/client/saves/New World/region/c.-12.-3.mcc is not file
[21:00:44] [IO-Worker-3/WARN] (Minecraft) Chunk has both internal and external streams
[21:00:44] [IO-Worker-3/ERROR] (Minecraft) External chunk path /Users/magje/code/mods/jade-modded-entities/fabric/runs/client/saves/New World/region/c.-12.-2.mcc is not file
[21:00:44] [IO-Worker-2/WARN] (Minecraft) Chunk has both internal and external streams
[21:00:44] [IO-Worker-2/ERROR] (Minecraft) External chunk path /Users/magje/code/mods/jade-modded-entities/fabric/runs/client/saves/New World/region/c.-12.-1.mcc is not file
[21:00:44] [IO-Worker-3/WARN] (Minecraft) Chunk has both internal and external streams
[21:00:44] [IO-Worker-3/ERROR] (Minecraft) External chunk path /Users/magje/code/mods/jade-modded-entities/fabric/runs/client/saves/New World/region/c.-12.0.mcc is not file
[21:00:44] [IO-Worker-3/WARN] (Minecraft) Chunk has both internal and external streams
[21:00:44] [IO-Worker-3/ERROR] (Minecraft) External chunk path /Users/magje/code/mods/jade-modded-entities/fabric/runs/client/saves/New World/region/c.-12.2.mcc is not file
[21:00:44] [IO-Worker-2/WARN] (Minecraft) Chunk has both internal and external streams
[21:00:44] [IO-Worker-2/ERROR] (Minecraft) External chunk path /Users/magje/code/mods/jade-modded-entities/fabric/runs/client/saves/New World/region/c.-12.3.mcc is not file
[21:00:44] [IO-Worker-3/WARN] (Minecraft) Chunk has both internal and external streams
[21:00:44] [IO-Worker-3/ERROR] (Minecraft) External chunk path /Users/magje/code/mods/jade-modded-entities/fabric/runs/client/saves/New World/region/c.-12.4.mcc is not file
[21:00:44] [IO-Worker-2/ERROR] (Minecraft) Chunk [-12, 5] stream is truncated: expected 1397737892 but read 12283
[21:00:44] [IO-Worker-3/WARN] (Minecraft) Chunk has both internal and external streams
[21:00:44] [IO-Worker-3/ERROR] (Minecraft) External chunk path /Users/magje/code/mods/jade-modded-entities/fabric/runs/client/saves/New World/region/c.-12.6.mcc is not file
[21:00:44] [IO-Worker-2/ERROR] (Minecraft) Declared size -172729498 of chunk [-12, 7] is negative
[21:00:44] [IO-Worker-3/ERROR] (Minecraft) Chunk [-12, 8] stream is truncated: expected 1004250973 but read 12283
[21:00:44] [IO-Worker-2/ERROR] (Minecraft) Chunk [-12, 9] stream is truncated: expected 340130814 but read 16379
[21:00:44] [IO-Worker-3/ERROR] (Minecraft) Chunk [-12, 10] stream is truncated: expected 1413873310 but read 12283
[21:00:44] [IO-Worker-2/WARN] (Minecraft) Chunk has both internal and external streams
[21:00:44] [IO-Worker-2/ERROR] (Minecraft) External chunk path /Users/magje/code/mods/jade-modded-entities/fabric/runs/client/saves/New World/region/c.-12.11.mcc is not file
[21:00:44] [IO-Worker-3/WARN] (Minecraft) Chunk has both internal and external streams
[21:00:44] [IO-Worker-3/ERROR] (Minecraft) External chunk path /Users/magje/code/mods/jade-modded-entities/fabric/runs/client/saves/New World/region/c.-12.12.mcc is not file
[21:00:44] [IO-Worker-2/ERROR] (Minecraft) Chunk [12, -14] stream is truncated: expected 1691348664 but read 12283
[21:00:44] [IO-Worker-3/WARN] (Minecraft) Chunk has both internal and external streams
[21:00:44] [IO-Worker-3/ERROR] (Minecraft) External chunk path /Users/magje/code/mods/jade-modded-entities/fabric/runs/client/saves/New World/region/c.13.-14.mcc is not file
[21:00:44] [IO-Worker-2/WARN] (Minecraft) Chunk has both internal and external streams
[21:00:44] [IO-Worker-2/ERROR] (Minecraft) External chunk path /Users/magje/code/mods/jade-modded-entities/fabric/runs/client/saves/New World/region/c.14.-14.mcc is not file
[21:00:44] [IO-Worker-3/ERROR] (Minecraft) Chunk [15, -14] stream is truncated: expected 1274499513 but read 8187
[21:00:44] [IO-Worker-2/ERROR] (Minecraft) Chunk [-12, 13] stream is truncated: expected 2003452577 but read 12283
[21:00:44] [IO-Worker-3/WARN] (Minecraft) Chunk has both internal and external streams
[21:00:44] [IO-Worker-3/ERROR] (Minecraft) External chunk path /Users/magje/code/mods/jade-modded-entities/fabric/runs/client/saves/New World/region/c.16.-14.mcc is not file
[21:00:44] [IO-Worker-2/WARN] (Minecraft) Chunk has both internal and external streams
[21:00:44] [IO-Worker-2/ERROR] (Minecraft) External chunk path /Users/magje/code/mods/jade-modded-entities/fabric/runs/client/saves/New World/region/c.16.-13.mcc is not file
[21:00:44] [IO-Worker-3/WARN] (Minecraft) Chunk has both internal and external streams
[21:00:44] [IO-Worker-3/ERROR] (Minecraft) External chunk path /Users/magje/code/mods/jade-modded-entities/fabric/runs/client/saves/New World/region/c.16.-12.mcc is not file
[21:00:44] [IO-Worker-2/ERROR] (Minecraft) Declared size -1108378759 of chunk [16, -11] is negative
[21:00:44] [IO-Worker-3/ERROR] (Minecraft) Declared size -731356116 of chunk [16, -10] is negative
[21:00:44] [IO-Worker-2/ERROR] (Minecraft) Declared size -1707051382 of chunk [16, -9] is negative
[21:00:44] [IO-Worker-3/ERROR] (Minecraft) Declared size -869459732 of chunk [16, -8] is negative
[21:00:44] [IO-Worker-2/WARN] (Minecraft) Chunk has both internal and external streams
[21:00:44] [IO-Worker-2/ERROR] (Minecraft) External chunk path /Users/magje/code/mods/jade-modded-entities/fabric/runs/client/saves/New World/region/c.16.-7.mcc is not file
[21:00:44] [IO-Worker-3/ERROR] (Minecraft) Chunk [16, -6] stream is truncated: expected 632822552 but read 8187
[21:00:44] [IO-Worker-2/ERROR] (Minecraft) Declared size -522874296 of chunk [16, -5] is negative
[21:00:44] [IO-Worker-3/WARN] (Minecraft) Chunk has both internal and external streams
[21:00:44] [IO-Worker-3/ERROR] (Minecraft) External chunk path /Users/magje/code/mods/jade-modded-entities/fabric/runs/client/saves/New World/region/c.16.-4.mcc is not file
[21:00:44] [IO-Worker-2/ERROR] (Minecraft) Declared size -802378570 of chunk [16, -3] is negative
[21:00:44] [IO-Worker-3/ERROR] (Minecraft) Declared size -508797430 of chunk [16, -2] is negative
[21:00:44] [IO-Worker-2/WARN] (Minecraft) Chunk has both internal and external streams
[21:00:44] [IO-Worker-2/ERROR] (Minecraft) External chunk path /Users/magje/code/mods/jade-modded-entities/fabric/runs/client/saves/New World/region/c.16.-1.mcc is not file
[21:00:44] [IO-Worker-3/WARN] (Minecraft) Chunk has both internal and external streams
[21:00:44] [IO-Worker-3/ERROR] (Minecraft) External chunk path /Users/magje/code/mods/jade-modded-entities/fabric/runs/client/saves/New World/region/c.16.0.mcc is not file
[21:00:44] [IO-Worker-2/WARN] (Minecraft) Chunk has both internal and external streams
[21:00:44] [IO-Worker-2/ERROR] (Minecraft) External chunk path /Users/magje/code/mods/jade-modded-entities/fabric/runs/client/saves/New World/region/c.16.1.mcc is not file
[21:00:44] [IO-Worker-3/ERROR] (Minecraft) Chunk [16, 2] stream is truncated: expected 873812845 but read 12283
[21:00:44] [IO-Worker-2/WARN] (Minecraft) Chunk has both internal and external streams
[21:00:44] [IO-Worker-2/ERROR] (Minecraft) External chunk path /Users/magje/code/mods/jade-modded-entities/fabric/runs/client/saves/New World/region/c.16.3.mcc is not file
[21:00:44] [IO-Worker-3/ERROR] (Minecraft) Declared size -789083293 of chunk [16, 4] is negative
[21:00:44] [IO-Worker-2/ERROR] (Minecraft) Declared size -2098993938 of chunk [16, 5] is negative
[21:00:44] [IO-Worker-3/WARN] (Minecraft) Chunk has both internal and external streams
[21:00:44] [IO-Worker-3/ERROR] (Minecraft) External chunk path /Users/magje/code/mods/jade-modded-entities/fabric/runs/client/saves/New World/region/c.16.6.mcc is not file
[21:00:44] [IO-Worker-2/WARN] (Minecraft) Chunk has both internal and external streams
[21:00:44] [IO-Worker-2/ERROR] (Minecraft) External chunk path /Users/magje/code/mods/jade-modded-entities/fabric/runs/client/saves/New World/region/c.16.7.mcc is not file
[21:00:44] [IO-Worker-3/ERROR] (Minecraft) Chunk [16, 8] stream is truncated: expected 692216557 but read 12283
[21:00:44] [IO-Worker-2/WARN] (Minecraft) Chunk has both internal and external streams
[21:00:44] [IO-Worker-2/ERROR] (Minecraft) External chunk path /Users/magje/code/mods/jade-modded-entities/fabric/runs/client/saves/New World/region/c.16.9.mcc is not file
[21:00:44] [IO-Worker-3/WARN] (Minecraft) Chunk has both internal and external streams
[21:00:44] [IO-Worker-3/ERROR] (Minecraft) External chunk path /Users/magje/code/mods/jade-modded-entities/fabric/runs/client/saves/New World/region/c.-12.14.mcc is not file
[21:00:44] [IO-Worker-2/WARN] (Minecraft) Chunk has both internal and external streams
[21:00:44] [IO-Worker-2/ERROR] (Minecraft) External chunk path /Users/magje/code/mods/jade-modded-entities/fabric/runs/client/saves/New World/region/c.-11.14.mcc is not file
[21:00:44] [IO-Worker-3/WARN] (Minecraft) Chunk has both internal and external streams
[21:00:44] [IO-Worker-3/ERROR] (Minecraft) External chunk path /Users/magje/code/mods/jade-modded-entities/fabric/runs/client/saves/New World/region/c.-10.14.mcc is not file
[21:00:44] [IO-Worker-2/WARN] (Minecraft) Chunk has both internal and external streams
[21:00:44] [IO-Worker-2/ERROR] (Minecraft) External chunk path /Users/magje/code/mods/jade-modded-entities/fabric/runs/client/saves/New World/region/c.-9.14.mcc is not file
[21:00:44] [IO-Worker-3/WARN] (Minecraft) Chunk has both internal and external streams
[21:00:44] [IO-Worker-3/ERROR] (Minecraft) External chunk path /Users/magje/code/mods/jade-modded-entities/fabric/runs/client/saves/New World/region/c.-8.14.mcc is not file
[21:00:44] [IO-Worker-2/WARN] (Minecraft) Chunk has both internal and external streams
[21:00:44] [IO-Worker-2/ERROR] (Minecraft) External chunk path /Users/magje/code/mods/jade-modded-entities/fabric/runs/client/saves/New World/region/c.-7.14.mcc is not file
[21:00:44] [IO-Worker-3/ERROR] (Minecraft) Declared size -1619854791 of chunk [-6, 14] is negative
[21:00:44] [IO-Worker-2/WARN] (Minecraft) Chunk has both internal and external streams
[21:00:44] [IO-Worker-2/ERROR] (Minecraft) External chunk path /Users/magje/code/mods/jade-modded-entities/fabric/runs/client/saves/New World/region/c.-5.14.mcc is not file
[21:00:44] [IO-Worker-3/ERROR] (Minecraft) Declared size -630854187 of chunk [-4, 14] is negative
[21:00:44] [IO-Worker-2/WARN] (Minecraft) Chunk has both internal and external streams
[21:00:44] [IO-Worker-2/ERROR] (Minecraft) External chunk path /Users/magje/code/mods/jade-modded-entities/fabric/runs/client/saves/New World/region/c.-3.14.mcc is not file
[21:00:44] [IO-Worker-3/WARN] (Minecraft) Chunk has both internal and external streams
[21:00:44] [IO-Worker-3/ERROR] (Minecraft) External chunk path /Users/magje/code/mods/jade-modded-entities/fabric/runs/client/saves/New World/region/c.-2.14.mcc is not file
[21:00:44] [IO-Worker-2/WARN] (Minecraft) Chunk has both internal and external streams
[21:00:44] [IO-Worker-2/ERROR] (Minecraft) External chunk path /Users/magje/code/mods/jade-modded-entities/fabric/runs/client/saves/New World/region/c.-1.14.mcc is not file
[21:00:44] [IO-Worker-3/ERROR] (Minecraft) Chunk [0, 14] stream is truncated: expected 1865930875 but read 8187
[21:00:44] [IO-Worker-2/WARN] (Minecraft) Chunk has both internal and external streams
[21:00:44] [IO-Worker-2/ERROR] (Minecraft) External chunk path /Users/magje/code/mods/jade-modded-entities/fabric/runs/client/saves/New World/region/c.1.14.mcc is not file
[21:00:44] [IO-Worker-3/WARN] (Minecraft) Chunk has both internal and external streams
[21:00:44] [IO-Worker-3/ERROR] (Minecraft) External chunk path /Users/magje/code/mods/jade-modded-entities/fabric/runs/client/saves/New World/region/c.2.14.mcc is not file
[21:00:44] [IO-Worker-2/ERROR] (Minecraft) Declared size -2144397049 of chunk [3, 14] is negative
[21:00:44] [IO-Worker-3/WARN] (Minecraft) Chunk has both internal and external streams
[21:00:44] [IO-Worker-3/ERROR] (Minecraft) External chunk path /Users/magje/code/mods/jade-modded-entities/fabric/runs/client/saves/New World/region/c.4.14.mcc is not file
[21:00:44] [IO-Worker-2/ERROR] (Minecraft) Declared size -462021452 of chunk [5, 14] is negative
[21:00:44] [IO-Worker-3/ERROR] (Minecraft) Declared size -1412037036 of chunk [6, 14] is negative
[21:00:44] [IO-Worker-2/ERROR] (Minecraft) Declared size -1598237648 of chunk [7, 14] is negative
[21:00:44] [IO-Worker-3/WARN] (Minecraft) Chunk has both internal and external streams
[21:00:44] [IO-Worker-3/ERROR] (Minecraft) External chunk path /Users/magje/code/mods/jade-modded-entities/fabric/runs/client/saves/New World/region/c.8.14.mcc is not file
[21:00:44] [IO-Worker-2/ERROR] (Minecraft) Chunk [9, 14] stream is truncated: expected 290469645 but read 12283
[21:00:44] [IO-Worker-3/ERROR] (Minecraft) Declared size -653684842 of chunk [10, 14] is negative
[21:00:44] [IO-Worker-2/ERROR] (Minecraft) Declared size -885876723 of chunk [11, 14] is negative
[21:00:44] [IO-Worker-3/ERROR] (Minecraft) Chunk [12, 14] stream is truncated: expected 313359001 but read 8187
[21:00:44] [IO-Worker-2/WARN] (Minecraft) Chunk has both internal and external streams
[21:00:44] [IO-Worker-2/ERROR] (Minecraft) External chunk path /Users/magje/code/mods/jade-modded-entities/fabric/runs/client/saves/New World/region/c.13.11.mcc is not file
[21:00:44] [IO-Worker-3/WARN] (Minecraft) Chunk has both internal and external streams
[21:00:44] [IO-Worker-3/ERROR] (Minecraft) External chunk path /Users/magje/code/mods/jade-modded-entities/fabric/runs/client/saves/New World/region/c.13.12.mcc is not file
[21:00:44] [IO-Worker-2/ERROR] (Minecraft) Chunk [13, 13] stream is truncated: expected 629806308 but read 8187
[21:00:44] [IO-Worker-3/ERROR] (Minecraft) Chunk [13, 14] stream is truncated: expected 911083690 but read 8187
[21:00:44] [IO-Worker-2/WARN] (Minecraft) Chunk has both internal and external streams
[21:00:44] [IO-Worker-2/ERROR] (Minecraft) External chunk path /Users/magje/code/mods/jade-modded-entities/fabric/runs/client/saves/New World/region/c.14.11.mcc is not file
[21:00:44] [IO-Worker-3/ERROR] (Minecraft) Declared size -715308957 of chunk [14, 12] is negative
[21:00:44] [IO-Worker-2/WARN] (Minecraft) Chunk has both internal and external streams
[21:00:44] [IO-Worker-2/ERROR] (Minecraft) External chunk path /Users/magje/code/mods/jade-modded-entities/fabric/runs/client/saves/New World/region/c.14.13.mcc is not file
[21:00:44] [IO-Worker-3/WARN] (Minecraft) Chunk has both internal and external streams
[21:00:44] [IO-Worker-3/ERROR] (Minecraft) External chunk path /Users/magje/code/mods/jade-modded-entities/fabric/runs/client/saves/New World/region/c.14.14.mcc is not file
[21:00:44] [IO-Worker-2/WARN] (Minecraft) Chunk has both internal and external streams
[21:00:44] [IO-Worker-2/ERROR] (Minecraft) External chunk path /Users/magje/code/mods/jade-modded-entities/fabric/runs/client/saves/New World/region/c.16.10.mcc is not file
[21:00:44] [IO-Worker-3/ERROR] (Minecraft) Chunk [15, 11] stream is truncated: expected 1437155628 but read 12283
[21:00:44] [IO-Worker-2/WARN] (Minecraft) Chunk has both internal and external streams
[21:00:44] [IO-Worker-2/ERROR] (Minecraft) External chunk path /Users/magje/code/mods/jade-modded-entities/fabric/runs/client/saves/New World/region/c.16.11.mcc is not file
[21:00:44] [IO-Worker-3/ERROR] (Minecraft) Declared size -372142892 of chunk [15, 12] is negative
[21:00:44] [IO-Worker-2/ERROR] (Minecraft) Chunk [16, 12] stream is truncated: expected 640750829 but read 12283
[21:00:44] [IO-Worker-3/ERROR] (Minecraft) Chunk [15, 13] stream is truncated: expected 549553955 but read 12283
[21:00:44] [IO-Worker-2/WARN] (Minecraft) Chunk has both internal and external streams
[21:00:44] [IO-Worker-2/ERROR] (Minecraft) External chunk path /Users/magje/code/mods/jade-modded-entities/fabric/runs/client/saves/New World/region/c.16.13.mcc is not file
[21:00:44] [IO-Worker-3/WARN] (Minecraft) Chunk has both internal and external streams
[21:00:44] [IO-Worker-3/ERROR] (Minecraft) External chunk path /Users/magje/code/mods/jade-modded-entities/fabric/runs/client/saves/New World/region/c.15.14.mcc is not file
[21:00:44] [IO-Worker-2/ERROR] (Minecraft) Declared size -2066700883 of chunk [16, 14] is negative
[21:00:44] [IO-Worker-3/WARN] (Minecraft) Chunk has both internal and external streams
[21:00:44] [IO-Worker-3/ERROR] (Minecraft) External chunk path /Users/magje/code/mods/jade-modded-entities/fabric/runs/client/saves/New World/region/c.-12.-14.mcc is not file
[21:00:45] [Server thread/INFO] (Minecraft) Preparing spawn area: 16%
[21:00:45] [Server thread/ERROR] (Minecraft) Failed to load chunk -11,4
java.io.IOException: Invalid tag id: 16
	at knot//net.minecraft.nbt.TagType$1.createException(TagType.java:54)
	at knot//net.minecraft.nbt.TagType$1.load(TagType.java:59)
	at knot//net.minecraft.nbt.TagType$1.load(TagType.java:52)
	at knot//net.minecraft.nbt.CompoundTag.readNamedTagData(CompoundTag.java:501)
	at knot//net.minecraft.nbt.CompoundTag$1.loadCompound(CompoundTag.java:82)
	at knot//net.minecraft.nbt.CompoundTag$1.load(CompoundTag.java:69)
	at knot//net.minecraft.nbt.CompoundTag$1.load(CompoundTag.java:64)
	at knot//net.minecraft.nbt.ListTag$1.loadList(ListTag.java:51)
	at knot//net.minecraft.nbt.ListTag$1.load(ListTag.java:34)
	at knot//net.minecraft.nbt.ListTag$1.load(ListTag.java:29)
	at knot//net.minecraft.nbt.CompoundTag.readNamedTagData(CompoundTag.java:501)
	at knot//net.minecraft.nbt.CompoundTag$1.loadCompound(CompoundTag.java:82)
	at knot//net.minecraft.nbt.CompoundTag$1.load(CompoundTag.java:69)
	at knot//net.minecraft.nbt.CompoundTag$1.load(CompoundTag.java:64)
	at knot//net.minecraft.nbt.CompoundTag.readNamedTagData(CompoundTag.java:501)
	at knot//net.minecraft.nbt.CompoundTag$1.loadCompound(CompoundTag.java:82)
	at knot//net.minecraft.nbt.CompoundTag$1.load(CompoundTag.java:69)
	at knot//net.minecraft.nbt.CompoundTag$1.load(CompoundTag.java:64)
	at knot//net.minecraft.nbt.ListTag$1.loadList(ListTag.java:51)
	at knot//net.minecraft.nbt.ListTag$1.load(ListTag.java:34)
	at knot//net.minecraft.nbt.ListTag$1.load(ListTag.java:29)
	at knot//net.minecraft.nbt.CompoundTag.readNamedTagData(CompoundTag.java:501)
	at knot//net.minecraft.nbt.CompoundTag$1.loadCompound(CompoundTag.java:82)
	at knot//net.minecraft.nbt.CompoundTag$1.load(CompoundTag.java:69)
	at knot//net.minecraft.nbt.CompoundTag$1.load(CompoundTag.java:64)
	at knot//net.minecraft.nbt.NbtIo.readTagSafe(NbtIo.java:192)
	at knot//net.minecraft.nbt.NbtIo.readUnnamedTag(NbtIo.java:187)
	at knot//net.minecraft.nbt.NbtIo.read(NbtIo.java:111)
	at knot//net.minecraft.nbt.NbtIo.read(NbtIo.java:107)
	at knot//net.minecraft.world.level.chunk.storage.RegionFileStorage.read(RegionFileStorage.java:59)
	at knot//net.minecraft.world.level.chunk.storage.IOWorker.method_27943(IOWorker.java:196)
	at knot//net.minecraft.world.level.chunk.storage.IOWorker.method_64027(IOWorker.java:247)
	at knot//net.minecraft.util.thread.PriorityConsecutiveExecutor.method_63600(PriorityConsecutiveExecutor.java:22)
	at knot//net.minecraft.util.thread.StrictQueue$RunnableWithPriority.run(StrictQueue.java:50)
	at knot//net.minecraft.util.Util.runNamed(Util.java:297)
	at knot//net.minecraft.util.thread.AbstractConsecutiveExecutor.pollTask(AbstractConsecutiveExecutor.java:50)
	at knot//net.minecraft.util.thread.AbstractConsecutiveExecutor.run(AbstractConsecutiveExecutor.java:62)
	at java.base/java.util.concurrent.ThreadPoolExecutor.runWorker(ThreadPoolExecutor.java:1144)
	at java.base/java.util.concurrent.ThreadPoolExecutor$Worker.run(ThreadPoolExecutor.java:642)
	at java.base/java.lang.Thread.run(Thread.java:1583)
[21:00:45] [IO-Worker-2/INFO] (Minecraft) Saved details to /Users/magje/code/mods/jade-modded-entities/fabric/runs/client/debug/chunk-New World-2026-01-21_21.00.45-server.txt
[21:00:45] [IO-Worker-2/INFO] (Minecraft) Saved details to /Users/magje/code/mods/jade-modded-entities/fabric/runs/client/debug/chunk-New World-2026-01-21_21.00.45-server.txt
[21:00:45] [IO-Worker-1/ERROR] (Minecraft) Chunk [-23, -25] stream is truncated: expected 883194355 but read 4091
[21:00:45] [IO-Worker-1/ERROR] (Minecraft) Chunk [-22, -25] stream is truncated: expected 883194355 but read 4091
[21:00:45] [IO-Worker-2/ERROR] (Minecraft) Chunk [-21, -25] stream is truncated: expected 883194355 but read 4091
[21:00:45] [IO-Worker-2/WARN] (Minecraft) Chunk has both internal and external streams
[21:00:45] [IO-Worker-2/ERROR] (Minecraft) External chunk path /Users/magje/code/mods/jade-modded-entities/fabric/runs/client/saves/New World/region/c.-20.-25.mcc is not file
[21:00:45] [IO-Worker-1/ERROR] (Minecraft) Chunk [-19, -25] stream is truncated: expected 883194355 but read 4091
[21:00:45] [IO-Worker-1/ERROR] (Minecraft) Chunk [-18, -25] stream is truncated: expected 883194355 but read 4091
[21:00:45] [IO-Worker-2/ERROR] (Minecraft) Chunk [-17, -25] stream is truncated: expected 449985785 but read 4091
[21:00:45] [IO-Worker-1/ERROR] (Minecraft) Chunk [-16, -25] stream is truncated: expected 449985785 but read 4091
[21:00:45] [IO-Worker-2/WARN] (Minecraft) Chunk has both internal and external streams
[21:00:45] [IO-Worker-2/ERROR] (Minecraft) External chunk path /Users/magje/code/mods/jade-modded-entities/fabric/runs/client/saves/New World/region/c.-15.-25.mcc is not file
[21:00:45] [IO-Worker-2/ERROR] (Minecraft) Chunk [-14, -25] stream is truncated: expected 449985785 but read 4091
[21:00:45] [IO-Worker-2/ERROR] (Minecraft) Chunk [-13, -25] stream is truncated: expected 883194355 but read 4091
[21:00:45] [IO-Worker-1/ERROR] (Minecraft) Chunk [-12, -25] stream is truncated: expected 883194355 but read 4091
[21:00:45] [IO-Worker-2/WARN] (Minecraft) Chunk has both internal and external streams
[21:00:45] [IO-Worker-2/ERROR] (Minecraft) External chunk path /Users/magje/code/mods/jade-modded-entities/fabric/runs/client/saves/New World/region/c.-11.-25.mcc is not file
[21:00:45] [IO-Worker-1/ERROR] (Minecraft) Chunk [-10, -25] stream is truncated: expected 883194355 but read 4091
[21:00:45] [IO-Worker-2/ERROR] (Minecraft) Chunk [-9, -25] stream is truncated: expected 883194355 but read 4091
[21:00:45] [IO-Worker-1/ERROR] (Minecraft) Chunk [-8, -25] stream is truncated: expected 883194355 but read 4091
[21:00:45] [IO-Worker-1/WARN] (Minecraft) Chunk has both internal and external streams
[21:00:45] [IO-Worker-1/ERROR] (Minecraft) External chunk path /Users/magje/code/mods/jade-modded-entities/fabric/runs/client/saves/New World/region/c.-7.-25.mcc is not file
[21:00:45] [IO-Worker-1/ERROR] (Minecraft) Chunk [-6, -25] stream is truncated: expected 335925338 but read 4091
[21:00:45] [IO-Worker-2/ERROR] (Minecraft) Chunk [-5, -25] stream is truncated: expected 883194355 but read 4091
[21:00:45] [IO-Worker-1/ERROR] (Minecraft) Chunk [-4, -25] stream is truncated: expected 883194355 but read 4091
[21:00:45] [IO-Worker-2/WARN] (Minecraft) Chunk has both internal and external streams
[21:00:45] [IO-Worker-2/ERROR] (Minecraft) External chunk path /Users/magje/code/mods/jade-modded-entities/fabric/runs/client/saves/New World/region/c.-3.-25.mcc is not file
[21:00:45] [IO-Worker-2/ERROR] (Minecraft) Chunk [-2, -25] stream is truncated: expected 883194355 but read 4091
[21:00:45] [IO-Worker-2/ERROR] (Minecraft) Chunk [-1, -25] stream is truncated: expected 883186105 but read 4091
[21:00:45] [IO-Worker-2/ERROR] (Minecraft) Chunk [-23, -24] stream is truncated: expected 883194355 but read 4091
[21:00:45] [IO-Worker-1/ERROR] (Minecraft) Chunk [-22, -24] stream is truncated: expected 883194355 but read 4091
[21:00:45] [IO-Worker-2/ERROR] (Minecraft) Chunk [-21, -24] stream is truncated: expected 883194355 but read 4091
[21:00:45] [IO-Worker-1/ERROR] (Minecraft) Chunk [-20, -24] stream is truncated: expected 883194355 but read 4091
[21:00:45] [IO-Worker-2/ERROR] (Minecraft) Chunk [-19, -24] stream is truncated: expected 883194355 but read 4091
[21:00:45] [IO-Worker-1/ERROR] (Minecraft) Chunk [-18, -24] stream is truncated: expected 883194355 but read 4091
[21:00:45] [IO-Worker-2/ERROR] (Minecraft) Chunk [-17, -24] stream is truncated: expected 449985785 but read 4091
[21:00:45] [IO-Worker-1/WARN] (Minecraft) Chunk has both internal and external streams
[21:00:45] [IO-Worker-1/ERROR] (Minecraft) External chunk path /Users/magje/code/mods/jade-modded-entities/fabric/runs/client/saves/New World/region/c.-16.-24.mcc is not file
[21:00:45] [IO-Worker-2/WARN] (Minecraft) Chunk has both internal and external streams
[21:00:45] [IO-Worker-2/ERROR] (Minecraft) External chunk path /Users/magje/code/mods/jade-modded-entities/fabric/runs/client/saves/New World/region/c.-15.-24.mcc is not file
[21:00:45] [IO-Worker-1/WARN] (Minecraft) Chunk has both internal and external streams
[21:00:45] [IO-Worker-1/ERROR] (Minecraft) External chunk path /Users/magje/code/mods/jade-modded-entities/fabric/runs/client/saves/New World/region/c.-14.-24.mcc is not file
[21:00:45] [IO-Worker-2/ERROR] (Minecraft) Chunk [-13, -24] stream is truncated: expected 449985785 but read 4091
[21:00:45] [IO-Worker-1/WARN] (Minecraft) Chunk has both internal and external streams
[21:00:45] [IO-Worker-1/ERROR] (Minecraft) External chunk path /Users/magje/code/mods/jade-modded-entities/fabric/runs/client/saves/New World/region/c.-12.-24.mcc is not file
[21:00:45] [IO-Worker-2/ERROR] (Minecraft) Chunk [-11, -24] stream is truncated: expected 883194355 but read 4091
[21:00:45] [IO-Worker-1/ERROR] (Minecraft) Chunk [-10, -24] stream is truncated: expected 883194355 but read 4091
[21:00:45] [IO-Worker-1/WARN] (Minecraft) Chunk has both internal and external streams
[21:00:45] [IO-Worker-1/ERROR] (Minecraft) External chunk path /Users/magje/code/mods/jade-modded-entities/fabric/runs/client/saves/New World/region/c.-9.-24.mcc is not file
[21:00:45] [IO-Worker-2/ERROR] (Minecraft) Chunk [-8, -24] stream is truncated: expected 883194355 but read 4091
[21:00:45] [IO-Worker-1/ERROR] (Minecraft) Chunk [-7, -24] stream is truncated: expected 883194355 but read 4091
[21:00:45] [IO-Worker-2/WARN] (Minecraft) Chunk has both internal and external streams
[21:00:45] [IO-Worker-2/ERROR] (Minecraft) External chunk path /Users/magje/code/mods/jade-modded-entities/fabric/runs/client/saves/New World/region/c.-6.-24.mcc is not file
[21:00:45] [IO-Worker-2/ERROR] (Minecraft) Chunk [-5, -24] stream is truncated: expected 883194355 but read 4091
[21:00:45] [IO-Worker-1/ERROR] (Minecraft) Chunk [-4, -24] stream is truncated: expected 883194355 but read 4091
[21:00:45] [IO-Worker-2/ERROR] (Minecraft) Chunk [-3, -24] stream is truncated: expected 883194355 but read 4091
[21:00:45] [IO-Worker-2/WARN] (Minecraft) Chunk has both internal and external streams
[21:00:45] [IO-Worker-2/ERROR] (Minecraft) External chunk path /Users/magje/code/mods/jade-modded-entities/fabric/runs/client/saves/New World/region/c.-2.-24.mcc is not file
[21:00:45] [IO-Worker-2/ERROR] (Minecraft) Chunk [-1, -24] stream is truncated: expected 883186105 but read 4091
[21:00:45] [IO-Worker-2/ERROR] (Minecraft) Chunk [-23, -23] stream is truncated: expected 883194355 but read 4091
[21:00:45] [IO-Worker-3/ERROR] (Minecraft) Declared size -524340060 of chunk [-22, -23] is negative
[21:00:45] [IO-Worker-2/ERROR] (Minecraft) Chunk [-21, -23] stream is truncated: expected 883194355 but read 4091
[21:00:45] [IO-Worker-3/ERROR] (Minecraft) Chunk [-20, -23] stream is truncated: expected 883194355 but read 4091
[21:00:45] [IO-Worker-3/ERROR] (Minecraft) Chunk [-19, -23] stream is truncated: expected 883194355 but read 4091
[21:00:45] [IO-Worker-2/ERROR] (Minecraft) Chunk [-18, -23] stream is truncated: expected 883194355 but read 4091
[21:00:45] [IO-Worker-3/WARN] (Minecraft) Chunk has both internal and external streams
[21:00:45] [IO-Worker-3/ERROR] (Minecraft) External chunk path /Users/magje/code/mods/jade-modded-entities/fabric/runs/client/saves/New World/region/c.-17.-23.mcc is not file
[21:00:45] [IO-Worker-2/WARN] (Minecraft) Chunk has both internal and external streams
[21:00:45] [IO-Worker-2/ERROR] (Minecraft) External chunk path /Users/magje/code/mods/jade-modded-entities/fabric/runs/client/saves/New World/region/c.-16.-23.mcc is not file
[21:00:45] [IO-Worker-3/ERROR] (Minecraft) Chunk [-15, -23] stream is truncated: expected 449985785 but read 4091
[21:00:45] [IO-Worker-3/ERROR] (Minecraft) Chunk [-14, -23] stream is truncated: expected 449985785 but read 4091
[21:00:45] [IO-Worker-2/ERROR] (Minecraft) Chunk [-13, -23] stream is truncated: expected 449985785 but read 4091
[21:00:45] [IO-Worker-3/ERROR] (Minecraft) Chunk [-12, -23] stream is truncated: expected 449985785 but read 4091
[21:00:45] [IO-Worker-2/WARN] (Minecraft) Chunk has both internal and external streams
[21:00:45] [IO-Worker-2/ERROR] (Minecraft) External chunk path /Users/magje/code/mods/jade-modded-entities/fabric/runs/client/saves/New World/region/c.-11.-23.mcc is not file
[21:00:45] [IO-Worker-2/ERROR] (Minecraft) Chunk [-10, -23] stream is truncated: expected 273113354 but read 4091
[21:00:45] [IO-Worker-3/WARN] (Minecraft) Chunk has both internal and external streams
[21:00:45] [IO-Worker-3/ERROR] (Minecraft) External chunk path /Users/magje/code/mods/jade-modded-entities/fabric/runs/client/saves/New World/region/c.-9.-23.mcc is not file
[21:00:45] [IO-Worker-3/ERROR] (Minecraft) Declared size -1535511547 of chunk [-8, -23] is negative
[21:00:45] [IO-Worker-3/WARN] (Minecraft) Chunk has both internal and external streams
[21:00:45] [IO-Worker-3/ERROR] (Minecraft) External chunk path /Users/magje/code/mods/jade-modded-entities/fabric/runs/client/saves/New World/region/c.-7.-23.mcc is not file
[21:00:45] [IO-Worker-2/ERROR] (Minecraft) Chunk [-6, -23] stream is truncated: expected 1406714369 but read 4091
[21:00:45] [IO-Worker-3/ERROR] (Minecraft) Declared size -200971248 of chunk [-5, -23] is negative
[21:00:45] [IO-Worker-2/WARN] (Minecraft) Chunk has both internal and external streams
[21:00:45] [IO-Worker-2/ERROR] (Minecraft) External chunk path /Users/magje/code/mods/jade-modded-entities/fabric/runs/client/saves/New World/region/c.-4.-23.mcc is not file
[21:00:45] [IO-Worker-3/WARN] (Minecraft) Chunk has both internal and external streams
[21:00:45] [IO-Worker-3/ERROR] (Minecraft) External chunk path /Users/magje/code/mods/jade-modded-entities/fabric/runs/client/saves/New World/region/c.-3.-23.mcc is not file
[21:00:45] [IO-Worker-2/ERROR] (Minecraft) Chunk [-2, -23] stream is truncated: expected 1813006176 but read 4091
[21:00:45] [IO-Worker-3/ERROR] (Minecraft) Declared size -1537623551 of chunk [-1, -23] is negative
[21:00:45] [IO-Worker-2/ERROR] (Minecraft) Chunk [-23, -22] stream is truncated: expected 883194355 but read 4091
[21:00:45] [IO-Worker-3/ERROR] (Minecraft) Chunk [-22, -22] stream is truncated: expected 2023540181 but read 4091
[21:00:45] [IO-Worker-2/ERROR] (Minecraft) Chunk [-21, -22] stream is truncated: expected 883194355 but read 4091
[21:00:45] [IO-Worker-3/ERROR] (Minecraft) Chunk [-20, -22] stream is truncated: expected 883194355 but read 4091
[21:00:45] [IO-Worker-2/ERROR] (Minecraft) Chunk [-19, -22] stream is truncated: expected 883194355 but read 4091
[21:00:45] [IO-Worker-3/WARN] (Minecraft) Chunk has both internal and external streams
[21:00:45] [IO-Worker-3/ERROR] (Minecraft) External chunk path /Users/magje/code/mods/jade-modded-entities/fabric/runs/client/saves/New World/region/c.-18.-22.mcc is not file
[21:00:45] [IO-Worker-2/WARN] (Minecraft) Chunk has both internal and external streams
[21:00:45] [IO-Worker-2/ERROR] (Minecraft) External chunk path /Users/magje/code/mods/jade-modded-entities/fabric/runs/client/saves/New World/region/c.-17.-22.mcc is not file
[21:00:45] [IO-Worker-3/ERROR] (Minecraft) Chunk [-16, -22] stream is truncated: expected 914902880 but read 4091
[21:00:45] [IO-Worker-2/ERROR] (Minecraft) Chunk [-15, -22] stream is truncated: expected 914902880 but read 4091
[21:00:45] [IO-Worker-3/WARN] (Minecraft) Chunk has both internal and external streams
[21:00:45] [IO-Worker-3/ERROR] (Minecraft) External chunk path /Users/magje/code/mods/jade-modded-entities/fabric/runs/client/saves/New World/region/c.-14.-22.mcc is not file
[21:00:45] [IO-Worker-2/ERROR] (Minecraft) Declared size -767755774 of chunk [-13, -22] is negative
[21:00:45] [IO-Worker-3/ERROR] (Minecraft) Declared size -767755774 of chunk [-12, -22] is negative
[21:00:45] [IO-Worker-2/ERROR] (Minecraft) Chunk [-11, -22] stream is truncated: expected 914902880 but read 4091
[21:00:45] [IO-Worker-3/WARN] (Minecraft) Chunk has both internal and external streams
[21:00:45] [IO-Worker-3/ERROR] (Minecraft) External chunk path /Users/magje/code/mods/jade-modded-entities/fabric/runs/client/saves/New World/region/c.-10.-22.mcc is not file
[21:00:45] [IO-Worker-2/WARN] (Minecraft) Chunk has both internal and external streams
[21:00:45] [IO-Worker-2/ERROR] (Minecraft) External chunk path /Users/magje/code/mods/jade-modded-entities/fabric/runs/client/saves/New World/region/c.-9.-22.mcc is not file
[21:00:45] [IO-Worker-3/WARN] (Minecraft) Chunk has both internal and external streams
[21:00:45] [IO-Worker-3/ERROR] (Minecraft) External chunk path /Users/magje/code/mods/jade-modded-entities/fabric/runs/client/saves/New World/region/c.-8.-22.mcc is not file
[21:00:45] [IO-Worker-2/ERROR] (Minecraft) Chunk [-7, -22] stream is truncated: expected 1813006176 but read 4091
[21:00:45] [IO-Worker-3/ERROR] (Minecraft) Declared size -770925184 of chunk [-6, -22] is negative
[21:00:45] [IO-Worker-2/ERROR] (Minecraft) Chunk [-5, -22] stream is truncated: expected 1813006176 but read 4091
[21:00:45] [IO-Worker-3/WARN] (Minecraft) Chunk has both internal and external streams
[21:00:45] [IO-Worker-3/ERROR] (Minecraft) External chunk path /Users/magje/code/mods/jade-modded-entities/fabric/runs/client/saves/New World/region/c.-4.-22.mcc is not file
[21:00:45] [IO-Worker-2/ERROR] (Minecraft) Chunk [-3, -22] stream is truncated: expected 1813006176 but read 4091
[21:00:45] [IO-Worker-3/ERROR] (Minecraft) Chunk [-2, -22] stream is truncated: expected 1813006176 but read 4091
[21:00:45] [IO-Worker-2/ERROR] (Minecraft) Chunk [-1, -22] stream is truncated: expected 18334882 but read 4091
[21:00:45] [IO-Worker-3/WARN] (Minecraft) Chunk has both internal and external streams
[21:00:45] [IO-Worker-3/ERROR] (Minecraft) External chunk path /Users/magje/code/mods/jade-modded-entities/fabric/runs/client/saves/New World/region/c.-23.-21.mcc is not file
[21:00:45] [IO-Worker-2/ERROR] (Minecraft) Chunk [-22, -21] stream is truncated: expected 883194355 but read 4091
[21:00:45] [IO-Worker-3/ERROR] (Minecraft) Chunk [-21, -21] stream is truncated: expected 883194355 but read 4091
[21:00:45] [IO-Worker-2/ERROR] (Minecraft) Chunk [-20, -21] stream is truncated: expected 883194355 but read 4091
[21:00:45] [IO-Worker-3/ERROR] (Minecraft) Chunk [-19, -21] stream is truncated: expected 883194355 but read 4091
[21:00:45] [IO-Worker-2/WARN] (Minecraft) Chunk has both internal and external streams
[21:00:45] [IO-Worker-2/ERROR] (Minecraft) External chunk path /Users/magje/code/mods/jade-modded-entities/fabric/runs/client/saves/New World/region/c.-18.-21.mcc is not file
[21:00:45] [IO-Worker-3/ERROR] (Minecraft) Declared size -884030672 of chunk [-17, -21] is negative
[21:00:45] [IO-Worker-2/ERROR] (Minecraft) Declared size -767755774 of chunk [-16, -21] is negative
[21:00:45] [IO-Worker-3/ERROR] (Minecraft) Declared size -2008063733 of chunk [-15, -21] is negative
[21:00:45] [IO-Worker-2/ERROR] (Minecraft) Declared size -767755774 of chunk [-14, -21] is negative
[21:00:45] [IO-Worker-3/WARN] (Minecraft) Chunk has both internal and external streams
[21:00:45] [IO-Worker-3/ERROR] (Minecraft) External chunk path /Users/magje/code/mods/jade-modded-entities/fabric/runs/client/saves/New World/region/c.-13.-21.mcc is not file
[21:00:45] [IO-Worker-2/ERROR] (Minecraft) Declared size -767755774 of chunk [-12, -21] is negative
[21:00:45] [IO-Worker-3/ERROR] (Minecraft) Declared size -767755774 of chunk [-11, -21] is negative
[21:00:45] [IO-Worker-2/ERROR] (Minecraft) Declared size -100518264 of chunk [-10, -21] is negative
[21:00:45] [IO-Worker-3/ERROR] (Minecraft) Declared size -1535511547 of chunk [-9, -21] is negative
[21:00:45] [IO-Worker-2/ERROR] (Minecraft) Chunk [-8, -21] stream is truncated: expected 1813006176 but read 4091
[21:00:45] [IO-Worker-3/ERROR] (Minecraft) Declared size -1535511547 of chunk [-7, -21] is negative
[21:00:45] [IO-Worker-2/ERROR] (Minecraft) Declared size -770925184 of chunk [-6, -21] is negative
[21:00:45] [IO-Worker-3/ERROR] (Minecraft) Chunk [-5, -21] stream is truncated: expected 1813006176 but read 4091
[21:00:45] [IO-Worker-3/ERROR] (Minecraft) Declared size -1535511547 of chunk [-4, -21] is negative
[21:00:45] [IO-Worker-2/ERROR] (Minecraft) Chunk [-3, -21] stream is truncated: expected 90968134 but read 4091
[21:00:45] [IO-Worker-2/ERROR] (Minecraft) Declared size -1535511547 of chunk [-2, -21] is negative
[21:00:45] [IO-Worker-2/WARN] (Minecraft) Chunk has both internal and external streams
[21:00:45] [IO-Worker-2/ERROR] (Minecraft) External chunk path /Users/magje/code/mods/jade-modded-entities/fabric/runs/client/saves/New World/region/c.-1.-21.mcc is not file
[21:00:45] [IO-Worker-2/ERROR] (Minecraft) Chunk [-23, -20] stream is truncated: expected 883194355 but read 4091
[21:00:45] [IO-Worker-3/ERROR] (Minecraft) Chunk [-22, -20] stream is truncated: expected 883194355 but read 4091
[21:00:45] [IO-Worker-2/ERROR] (Minecraft) Chunk [-21, -20] stream is truncated: expected 883194355 but read 4091
[21:00:45] [IO-Worker-3/ERROR] (Minecraft) Chunk [-20, -20] stream is truncated: expected 883194355 but read 4091
[21:00:45] [IO-Worker-2/ERROR] (Minecraft) Chunk [-19, -20] stream is truncated: expected 883194355 but read 4091
[21:00:45] [IO-Worker-3/ERROR] (Minecraft) Chunk [-18, -20] stream is truncated: expected 883194355 but read 4091
[21:00:45] [IO-Worker-2/ERROR] (Minecraft) Chunk [-17, -20] stream is truncated: expected 1734846044 but read 4091
[21:00:45] [IO-Worker-3/WARN] (Minecraft) Chunk has both internal and external streams
[21:00:45] [IO-Worker-3/ERROR] (Minecraft) External chunk path /Users/magje/code/mods/jade-modded-entities/fabric/runs/client/saves/New World/region/c.-16.-20.mcc is not file
[21:00:45] [IO-Worker-2/WARN] (Minecraft) Chunk has both internal and external streams
[21:00:45] [IO-Worker-2/ERROR] (Minecraft) External chunk path /Users/magje/code/mods/jade-modded-entities/fabric/runs/client/saves/New World/region/c.-15.-20.mcc is not file
[21:00:45] [IO-Worker-3/ERROR] (Minecraft) Chunk [-14, -20] stream is truncated: expected 914902880 but read 4091
[21:00:45] [IO-Worker-3/WARN] (Minecraft) Chunk has both internal and external streams
[21:00:45] [IO-Worker-3/ERROR] (Minecraft) External chunk path /Users/magje/code/mods/jade-modded-entities/fabric/runs/client/saves/New World/region/c.-13.-20.mcc is not file
[21:00:45] [IO-Worker-2/WARN] (Minecraft) Chunk has both internal and external streams
[21:00:45] [IO-Worker-2/ERROR] (Minecraft) External chunk path /Users/magje/code/mods/jade-modded-entities/fabric/runs/client/saves/New World/region/c.-12.-20.mcc is not file
[21:00:45] [IO-Worker-3/WARN] (Minecraft) Chunk has both internal and external streams
[21:00:45] [IO-Worker-3/ERROR] (Minecraft) External chunk path /Users/magje/code/mods/jade-modded-entities/fabric/runs/client/saves/New World/region/c.-11.-20.mcc is not file
[21:00:45] [IO-Worker-2/ERROR] (Minecraft) Chunk [-10, -20] stream is truncated: expected 914902880 but read 4091
[21:00:45] [IO-Worker-3/ERROR] (Minecraft) Chunk [-9, -20] stream is truncated: expected 914902880 but read 4091
[21:00:45] [IO-Worker-2/ERROR] (Minecraft) Declared size -1535511547 of chunk [-8, -20] is negative
[21:00:45] [IO-Worker-3/WARN] (Minecraft) Chunk has both internal and external streams
[21:00:45] [IO-Worker-3/ERROR] (Minecraft) External chunk path /Users/magje/code/mods/jade-modded-entities/fabric/runs/client/saves/New World/region/c.-7.-20.mcc is not file
[21:00:45] [IO-Worker-2/ERROR] (Minecraft) Declared size -1652552222 of chunk [-6, -20] is negative
[21:00:45] [IO-Worker-3/ERROR] (Minecraft) Declared size -1535511547 of chunk [-5, -20] is negative
[21:00:45] [IO-Worker-2/ERROR] (Minecraft) Chunk [-4, -20] stream is truncated: expected 1813006176 but read 4091
[21:00:45] [IO-Worker-3/ERROR] (Minecraft) Chunk [-3, -20] stream is truncated: expected 1813006176 but read 4091
[21:00:45] [IO-Worker-2/WARN] (Minecraft) Chunk has both internal and external streams
[21:00:45] [IO-Worker-2/ERROR] (Minecraft) External chunk path /Users/magje/code/mods/jade-modded-entities/fabric/runs/client/saves/New World/region/c.-2.-20.mcc is not file
[21:00:45] [IO-Worker-3/WARN] (Minecraft) Chunk has both internal and external streams
[21:00:45] [IO-Worker-3/ERROR] (Minecraft) External chunk path /Users/magje/code/mods/jade-modded-entities/fabric/runs/client/saves/New World/region/c.-1.-20.mcc is not file
[21:00:45] [IO-Worker-3/ERROR] (Minecraft) Chunk [-23, -19] stream is truncated: expected 883194355 but read 4091
[21:00:45] [IO-Worker-2/ERROR] (Minecraft) Chunk [-22, -19] stream is truncated: expected 883194355 but read 4091
[21:00:45] [IO-Worker-3/ERROR] (Minecraft) Chunk [-21, -19] stream is truncated: expected 883194355 but read 4091
[21:00:45] [IO-Worker-2/ERROR] (Minecraft) Chunk [-20, -19] stream is truncated: expected 883194355 but read 4091
[21:00:45] [IO-Worker-3/ERROR] (Minecraft) Chunk [-19, -19] stream is truncated: expected 883194355 but read 4091
[21:00:45] [IO-Worker-2/ERROR] (Minecraft) Chunk [-18, -19] stream is truncated: expected 883194355 but read 4091
[21:00:45] [IO-Worker-3/ERROR] (Minecraft) Chunk [-17, -19] stream is truncated: expected 449985785 but read 4091
[21:00:45] [IO-Worker-2/ERROR] (Minecraft) Chunk [-16, -19] stream is truncated: expected 914902880 but read 4091
[21:00:45] [IO-Worker-3/WARN] (Minecraft) Chunk has both internal and external streams
[21:00:45] [IO-Worker-3/ERROR] (Minecraft) External chunk path /Users/magje/code/mods/jade-modded-entities/fabric/runs/client/saves/New World/region/c.-15.-19.mcc is not file
[21:00:45] [IO-Worker-2/WARN] (Minecraft) Chunk has both internal and external streams
[21:00:45] [IO-Worker-2/ERROR] (Minecraft) External chunk path /Users/magje/code/mods/jade-modded-entities/fabric/runs/client/saves/New World/region/c.-14.-19.mcc is not file
[21:00:45] [IO-Worker-3/WARN] (Minecraft) Chunk has both internal and external streams
[21:00:45] [IO-Worker-3/ERROR] (Minecraft) External chunk path /Users/magje/code/mods/jade-modded-entities/fabric/runs/client/saves/New World/region/c.-13.-19.mcc is not file
[21:00:45] [IO-Worker-2/WARN] (Minecraft) Chunk has both internal and external streams
[21:00:45] [IO-Worker-2/ERROR] (Minecraft) External chunk path /Users/magje/code/mods/jade-modded-entities/fabric/runs/client/saves/New World/region/c.-12.-19.mcc is not file
[21:00:45] [IO-Worker-3/ERROR] (Minecraft) Chunk [-11, -19] stream is truncated: expected 914902880 but read 4091
[21:00:45] [IO-Worker-2/ERROR] (Minecraft) Declared size -100518264 of chunk [-10, -19] is negative
[21:00:45] [IO-Worker-3/ERROR] (Minecraft) Chunk [-9, -19] stream is truncated: expected 914902880 but read 4091
[21:00:45] [IO-Worker-2/ERROR] (Minecraft) Chunk [-8, -19] stream is truncated: expected 914902880 but read 4091
[21:00:45] [IO-Worker-3/WARN] (Minecraft) Chunk has both internal and external streams
[21:00:45] [IO-Worker-3/ERROR] (Minecraft) External chunk path /Users/magje/code/mods/jade-modded-entities/fabric/runs/client/saves/New World/region/c.-7.-19.mcc is not file
[21:00:45] [IO-Worker-2/WARN] (Minecraft) Chunk has both internal and external streams
[21:00:45] [IO-Worker-2/ERROR] (Minecraft) External chunk path /Users/magje/code/mods/jade-modded-entities/fabric/runs/client/saves/New World/region/c.-6.-19.mcc is not file
[21:00:45] [IO-Worker-3/WARN] (Minecraft) Chunk has both internal and external streams
[21:00:45] [IO-Worker-3/ERROR] (Minecraft) External chunk path /Users/magje/code/mods/jade-modded-entities/fabric/runs/client/saves/New World/region/c.-5.-19.mcc is not file
[21:00:45] [IO-Worker-2/WARN] (Minecraft) Chunk has both internal and external streams
[21:00:45] [IO-Worker-2/ERROR] (Minecraft) External chunk path /Users/magje/code/mods/jade-modded-entities/fabric/runs/client/saves/New World/region/c.-4.-19.mcc is not file
[21:00:45] [IO-Worker-3/WARN] (Minecraft) Chunk has both internal and external streams
[21:00:45] [IO-Worker-3/ERROR] (Minecraft) External chunk path /Users/magje/code/mods/jade-modded-entities/fabric/runs/client/saves/New World/region/c.-3.-19.mcc is not file
[21:00:45] [IO-Worker-2/ERROR] (Minecraft) Chunk [-2, -19] stream is truncated: expected 1813006176 but read 4091
[21:00:45] [IO-Worker-3/ERROR] (Minecraft) Declared size -1552907005 of chunk [-1, -19] is negative
[21:00:45] [IO-Worker-3/ERROR] (Minecraft) Chunk [-23, -18] stream is truncated: expected 883194355 but read 4091
[21:00:45] [IO-Worker-2/ERROR] (Minecraft) Chunk [-22, -18] stream is truncated: expected 883194355 but read 4091
[21:00:45] [IO-Worker-3/WARN] (Minecraft) Chunk has both internal and external streams
[21:00:45] [IO-Worker-3/ERROR] (Minecraft) External chunk path /Users/magje/code/mods/jade-modded-entities/fabric/runs/client/saves/New World/region/c.-21.-18.mcc is not file
[21:00:45] [IO-Worker-2/ERROR] (Minecraft) Chunk [-20, -18] stream is truncated: expected 268886206 but read 4091
[21:00:45] [IO-Worker-3/ERROR] (Minecraft) Chunk [-19, -18] stream is truncated: expected 883194355 but read 4091
[21:00:45] [IO-Worker-2/ERROR] (Minecraft) Chunk [-18, -18] stream is truncated: expected 883194355 but read 4091
[21:00:45] [IO-Worker-3/ERROR] (Minecraft) Chunk [-17, -18] stream is truncated: expected 449985785 but read 4091
[21:00:45] [IO-Worker-2/ERROR] (Minecraft) Chunk [-16, -18] stream is truncated: expected 914902880 but read 4091
[21:00:45] [IO-Worker-3/ERROR] (Minecraft) Chunk [-15, -18] stream is truncated: expected 914902880 but read 4091
[21:00:45] [IO-Worker-2/WARN] (Minecraft) Chunk has both internal and external streams
[21:00:45] [IO-Worker-2/ERROR] (Minecraft) External chunk path /Users/magje/code/mods/jade-modded-entities/fabric/runs/client/saves/New World/region/c.-14.-18.mcc is not file
[21:00:45] [IO-Worker-3/ERROR] (Minecraft) Declared size -100518264 of chunk [-13, -18] is negative
[21:00:45] [IO-Worker-2/ERROR] (Minecraft) Chunk [-12, -18] stream is truncated: expected 914902880 but read 4091
[21:00:45] [IO-Worker-3/WARN] (Minecraft) Chunk has both internal and external streams
[21:00:45] [IO-Worker-3/ERROR] (Minecraft) External chunk path /Users/magje/code/mods/jade-modded-entities/fabric/runs/client/saves/New World/region/c.-11.-18.mcc is not file
[21:00:45] [IO-Worker-2/ERROR] (Minecraft) Declared size -100518264 of chunk [-10, -18] is negative
[21:00:45] [IO-Worker-3/WARN] (Minecraft) Chunk has both internal and external streams
[21:00:45] [IO-Worker-3/ERROR] (Minecraft) External chunk path /Users/magje/code/mods/jade-modded-entities/fabric/runs/client/saves/New World/region/c.-9.-18.mcc is not file
[21:00:45] [IO-Worker-2/WARN] (Minecraft) Chunk has both internal and external streams
[21:00:45] [IO-Worker-2/ERROR] (Minecraft) External chunk path /Users/magje/code/mods/jade-modded-entities/fabric/runs/client/saves/New World/region/c.-8.-18.mcc is not file
[21:00:45] [IO-Worker-3/ERROR] (Minecraft) Chunk [-7, -18] stream is truncated: expected 914902880 but read 4091
[21:00:45] [IO-Worker-2/ERROR] (Minecraft) Declared size -1652552222 of chunk [-6, -18] is negative
[21:00:45] [IO-Worker-3/ERROR] (Minecraft) Chunk [-5, -18] stream is truncated: expected 273113354 but read 4091
[21:00:45] [IO-Worker-2/ERROR] (Minecraft) Chunk [-4, -18] stream is truncated: expected 1813006176 but read 4091
[21:00:45] [IO-Worker-3/ERROR] (Minecraft) Declared size -1535511547 of chunk [-3, -18] is negative
[21:00:45] [IO-Worker-2/ERROR] (Minecraft) Chunk [-2, -18] stream is truncated: expected 1813006176 but read 4091
[21:00:45] [IO-Worker-3/WARN] (Minecraft) Chunk has both internal and external streams
[21:00:45] [IO-Worker-3/ERROR] (Minecraft) External chunk path /Users/magje/code/mods/jade-modded-entities/fabric/runs/client/saves/New World/region/c.-1.-18.mcc is not file
[21:00:45] [IO-Worker-3/ERROR] (Minecraft) Chunk [-23, -17] stream is truncated: expected 449985785 but read 4091
[21:00:45] [IO-Worker-2/WARN] (Minecraft) Chunk has both internal and external streams
[21:00:45] [IO-Worker-2/ERROR] (Minecraft) External chunk path /Users/magje/code/mods/jade-modded-entities/fabric/runs/client/saves/New World/region/c.-22.-17.mcc is not file
[21:00:45] [IO-Worker-3/WARN] (Minecraft) Chunk has both internal and external streams
[21:00:45] [IO-Worker-3/ERROR] (Minecraft) External chunk path /Users/magje/code/mods/jade-modded-entities/fabric/runs/client/saves/New World/region/c.-21.-17.mcc is not file
[21:00:45] [IO-Worker-2/ERROR] (Minecraft) Declared size -799335726 of chunk [-20, -17] is negative
[21:00:45] [IO-Worker-3/ERROR] (Minecraft) Chunk [-19, -17] stream is truncated: expected 268816474 but read 4091
[21:00:45] [IO-Worker-2/ERROR] (Minecraft) Chunk [-18, -17] stream is truncated: expected 449985785 but read 4091
[21:00:45] [IO-Worker-3/ERROR] (Minecraft) Chunk [-17, -17] stream is truncated: expected 449985785 but read 4091
[21:00:45] [IO-Worker-2/WARN] (Minecraft) Chunk has both internal and external streams
[21:00:45] [IO-Worker-2/ERROR] (Minecraft) External chunk path /Users/magje/code/mods/jade-modded-entities/fabric/runs/client/saves/New World/region/c.-16.-17.mcc is not file
[21:00:45] [IO-Worker-3/WARN] (Minecraft) Chunk has both internal and external streams
[21:00:45] [IO-Worker-3/ERROR] (Minecraft) External chunk path /Users/magje/code/mods/jade-modded-entities/fabric/runs/client/saves/New World/region/c.-15.-17.mcc is not file
[21:00:45] [IO-Worker-2/WARN] (Minecraft) Chunk has both internal and external streams
[21:00:45] [IO-Worker-2/ERROR] (Minecraft) External chunk path /Users/magje/code/mods/jade-modded-entities/fabric/runs/client/saves/New World/region/c.-14.-17.mcc is not file
[21:00:45] [IO-Worker-3/ERROR] (Minecraft) Declared size -128336662 of chunk [-13, -17] is negative
[21:00:45] [IO-Worker-2/WARN] (Minecraft) Chunk has both internal and external streams
[21:00:45] [IO-Worker-2/ERROR] (Minecraft) External chunk path /Users/magje/code/mods/jade-modded-entities/fabric/runs/client/saves/New World/region/c.-12.-17.mcc is not file
[21:00:45] [IO-Worker-3/ERROR] (Minecraft) Chunk [-11, -17] stream is truncated: expected 2027258661 but read 4091
[21:00:45] [IO-Worker-2/ERROR] (Minecraft) Declared size -1125498605 of chunk [-10, -17] is negative
[21:00:45] [IO-Worker-3/ERROR] (Minecraft) Declared size -496504406 of chunk [-9, -17] is negative
[21:00:45] [IO-Worker-2/WARN] (Minecraft) Chunk has both internal and external streams
[21:00:45] [IO-Worker-2/ERROR] (Minecraft) External chunk path /Users/magje/code/mods/jade-modded-entities/fabric/runs/client/saves/New World/region/c.-8.-17.mcc is not file
[21:00:45] [IO-Worker-3/WARN] (Minecraft) Chunk has both internal and external streams
[21:00:45] [IO-Worker-3/ERROR] (Minecraft) External chunk path /Users/magje/code/mods/jade-modded-entities/fabric/runs/client/saves/New World/region/c.-7.-17.mcc is not file
[21:00:45] [IO-Worker-2/WARN] (Minecraft) Chunk has both internal and external streams
[21:00:45] [IO-Worker-2/ERROR] (Minecraft) External chunk path /Users/magje/code/mods/jade-modded-entities/fabric/runs/client/saves/New World/region/c.-6.-17.mcc is not file
[21:00:45] [IO-Worker-3/ERROR] (Minecraft) Chunk [-5, -17] stream is truncated: expected 775850838 but read 4091
[21:00:45] [IO-Worker-2/WARN] (Minecraft) Chunk has both internal and external streams
[21:00:45] [IO-Worker-2/ERROR] (Minecraft) External chunk path /Users/magje/code/mods/jade-modded-entities/fabric/runs/client/saves/New World/region/c.-4.-17.mcc is not file
[21:00:45] [IO-Worker-3/ERROR] (Minecraft) Declared size -514082622 of chunk [-3, -17] is negative
[21:00:45] [IO-Worker-2/ERROR] (Minecraft) Declared size -1195245276 of chunk [-2, -17] is negative
[21:00:45] [IO-Worker-3/ERROR] (Minecraft) Declared size -1513111019 of chunk [-1, -17] is negative
[21:00:45] [IO-Worker-3/ERROR] (Minecraft) Chunk [-23, -16] stream is truncated: expected 449985785 but read 4091
[21:00:45] [IO-Worker-2/ERROR] (Minecraft) Chunk [-22, -16] stream is truncated: expected 449985785 but read 4091
[21:00:45] [IO-Worker-3/ERROR] (Minecraft) Chunk [-21, -16] stream is truncated: expected 449985785 but read 4091
[21:00:45] [IO-Worker-2/ERROR] (Minecraft) Chunk [-20, -16] stream is truncated: expected 449985785 but read 4091
[21:00:45] [IO-Worker-3/ERROR] (Minecraft) Chunk [-19, -16] stream is truncated: expected 449985785 but read 4091
[21:00:45] [IO-Worker-2/WARN] (Minecraft) Chunk has both internal and external streams
[21:00:45] [IO-Worker-2/ERROR] (Minecraft) External chunk path /Users/magje/code/mods/jade-modded-entities/fabric/runs/client/saves/New World/region/c.-18.-16.mcc is not file
[21:00:45] [IO-Worker-3/ERROR] (Minecraft) Chunk [-17, -16] stream is truncated: expected 449985785 but read 4091
[21:00:45] [IO-Worker-2/ERROR] (Minecraft) Declared size -767755774 of chunk [-16, -16] is negative
[21:00:45] [IO-Worker-3/WARN] (Minecraft) Chunk has both internal and external streams
[21:00:45] [IO-Worker-3/ERROR] (Minecraft) External chunk path /Users/magje/code/mods/jade-modded-entities/fabric/runs/client/saves/New World/region/c.-15.-16.mcc is not file
[21:00:45] [IO-Worker-2/WARN] (Minecraft) Chunk has both internal and external streams
[21:00:45] [IO-Worker-2/ERROR] (Minecraft) External chunk path /Users/magje/code/mods/jade-modded-entities/fabric/runs/client/saves/New World/region/c.-14.-16.mcc is not file
[21:00:45] [IO-Worker-3/ERROR] (Minecraft) Chunk [-13, -16] stream is truncated: expected 63194512 but read 4091
[21:00:45] [IO-Worker-2/ERROR] (Minecraft) Chunk [-12, -16] stream is truncated: expected 1917158872 but read 4091
[21:00:45] [IO-Worker-3/WARN] (Minecraft) Chunk has both internal and external streams
[21:00:45] [IO-Worker-3/ERROR] (Minecraft) External chunk path /Users/magje/code/mods/jade-modded-entities/fabric/runs/client/saves/New World/region/c.-11.-16.mcc is not file
[21:00:45] [IO-Worker-2/ERROR] (Minecraft) Chunk [-10, -16] stream is truncated: expected 1974057003 but read 4091
[21:00:45] [IO-Worker-3/WARN] (Minecraft) Chunk has both internal and external streams
[21:00:45] [IO-Worker-3/ERROR] (Minecraft) External chunk path /Users/magje/code/mods/jade-modded-entities/fabric/runs/client/saves/New World/region/c.-9.-16.mcc is not file
[21:00:45] [IO-Worker-2/WARN] (Minecraft) Chunk has both internal and external streams
[21:00:45] [IO-Worker-2/ERROR] (Minecraft) External chunk path /Users/magje/code/mods/jade-modded-entities/fabric/runs/client/saves/New World/region/c.-8.-16.mcc is not file
[21:00:45] [IO-Worker-3/WARN] (Minecraft) Chunk has both internal and external streams
[21:00:45] [IO-Worker-3/ERROR] (Minecraft) External chunk path /Users/magje/code/mods/jade-modded-entities/fabric/runs/client/saves/New World/region/c.-7.-16.mcc is not file
[21:00:45] [IO-Worker-2/WARN] (Minecraft) Chunk has both internal and external streams
[21:00:45] [IO-Worker-2/ERROR] (Minecraft) External chunk path /Users/magje/code/mods/jade-modded-entities/fabric/runs/client/saves/New World/region/c.-6.-16.mcc is not file
[21:00:45] [IO-Worker-3/ERROR] (Minecraft) Declared size -583283819 of chunk [-5, -16] is negative
[21:00:45] [IO-Worker-2/WARN] (Minecraft) Chunk has both internal and external streams
[21:00:45] [IO-Worker-2/ERROR] (Minecraft) External chunk path /Users/magje/code/mods/jade-modded-entities/fabric/runs/client/saves/New World/region/c.-4.-16.mcc is not file
[21:00:45] [IO-Worker-3/ERROR] (Minecraft) Chunk [-3, -16] stream is truncated: expected 442010004 but read 4091
[21:00:45] [IO-Worker-2/WARN] (Minecraft) Chunk has both internal and external streams
[21:00:45] [IO-Worker-2/ERROR] (Minecraft) External chunk path /Users/magje/code/mods/jade-modded-entities/fabric/runs/client/saves/New World/region/c.-2.-16.mcc is not file
[21:00:45] [IO-Worker-3/ERROR] (Minecraft) Chunk [-1, -16] stream is truncated: expected 1981573957 but read 4091
[21:00:45] [IO-Worker-3/WARN] (Minecraft) Chunk has both internal and external streams
[21:00:45] [IO-Worker-3/ERROR] (Minecraft) External chunk path /Users/magje/code/mods/jade-modded-entities/fabric/runs/client/saves/New World/region/c.-23.-15.mcc is not file
[21:00:45] [IO-Worker-2/ERROR] (Minecraft) Chunk [-22, -15] stream is truncated: expected 449985785 but read 4091
[21:00:45] [IO-Worker-3/ERROR] (Minecraft) Chunk [-21, -15] stream is truncated: expected 449985785 but read 4091
[21:00:45] [IO-Worker-2/ERROR] (Minecraft) Chunk [-20, -15] stream is truncated: expected 449985785 but read 4091
[21:00:45] [IO-Worker-3/ERROR] (Minecraft) Chunk [-19, -15] stream is truncated: expected 449985785 but read 4091
[21:00:45] [IO-Worker-2/WARN] (Minecraft) Chunk has both internal and external streams
[21:00:45] [IO-Worker-2/ERROR] (Minecraft) External chunk path /Users/magje/code/mods/jade-modded-entities/fabric/runs/client/saves/New World/region/c.-18.-15.mcc is not file
[21:00:45] [IO-Worker-3/ERROR] (Minecraft) Chunk [-17, -15] stream is truncated: expected 449985785 but read 4091
[21:00:45] [IO-Worker-2/ERROR] (Minecraft) Chunk [-16, -15] stream is truncated: expected 914902880 but read 4091
[21:00:45] [IO-Worker-3/WARN] (Minecraft) Chunk has both internal and external streams
[21:00:45] [IO-Worker-3/ERROR] (Minecraft) External chunk path /Users/magje/code/mods/jade-modded-entities/fabric/runs/client/saves/New World/region/c.-15.-15.mcc is not file
[21:00:45] [IO-Worker-2/ERROR] (Minecraft) Chunk [-14, -15] stream is truncated: expected 1381328246 but read 4091
[21:00:45] [IO-Worker-3/WARN] (Minecraft) Chunk has both internal and external streams
[21:00:45] [IO-Worker-3/ERROR] (Minecraft) External chunk path /Users/magje/code/mods/jade-modded-entities/fabric/runs/client/saves/New World/region/c.-13.-15.mcc is not file
[21:00:45] [IO-Worker-2/WARN] (Minecraft) Chunk has both internal and external streams
[21:00:45] [IO-Worker-2/ERROR] (Minecraft) External chunk path /Users/magje/code/mods/jade-modded-entities/fabric/runs/client/saves/New World/region/c.-12.-15.mcc is not file
[21:00:45] [IO-Worker-3/WARN] (Minecraft) Chunk has both internal and external streams
[21:00:45] [IO-Worker-3/ERROR] (Minecraft) External chunk path /Users/magje/code/mods/jade-modded-entities/fabric/runs/client/saves/New World/region/c.-11.-15.mcc is not file
[21:00:45] [IO-Worker-2/ERROR] (Minecraft) Chunk [-10, -15] stream is truncated: expected 390050874 but read 8187
[21:00:45] [IO-Worker-3/ERROR] (Minecraft) Declared size -1837980463 of chunk [-9, -15] is negative
[21:00:45] [IO-Worker-2/ERROR] (Minecraft) Declared size -1513532810 of chunk [-8, -15] is negative
[21:00:45] [IO-Worker-3/ERROR] (Minecraft) Declared size -1129972072 of chunk [-7, -15] is negative
[21:00:45] [IO-Worker-2/ERROR] (Minecraft) Chunk [-6, -15] stream is truncated: expected 686723731 but read 8187
[21:00:45] [IO-Worker-3/WARN] (Minecraft) Chunk has both internal and external streams
[21:00:45] [IO-Worker-3/ERROR] (Minecraft) External chunk path /Users/magje/code/mods/jade-modded-entities/fabric/runs/client/saves/New World/region/c.-5.-15.mcc is not file
[21:00:45] [IO-Worker-2/WARN] (Minecraft) Chunk has both internal and external streams
[21:00:45] [IO-Worker-2/ERROR] (Minecraft) External chunk path /Users/magje/code/mods/jade-modded-entities/fabric/runs/client/saves/New World/region/c.-4.-15.mcc is not file
[21:00:45] [IO-Worker-3/ERROR] (Minecraft) Declared size -57529246 of chunk [-3, -15] is negative
[21:00:45] [IO-Worker-2/ERROR] (Minecraft) Chunk [-2, -15] stream is truncated: expected 1456693994 but read 8187
[21:00:45] [IO-Worker-3/WARN] (Minecraft) Chunk has both internal and external streams
[21:00:45] [IO-Worker-3/ERROR] (Minecraft) External chunk path /Users/magje/code/mods/jade-modded-entities/fabric/runs/client/saves/New World/region/c.-1.-15.mcc is not file
[21:00:45] [IO-Worker-3/ERROR] (Minecraft) Chunk [-23, -14] stream is truncated: expected 449985785 but read 4091
[21:00:45] [IO-Worker-2/ERROR] (Minecraft) Chunk [-22, -14] stream is truncated: expected 449985785 but read 4091
[21:00:45] [IO-Worker-3/ERROR] (Minecraft) Chunk [-21, -14] stream is truncated: expected 449985785 but read 4091
[21:00:45] [IO-Worker-2/ERROR] (Minecraft) Chunk [-20, -14] stream is truncated: expected 449985785 but read 4091
[21:00:45] [IO-Worker-3/ERROR] (Minecraft) Chunk [-19, -14] stream is truncated: expected 449985785 but read 4091
[21:00:45] [IO-Worker-2/ERROR] (Minecraft) Chunk [-18, -14] stream is truncated: expected 449985785 but read 4091
[21:00:45] [IO-Worker-3/ERROR] (Minecraft) Chunk [-17, -14] stream is truncated: expected 449985785 but read 4091
[21:00:45] [IO-Worker-2/ERROR] (Minecraft) Chunk [-16, -14] stream is truncated: expected 914902880 but read 4091
[21:00:45] [IO-Worker-3/WARN] (Minecraft) Chunk has both internal and external streams
[21:00:45] [IO-Worker-3/ERROR] (Minecraft) External chunk path /Users/magje/code/mods/jade-modded-entities/fabric/runs/client/saves/New World/region/c.-15.-14.mcc is not file
[21:00:45] [IO-Worker-2/WARN] (Minecraft) Chunk has both internal and external streams
[21:00:45] [IO-Worker-2/ERROR] (Minecraft) External chunk path /Users/magje/code/mods/jade-modded-entities/fabric/runs/client/saves/New World/region/c.-14.-14.mcc is not file
[21:00:45] [IO-Worker-3/WARN] (Minecraft) Chunk has both internal and external streams
[21:00:45] [IO-Worker-3/ERROR] (Minecraft) External chunk path /Users/magje/code/mods/jade-modded-entities/fabric/runs/client/saves/New World/region/c.-13.-14.mcc is not file
[21:00:45] [IO-Worker-2/WARN] (Minecraft) Chunk has both internal and external streams
[21:00:45] [IO-Worker-2/ERROR] (Minecraft) External chunk path /Users/magje/code/mods/jade-modded-entities/fabric/runs/client/saves/New World/region/c.-12.-14.mcc is not file
[21:00:45] [IO-Worker-3/ERROR] (Minecraft) Chunk [-11, -14] stream is truncated: expected 475101040 but read 8187
[21:00:45] [IO-Worker-2/WARN] (Minecraft) Chunk has both internal and external streams
[21:00:45] [IO-Worker-2/ERROR] (Minecraft) External chunk path /Users/magje/code/mods/jade-modded-entities/fabric/runs/client/saves/New World/region/c.-10.-14.mcc is not file
[21:00:45] [IO-Worker-3/WARN] (Minecraft) Chunk has both internal and external streams
[21:00:45] [IO-Worker-3/ERROR] (Minecraft) External chunk path /Users/magje/code/mods/jade-modded-entities/fabric/runs/client/saves/New World/region/c.-9.-14.mcc is not file
[21:00:45] [IO-Worker-2/WARN] (Minecraft) Chunk has both internal and external streams
[21:00:45] [IO-Worker-2/ERROR] (Minecraft) External chunk path /Users/magje/code/mods/jade-modded-entities/fabric/runs/client/saves/New World/region/c.-8.-14.mcc is not file
[21:00:45] [IO-Worker-3/ERROR] (Minecraft) Declared size -1352255653 of chunk [-7, -14] is negative
[21:00:45] [IO-Worker-2/WARN] (Minecraft) Chunk has both internal and external streams
[21:00:45] [IO-Worker-2/ERROR] (Minecraft) External chunk path /Users/magje/code/mods/jade-modded-entities/fabric/runs/client/saves/New World/region/c.-6.-14.mcc is not file
[21:00:45] [IO-Worker-3/ERROR] (Minecraft) Chunk [-5, -14] stream is truncated: expected 2141480146 but read 8187
[21:00:45] [IO-Worker-2/ERROR] (Minecraft) Declared size -1368485133 of chunk [-4, -14] is negative
[21:00:45] [IO-Worker-3/WARN] (Minecraft) Chunk has both internal and external streams
[21:00:45] [IO-Worker-3/ERROR] (Minecraft) External chunk path /Users/magje/code/mods/jade-modded-entities/fabric/runs/client/saves/New World/region/c.-3.-14.mcc is not file
[21:00:45] [IO-Worker-2/ERROR] (Minecraft) Declared size -941683671 of chunk [-2, -14] is negative
[21:00:45] [IO-Worker-3/WARN] (Minecraft) Chunk has both internal and external streams
[21:00:45] [IO-Worker-3/ERROR] (Minecraft) External chunk path /Users/magje/code/mods/jade-modded-entities/fabric/runs/client/saves/New World/region/c.-1.-14.mcc is not file
[21:00:45] [IO-Worker-3/ERROR] (Minecraft) Chunk [-23, -13] stream is truncated: expected 449985785 but read 4091
[21:00:45] [IO-Worker-2/ERROR] (Minecraft) Chunk [-22, -13] stream is truncated: expected 449985785 but read 4091
[21:00:45] [IO-Worker-3/WARN] (Minecraft) Chunk has both internal and external streams
[21:00:45] [IO-Worker-3/ERROR] (Minecraft) External chunk path /Users/magje/code/mods/jade-modded-entities/fabric/runs/client/saves/New World/region/c.-21.-13.mcc is not file
[21:00:45] [IO-Worker-2/ERROR] (Minecraft) Chunk [-20, -13] stream is truncated: expected 449985785 but read 4091
[21:00:45] [IO-Worker-3/WARN] (Minecraft) Chunk has both internal and external streams
[21:00:45] [IO-Worker-3/ERROR] (Minecraft) External chunk path /Users/magje/code/mods/jade-modded-entities/fabric/runs/client/saves/New World/region/c.-19.-13.mcc is not file
[21:00:45] [IO-Worker-2/ERROR] (Minecraft) Chunk [-18, -13] stream is truncated: expected 449985785 but read 4091
[21:00:45] [IO-Worker-3/ERROR] (Minecraft) Chunk [-17, -13] stream is truncated: expected 449985785 but read 4091
[21:00:45] [IO-Worker-2/WARN] (Minecraft) Chunk has both internal and external streams
[21:00:45] [IO-Worker-2/ERROR] (Minecraft) External chunk path /Users/magje/code/mods/jade-modded-entities/fabric/runs/client/saves/New World/region/c.-16.-13.mcc is not file
[21:00:45] [IO-Worker-3/ERROR] (Minecraft) Declared size -1809560117 of chunk [-15, -13] is negative
[21:00:45] [IO-Worker-2/ERROR] (Minecraft) Chunk [-14, -13] stream is truncated: expected 1999350161 but read 4091
[21:00:45] [IO-Worker-3/ERROR] (Minecraft) Chunk [-13, -13] stream is truncated: expected 1139132433 but read 12283
[21:00:45] [IO-Worker-2/WARN] (Minecraft) Chunk has both internal and external streams
[21:00:45] [IO-Worker-2/ERROR] (Minecraft) External chunk path /Users/magje/code/mods/jade-modded-entities/fabric/runs/client/saves/New World/region/c.-12.-13.mcc is not file
[21:00:45] [IO-Worker-3/WARN] (Minecraft) Chunk has both internal and external streams
[21:00:45] [IO-Worker-3/ERROR] (Minecraft) External chunk path /Users/magje/code/mods/jade-modded-entities/fabric/runs/client/saves/New World/region/c.-9.-13.mcc is not file
[21:00:45] [IO-Worker-2/ERROR] (Minecraft) Chunk [-8, -13] stream is truncated: expected 2104237030 but read 8187
[21:00:45] [IO-Worker-3/ERROR] (Minecraft) Chunk [-7, -13] stream is truncated: expected 1835801798 but read 8187
[21:00:45] [IO-Worker-2/ERROR] (Minecraft) Declared size -1662165537 of chunk [-6, -13] is negative
[21:00:45] [IO-Worker-3/ERROR] (Minecraft) Chunk [-5, -13] stream is truncated: expected 1567365974 but read 8187
[21:00:45] [IO-Worker-2/WARN] (Minecraft) Chunk has both internal and external streams
[21:00:45] [IO-Worker-2/ERROR] (Minecraft) External chunk path /Users/magje/code/mods/jade-modded-entities/fabric/runs/client/saves/New World/region/c.-4.-13.mcc is not file
[21:00:45] [IO-Worker-3/ERROR] (Minecraft) Chunk [-3, -13] stream is truncated: expected 1265376342 but read 8187
[21:00:45] [IO-Worker-2/WARN] (Minecraft) Chunk has both internal and external streams
[21:00:45] [IO-Worker-2/ERROR] (Minecraft) External chunk path /Users/magje/code/mods/jade-modded-entities/fabric/runs/client/saves/New World/region/c.-2.-13.mcc is not file
[21:00:45] [IO-Worker-3/ERROR] (Minecraft) Chunk [-1, -13] stream is truncated: expected 457668294 but read 8187
[21:00:45] [IO-Worker-3/ERROR] (Minecraft) Chunk [-23, -12] stream is truncated: expected 449985785 but read 4091
[21:00:45] [IO-Worker-2/WARN] (Minecraft) Chunk has both internal and external streams
[21:00:45] [IO-Worker-2/ERROR] (Minecraft) External chunk path /Users/magje/code/mods/jade-modded-entities/fabric/runs/client/saves/New World/region/c.-22.-12.mcc is not file
[21:00:45] [IO-Worker-3/WARN] (Minecraft) Chunk has both internal and external streams
[21:00:45] [IO-Worker-3/ERROR] (Minecraft) External chunk path /Users/magje/code/mods/jade-modded-entities/fabric/runs/client/saves/New World/region/c.-21.-12.mcc is not file
[21:00:45] [IO-Worker-2/WARN] (Minecraft) Chunk has both internal and external streams
[21:00:45] [IO-Worker-2/ERROR] (Minecraft) External chunk path /Users/magje/code/mods/jade-modded-entities/fabric/runs/client/saves/New World/region/c.-20.-12.mcc is not file
[21:00:45] [IO-Worker-3/ERROR] (Minecraft) Chunk [-19, -12] stream is truncated: expected 449985785 but read 4091
[21:00:45] [IO-Worker-2/ERROR] (Minecraft) Chunk [-18, -12] stream is truncated: expected 449985785 but read 4091
[21:00:45] [IO-Worker-3/ERROR] (Minecraft) Chunk [-17, -12] stream is truncated: expected 449985785 but read 4091
[21:00:45] [IO-Worker-2/ERROR] (Minecraft) Declared size -767755774 of chunk [-16, -12] is negative
[21:00:45] [IO-Worker-3/ERROR] (Minecraft) Declared size -1609064827 of chunk [-15, -12] is negative
[21:00:45] [IO-Worker-2/ERROR] (Minecraft) Chunk [-14, -12] stream is truncated: expected 659790120 but read 8187
[21:00:45] [IO-Worker-3/ERROR] (Minecraft) Declared size -317313183 of chunk [-13, -12] is negative
[21:00:45] [IO-Worker-2/ERROR] (Minecraft) Declared size -677517651 of chunk [-12, -12] is negative
[21:00:45] [IO-Worker-3/WARN] (Minecraft) Chunk has both internal and external streams
[21:00:45] [IO-Worker-3/ERROR] (Minecraft) External chunk path /Users/magje/code/mods/jade-modded-entities/fabric/runs/client/saves/New World/region/c.-11.-12.mcc is not file
[21:00:45] [IO-Worker-2/ERROR] (Minecraft) Chunk [-10, -12] stream is truncated: expected 1600920774 but read 8187
[21:00:45] [IO-Worker-3/ERROR] (Minecraft) Chunk [-9, -12] stream is truncated: expected 2137791446 but read 8187
[21:00:45] [IO-Worker-2/ERROR] (Minecraft) Chunk [-8, -12] stream is truncated: expected 1567365974 but read 8187
[21:00:45] [IO-Worker-3/ERROR] (Minecraft) Declared size -1662165667 of chunk [-7, -12] is negative
[21:00:45] [IO-Worker-2/ERROR] (Minecraft) Chunk [-6, -12] stream is truncated: expected 2023550300 but read 8187
[21:00:45] [IO-Worker-3/ERROR] (Minecraft) Declared size -1662149297 of chunk [-5, -12] is negative
[21:00:45] [IO-Worker-2/WARN] (Minecraft) Chunk has both internal and external streams
[21:00:45] [IO-Worker-2/ERROR] (Minecraft) External chunk path /Users/magje/code/mods/jade-modded-entities/fabric/runs/client/saves/New World/region/c.-4.-12.mcc is not file
[21:00:45] [IO-Worker-3/ERROR] (Minecraft) Declared size -1662165649 of chunk [-3, -12] is negative
[21:00:45] [IO-Worker-2/ERROR] (Minecraft) Chunk [-2, -12] stream is truncated: expected 1574792986 but read 8187
[21:00:45] [IO-Worker-3/ERROR] (Minecraft) Chunk [-1, -12] stream is truncated: expected 1299192806 but read 8187
[21:00:45] [IO-Worker-3/ERROR] (Minecraft) Chunk [-23, -11] stream is truncated: expected 883194355 but read 4091
[21:00:45] [IO-Worker-2/ERROR] (Minecraft) Chunk [-22, -11] stream is truncated: expected 449985785 but read 4091
[21:00:45] [IO-Worker-3/ERROR] (Minecraft) Chunk [-21, -11] stream is truncated: expected 449985785 but read 4091
[21:00:45] [IO-Worker-2/ERROR] (Minecraft) Chunk [-20, -11] stream is truncated: expected 449985785 but read 4091
[21:00:45] [IO-Worker-3/ERROR] (Minecraft) Chunk [-19, -11] stream is truncated: expected 449985785 but read 4091
[21:00:45] [IO-Worker-2/ERROR] (Minecraft) Chunk [-18, -11] stream is truncated: expected 449985785 but read 4091
[21:00:45] [IO-Worker-3/ERROR] (Minecraft) Chunk [-17, -11] stream is truncated: expected 449985785 but read 4091
[21:00:45] [IO-Worker-3/ERROR] (Minecraft) Declared size -767755774 of chunk [-16, -11] is negative
[21:00:45] [IO-Worker-2/ERROR] (Minecraft) Declared size -1635439844 of chunk [-15, -11] is negative
[21:00:45] [IO-Worker-2/WARN] (Minecraft) Chunk has both internal and external streams
[21:00:45] [IO-Worker-2/ERROR] (Minecraft) External chunk path /Users/magje/code/mods/jade-modded-entities/fabric/runs/client/saves/New World/region/c.-14.-11.mcc is not file
[21:00:45] [IO-Worker-2/WARN] (Minecraft) Chunk has both internal and external streams
[21:00:45] [IO-Worker-2/ERROR] (Minecraft) External chunk path /Users/magje/code/mods/jade-modded-entities/fabric/runs/client/saves/New World/region/c.-13.-11.mcc is not file
[21:00:45] [IO-Worker-3/WARN] (Minecraft) Chunk has both internal and external streams
[21:00:45] [IO-Worker-3/ERROR] (Minecraft) External chunk path /Users/magje/code/mods/jade-modded-entities/fabric/runs/client/saves/New World/region/c.-12.-11.mcc is not file
[21:00:45] [IO-Worker-2/ERROR] (Minecraft) Declared size -1638060507 of chunk [-11, -11] is negative
[21:00:45] [IO-Worker-3/ERROR] (Minecraft) Chunk [-10, -11] stream is truncated: expected 1567365974 but read 8187
[21:00:45] [IO-Worker-2/ERROR] (Minecraft) Declared size -1662149297 of chunk [-9, -11] is negative
[21:00:45] [IO-Worker-3/WARN] (Minecraft) Chunk has both internal and external streams
[21:00:45] [IO-Worker-3/ERROR] (Minecraft) External chunk path /Users/magje/code/mods/jade-modded-entities/fabric/runs/client/saves/New World/region/c.-8.-11.mcc is not file
[21:00:45] [IO-Worker-2/WARN] (Minecraft) Chunk has both internal and external streams
[21:00:45] [IO-Worker-2/ERROR] (Minecraft) External chunk path /Users/magje/code/mods/jade-modded-entities/fabric/runs/client/saves/New World/region/c.-7.-11.mcc is not file
[21:00:45] [IO-Worker-3/WARN] (Minecraft) Chunk has both internal and external streams
[21:00:45] [IO-Worker-3/ERROR] (Minecraft) External chunk path /Users/magje/code/mods/jade-modded-entities/fabric/runs/client/saves/New World/region/c.-6.-11.mcc is not file
[21:00:45] [IO-Worker-2/ERROR] (Minecraft) Chunk [-5, -11] stream is truncated: expected 41458924 but read 8187
[21:00:45] [IO-Worker-3/WARN] (Minecraft) Chunk has both internal and external streams
[21:00:45] [IO-Worker-3/ERROR] (Minecraft) External chunk path /Users/magje/code/mods/jade-modded-entities/fabric/runs/client/saves/New World/region/c.-4.-11.mcc is not file
[21:00:45] [IO-Worker-2/WARN] (Minecraft) Chunk has both internal and external streams
[21:00:45] [IO-Worker-2/ERROR] (Minecraft) External chunk path /Users/magje/code/mods/jade-modded-entities/fabric/runs/client/saves/New World/region/c.-3.-11.mcc is not file
[21:00:45] [IO-Worker-3/ERROR] (Minecraft) Chunk [-2, -11] stream is truncated: expected 2023550300 but read 8187
[21:00:45] [IO-Worker-2/ERROR] (Minecraft) Chunk [-1, -11] stream is truncated: expected 2023550364 but read 8187
[21:00:45] [IO-Worker-1/ERROR] (Minecraft) Chunk [-23, -10] stream is truncated: expected 883194355 but read 4091
[21:00:45] [IO-Worker-1/ERROR] (Minecraft) Chunk [-22, -10] stream is truncated: expected 883194355 but read 4091
[21:00:45] [IO-Worker-3/ERROR] (Minecraft) Chunk [-21, -10] stream is truncated: expected 449985785 but read 4091
[21:00:45] [IO-Worker-1/ERROR] (Minecraft) Chunk [-20, -10] stream is truncated: expected 449985785 but read 4091
[21:00:45] [IO-Worker-3/ERROR] (Minecraft) Chunk [-19, -10] stream is truncated: expected 449985785 but read 4091
[21:00:45] [IO-Worker-1/ERROR] (Minecraft) Chunk [-18, -10] stream is truncated: expected 449985785 but read 4091
[21:00:45] [IO-Worker-3/ERROR] (Minecraft) Chunk [-17, -10] stream is truncated: expected 268816474 but read 4091
[21:00:45] [IO-Worker-1/WARN] (Minecraft) Chunk has both internal and external streams
[21:00:45] [IO-Worker-1/ERROR] (Minecraft) External chunk path /Users/magje/code/mods/jade-modded-entities/fabric/runs/client/saves/New World/region/c.-16.-10.mcc is not file
[21:00:45] [IO-Worker-3/ERROR] (Minecraft) Declared size -2123898614 of chunk [-15, -10] is negative
[21:00:45] [IO-Worker-1/ERROR] (Minecraft) Chunk [-14, -10] stream is truncated: expected 916597840 but read 8187
[21:00:45] [IO-Worker-3/ERROR] (Minecraft) Chunk [-13, -10] stream is truncated: expected 308605255 but read 12283
[21:00:45] [IO-Worker-1/ERROR] (Minecraft) Chunk [-12, -10] stream is truncated: expected 2105003839 but read 12283
[21:00:45] [IO-Worker-1/ERROR] (Minecraft) Chunk [-11, -10] stream is truncated: expected 1467629090 but read 8187
[21:00:45] [IO-Worker-3/ERROR] (Minecraft) Chunk [-10, -10] stream is truncated: expected 1835817942 but read 8187
[21:00:45] [IO-Worker-3/ERROR] (Minecraft) Chunk [-9, -10] stream is truncated: expected 2023550364 but read 8187
[21:00:45] [IO-Worker-3/WARN] (Minecraft) Chunk has both internal and external streams
[21:00:45] [IO-Worker-3/ERROR] (Minecraft) External chunk path /Users/magje/code/mods/jade-modded-entities/fabric/runs/client/saves/New World/region/c.-7.-10.mcc is not file
[21:00:45] [IO-Worker-1/WARN] (Minecraft) Chunk has both internal and external streams
[21:00:45] [IO-Worker-1/ERROR] (Minecraft) External chunk path /Users/magje/code/mods/jade-modded-entities/fabric/runs/client/saves/New World/region/c.-5.-10.mcc is not file
[21:00:45] [IO-Worker-3/ERROR] (Minecraft) Chunk [-4, -10] stream is truncated: expected 2023550364 but read 8187
[21:00:45] [IO-Worker-1/WARN] (Minecraft) Chunk has both internal and external streams
[21:00:45] [IO-Worker-1/ERROR] (Minecraft) External chunk path /Users/magje/code/mods/jade-modded-entities/fabric/runs/client/saves/New World/region/c.-3.-10.mcc is not file
[21:00:45] [IO-Worker-3/WARN] (Minecraft) Chunk has both internal and external streams
[21:00:45] [IO-Worker-3/ERROR] (Minecraft) External chunk path /Users/magje/code/mods/jade-modded-entities/fabric/runs/client/saves/New World/region/c.-2.-10.mcc is not file
[21:00:45] [IO-Worker-1/WARN] (Minecraft) Chunk has both internal and external streams
[21:00:45] [IO-Worker-1/ERROR] (Minecraft) External chunk path /Users/magje/code/mods/jade-modded-entities/fabric/runs/client/saves/New World/region/c.-1.-10.mcc is not file
[21:00:45] [IO-Worker-3/WARN] (Minecraft) Chunk has both internal and external streams
[21:00:45] [IO-Worker-3/ERROR] (Minecraft) External chunk path /Users/magje/code/mods/jade-modded-entities/fabric/runs/client/saves/New World/region/c.-23.-9.mcc is not file
[21:00:45] [IO-Worker-1/ERROR] (Minecraft) Chunk [-22, -9] stream is truncated: expected 883194355 but read 4091
[21:00:45] [IO-Worker-3/ERROR] (Minecraft) Chunk [-21, -9] stream is truncated: expected 883194355 but read 4091
[21:00:45] [IO-Worker-1/ERROR] (Minecraft) Chunk [-20, -9] stream is truncated: expected 449985785 but read 4091
[21:00:45] [IO-Worker-3/ERROR] (Minecraft) Chunk [-19, -9] stream is truncated: expected 449985785 but read 4091
[21:00:45] [IO-Worker-1/WARN] (Minecraft) Chunk has both internal and external streams
[21:00:45] [IO-Worker-1/ERROR] (Minecraft) External chunk path /Users/magje/code/mods/jade-modded-entities/fabric/runs/client/saves/New World/region/c.-18.-9.mcc is not file
[21:00:45] [IO-Worker-1/WARN] (Minecraft) Chunk has both internal and external streams
[21:00:45] [IO-Worker-1/ERROR] (Minecraft) External chunk path /Users/magje/code/mods/jade-modded-entities/fabric/runs/client/saves/New World/region/c.-17.-9.mcc is not file
[21:00:45] [IO-Worker-1/WARN] (Minecraft) Chunk has both internal and external streams
[21:00:45] [IO-Worker-1/ERROR] (Minecraft) External chunk path /Users/magje/code/mods/jade-modded-entities/fabric/runs/client/saves/New World/region/c.-16.-9.mcc is not file
[21:00:45] [IO-Worker-3/ERROR] (Minecraft) Declared size -1829867978 of chunk [-15, -9] is negative
[21:00:45] [IO-Worker-3/ERROR] (Minecraft) Declared size -1322220522 of chunk [-14, -9] is negative
[21:00:45] [IO-Worker-1/ERROR] (Minecraft) Declared size -732540640 of chunk [-13, -9] is negative
[21:00:45] [IO-Worker-3/ERROR] (Minecraft) Declared size -1133046320 of chunk [-12, -9] is negative
[21:00:45] [IO-Worker-3/WARN] (Minecraft) Chunk has both internal and external streams
[21:00:45] [IO-Worker-3/ERROR] (Minecraft) External chunk path /Users/magje/code/mods/jade-modded-entities/fabric/runs/client/saves/New World/region/c.-11.-9.mcc is not file
[21:00:45] [IO-Worker-3/WARN] (Minecraft) Chunk has both internal and external streams
[21:00:45] [IO-Worker-3/ERROR] (Minecraft) External chunk path /Users/magje/code/mods/jade-modded-entities/fabric/runs/client/saves/New World/region/c.-10.-9.mcc is not file
[21:00:45] [IO-Worker-1/ERROR] (Minecraft) Declared size -1662165649 of chunk [-9, -9] is negative
[21:00:45] [IO-Worker-3/WARN] (Minecraft) Chunk has both internal and external streams
[21:00:45] [IO-Worker-3/ERROR] (Minecraft) External chunk path /Users/magje/code/mods/jade-modded-entities/fabric/runs/client/saves/New World/region/c.-8.-9.mcc is not file
[21:00:45] [IO-Worker-1/ERROR] (Minecraft) Chunk [-6, -9] stream is truncated: expected 1567365974 but read 8187
[21:00:45] [IO-Worker-3/WARN] (Minecraft) Chunk has both internal and external streams
[21:00:45] [IO-Worker-3/ERROR] (Minecraft) External chunk path /Users/magje/code/mods/jade-modded-entities/fabric/runs/client/saves/New World/region/c.-5.-9.mcc is not file
[21:00:45] [IO-Worker-1/ERROR] (Minecraft) Chunk [-4, -9] stream is truncated: expected 2023550364 but read 8187
[21:00:45] [IO-Worker-3/WARN] (Minecraft) Chunk has both internal and external streams
[21:00:45] [IO-Worker-3/ERROR] (Minecraft) External chunk path /Users/magje/code/mods/jade-modded-entities/fabric/runs/client/saves/New World/region/c.-3.-9.mcc is not file
[21:00:45] [IO-Worker-1/WARN] (Minecraft) Chunk has both internal and external streams
[21:00:45] [IO-Worker-1/ERROR] (Minecraft) External chunk path /Users/magje/code/mods/jade-modded-entities/fabric/runs/client/saves/New World/region/c.-2.-9.mcc is not file
[21:00:45] [IO-Worker-3/WARN] (Minecraft) Chunk has both internal and external streams
[21:00:45] [IO-Worker-3/ERROR] (Minecraft) External chunk path /Users/magje/code/mods/jade-modded-entities/fabric/runs/client/saves/New World/region/c.-1.-9.mcc is not file
[21:00:45] [IO-Worker-3/ERROR] (Minecraft) Chunk [-23, -8] stream is truncated: expected 883194355 but read 4091
[21:00:45] [IO-Worker-1/ERROR] (Minecraft) Chunk [-22, -8] stream is truncated: expected 883194355 but read 4091
[21:00:45] [IO-Worker-3/ERROR] (Minecraft) Chunk [-21, -8] stream is truncated: expected 883194355 but read 4091
[21:00:45] [IO-Worker-1/ERROR] (Minecraft) Chunk [-20, -8] stream is truncated: expected 883194355 but read 4091
[21:00:45] [IO-Worker-3/WARN] (Minecraft) Chunk has both internal and external streams
[21:00:45] [IO-Worker-3/ERROR] (Minecraft) External chunk path /Users/magje/code/mods/jade-modded-entities/fabric/runs/client/saves/New World/region/c.-19.-8.mcc is not file
[21:00:45] [IO-Worker-3/ERROR] (Minecraft) Chunk [-18, -8] stream is truncated: expected 449985785 but read 4091
[21:00:45] [IO-Worker-1/WARN] (Minecraft) Chunk has both internal and external streams
[21:00:45] [IO-Worker-1/ERROR] (Minecraft) External chunk path /Users/magje/code/mods/jade-modded-entities/fabric/runs/client/saves/New World/region/c.-17.-8.mcc is not file
[21:00:45] [IO-Worker-3/ERROR] (Minecraft) Chunk [-16, -8] stream is truncated: expected 37128270 but read 4091
[21:00:45] [IO-Worker-1/ERROR] (Minecraft) Chunk [-15, -8] stream is truncated: expected 1229666803 but read 4091
[21:00:45] [IO-Worker-3/WARN] (Minecraft) Chunk has both internal and external streams
[21:00:45] [IO-Worker-3/ERROR] (Minecraft) External chunk path /Users/magje/code/mods/jade-modded-entities/fabric/runs/client/saves/New World/region/c.-14.-8.mcc is not file
[21:00:45] [IO-Worker-1/ERROR] (Minecraft) Chunk [-13, -8] stream is truncated: expected 1900048598 but read 12283
[21:00:45] [IO-Worker-3/ERROR] (Minecraft) Declared size -1627924156 of chunk [-12, -8] is negative
[21:00:45] [IO-Worker-3/WARN] (Minecraft) Chunk has both internal and external streams
[21:00:45] [IO-Worker-3/ERROR] (Minecraft) External chunk path /Users/magje/code/mods/jade-modded-entities/fabric/runs/client/saves/New World/region/c.-11.-8.mcc is not file
[21:00:45] [IO-Worker-1/ERROR] (Minecraft) Chunk [-10, -8] stream is truncated: expected 1567365974 but read 8187
[21:00:45] [IO-Worker-3/ERROR] (Minecraft) Declared size -1662149283 of chunk [-9, -8] is negative
[21:00:45] [IO-Worker-1/WARN] (Minecraft) Chunk has both internal and external streams
[21:00:45] [IO-Worker-1/ERROR] (Minecraft) External chunk path /Users/magje/code/mods/jade-modded-entities/fabric/runs/client/saves/New World/region/c.-8.-8.mcc is not file
[21:00:45] [IO-Worker-3/WARN] (Minecraft) Chunk has both internal and external streams
[21:00:45] [IO-Worker-3/ERROR] (Minecraft) External chunk path /Users/magje/code/mods/jade-modded-entities/fabric/runs/client/saves/New World/region/c.-7.-8.mcc is not file
[21:00:45] [IO-Worker-1/WARN] (Minecraft) Chunk has both internal and external streams
[21:00:45] [IO-Worker-1/ERROR] (Minecraft) External chunk path /Users/magje/code/mods/jade-modded-entities/fabric/runs/client/saves/New World/region/c.-6.-8.mcc is not file
[21:00:45] [IO-Worker-1/WARN] (Minecraft) Chunk has both internal and external streams
[21:00:45] [IO-Worker-1/ERROR] (Minecraft) External chunk path /Users/magje/code/mods/jade-modded-entities/fabric/runs/client/saves/New World/region/c.-5.-8.mcc is not file
[21:00:45] [IO-Worker-3/WARN] (Minecraft) Chunk has both internal and external streams
[21:00:45] [IO-Worker-3/ERROR] (Minecraft) External chunk path /Users/magje/code/mods/jade-modded-entities/fabric/runs/client/saves/New World/region/c.-4.-8.mcc is not file
[21:00:45] [IO-Worker-1/WARN] (Minecraft) Chunk has both internal and external streams
[21:00:45] [IO-Worker-1/ERROR] (Minecraft) External chunk path /Users/magje/code/mods/jade-modded-entities/fabric/runs/client/saves/New World/region/c.-3.-8.mcc is not file
[21:00:45] [IO-Worker-3/ERROR] (Minecraft) Chunk [-23, -7] stream is truncated: expected 883194355 but read 4091
[21:00:45] [IO-Worker-3/WARN] (Minecraft) Chunk has both internal and external streams
[21:00:45] [IO-Worker-3/ERROR] (Minecraft) External chunk path /Users/magje/code/mods/jade-modded-entities/fabric/runs/client/saves/New World/region/c.-22.-7.mcc is not file
[21:00:45] [IO-Worker-3/ERROR] (Minecraft) Chunk [-21, -7] stream is truncated: expected 883194355 but read 4091
[21:00:45] [IO-Worker-3/ERROR] (Minecraft) Chunk [-20, -7] stream is truncated: expected 883194355 but read 4091
[21:00:45] [IO-Worker-1/WARN] (Minecraft) Chunk has both internal and external streams
[21:00:45] [IO-Worker-1/ERROR] (Minecraft) External chunk path /Users/magje/code/mods/jade-modded-entities/fabric/runs/client/saves/New World/region/c.-19.-7.mcc is not file
[21:00:45] [IO-Worker-3/ERROR] (Minecraft) Chunk [-18, -7] stream is truncated: expected 449985785 but read 4091
[21:00:45] [IO-Worker-1/ERROR] (Minecraft) Chunk [-17, -7] stream is truncated: expected 449985785 but read 4091
[21:00:45] [IO-Worker-3/ERROR] (Minecraft) Declared size -767755774 of chunk [-16, -7] is negative
[21:00:45] [IO-Worker-1/ERROR] (Minecraft) Declared size -1835633952 of chunk [-15, -7] is negative
[21:00:45] [IO-Worker-3/WARN] (Minecraft) Chunk has both internal and external streams
[21:00:45] [IO-Worker-3/ERROR] (Minecraft) External chunk path /Users/magje/code/mods/jade-modded-entities/fabric/runs/client/saves/New World/region/c.-14.-7.mcc is not file
[21:00:45] [IO-Worker-1/WARN] (Minecraft) Chunk has both internal and external streams
[21:00:45] [IO-Worker-1/ERROR] (Minecraft) External chunk path /Users/magje/code/mods/jade-modded-entities/fabric/runs/client/saves/New World/region/c.-13.-7.mcc is not file
[21:00:45] [IO-Worker-1/WARN] (Minecraft) Chunk has both internal and external streams
[21:00:45] [IO-Worker-1/ERROR] (Minecraft) External chunk path /Users/magje/code/mods/jade-modded-entities/fabric/runs/client/saves/New World/region/c.-12.-7.mcc is not file
[21:00:45] [IO-Worker-3/ERROR] (Minecraft) Declared size -679622881 of chunk [-11, -7] is negative
[21:00:45] [IO-Worker-1/ERROR] (Minecraft) Chunk [-10, -7] stream is truncated: expected 1298930888 but read 8187
[21:00:45] [IO-Worker-3/ERROR] (Minecraft) Declared size -1662165667 of chunk [-9, -7] is negative
[21:00:45] [IO-Worker-1/WARN] (Minecraft) Chunk has both internal and external streams
[21:00:45] [IO-Worker-1/ERROR] (Minecraft) External chunk path /Users/magje/code/mods/jade-modded-entities/fabric/runs/client/saves/New World/region/c.-8.-7.mcc is not file
[21:00:45] [IO-Worker-3/WARN] (Minecraft) Chunk has both internal and external streams
[21:00:45] [IO-Worker-3/ERROR] (Minecraft) External chunk path /Users/magje/code/mods/jade-modded-entities/fabric/runs/client/saves/New World/region/c.-7.-7.mcc is not file
[21:00:45] [IO-Worker-1/WARN] (Minecraft) Chunk has both internal and external streams
[21:00:45] [IO-Worker-1/ERROR] (Minecraft) External chunk path /Users/magje/code/mods/jade-modded-entities/fabric/runs/client/saves/New World/region/c.-6.-7.mcc is not file
[21:00:45] [IO-Worker-3/ERROR] (Minecraft) Chunk [-4, -7] stream is truncated: expected 1976037199 but read 8187
[21:00:45] [IO-Worker-1/ERROR] (Minecraft) Chunk [-1, -7] stream is truncated: expected 2023550300 but read 8187
[21:00:45] [IO-Worker-1/ERROR] (Minecraft) Chunk [-23, -6] stream is truncated: expected 883194355 but read 4091
[21:00:45] [IO-Worker-1/ERROR] (Minecraft) Chunk [-22, -6] stream is truncated: expected 883194355 but read 4091
[21:00:45] [IO-Worker-3/ERROR] (Minecraft) Chunk [-21, -6] stream is truncated: expected 883194355 but read 4091
[21:00:45] [IO-Worker-1/ERROR] (Minecraft) Chunk [-20, -6] stream is truncated: expected 883194355 but read 4091
[21:00:45] [IO-Worker-3/ERROR] (Minecraft) Chunk [-19, -6] stream is truncated: expected 883194355 but read 4091
[21:00:45] [IO-Worker-3/ERROR] (Minecraft) Chunk [-18, -6] stream is truncated: expected 883194355 but read 4091
[21:00:45] [IO-Worker-1/ERROR] (Minecraft) Chunk [-17, -6] stream is truncated: expected 449985785 but read 4091
[21:00:45] [IO-Worker-3/WARN] (Minecraft) Chunk has both internal and external streams
[21:00:45] [IO-Worker-3/ERROR] (Minecraft) External chunk path /Users/magje/code/mods/jade-modded-entities/fabric/runs/client/saves/New World/region/c.-16.-6.mcc is not file
[21:00:45] [IO-Worker-1/WARN] (Minecraft) Chunk has both internal and external streams
[21:00:45] [IO-Worker-1/ERROR] (Minecraft) External chunk path /Users/magje/code/mods/jade-modded-entities/fabric/runs/client/saves/New World/region/c.-15.-6.mcc is not file
[21:00:45] [IO-Worker-1/WARN] (Minecraft) Chunk has both internal and external streams
[21:00:45] [IO-Worker-1/ERROR] (Minecraft) External chunk path /Users/magje/code/mods/jade-modded-entities/fabric/runs/client/saves/New World/region/c.-14.-6.mcc is not file
[21:00:45] [IO-Worker-3/WARN] (Minecraft) Chunk has both internal and external streams
[21:00:45] [IO-Worker-3/ERROR] (Minecraft) External chunk path /Users/magje/code/mods/jade-modded-entities/fabric/runs/client/saves/New World/region/c.-13.-6.mcc is not file
[21:00:45] [IO-Worker-3/WARN] (Minecraft) Chunk has both internal and external streams
[21:00:45] [IO-Worker-3/ERROR] (Minecraft) External chunk path /Users/magje/code/mods/jade-modded-entities/fabric/runs/client/saves/New World/region/c.-12.-6.mcc is not file
[21:00:45] [IO-Worker-1/WARN] (Minecraft) Chunk has both internal and external streams
[21:00:45] [IO-Worker-1/ERROR] (Minecraft) External chunk path /Users/magje/code/mods/jade-modded-entities/fabric/runs/client/saves/New World/region/c.-11.-6.mcc is not file
[21:00:45] [IO-Worker-3/ERROR] (Minecraft) Chunk [-10, -6] stream is truncated: expected 1869355846 but read 8187
[21:00:45] [IO-Worker-1/WARN] (Minecraft) Chunk has both internal and external streams
[21:00:45] [IO-Worker-1/ERROR] (Minecraft) External chunk path /Users/magje/code/mods/jade-modded-entities/fabric/runs/client/saves/New World/region/c.-9.-6.mcc is not file
[21:00:45] [IO-Worker-3/WARN] (Minecraft) Chunk has both internal and external streams
[21:00:45] [IO-Worker-3/ERROR] (Minecraft) External chunk path /Users/magje/code/mods/jade-modded-entities/fabric/runs/client/saves/New World/region/c.-8.-6.mcc is not file
[21:00:45] [IO-Worker-3/WARN] (Minecraft) Chunk has both internal and external streams
[21:00:45] [IO-Worker-3/ERROR] (Minecraft) External chunk path /Users/magje/code/mods/jade-modded-entities/fabric/runs/client/saves/New World/region/c.-7.-6.mcc is not file
[21:00:45] [IO-Worker-1/WARN] (Minecraft) Chunk has both internal and external streams
[21:00:45] [IO-Worker-1/ERROR] (Minecraft) External chunk path /Users/magje/code/mods/jade-modded-entities/fabric/runs/client/saves/New World/region/c.-6.-6.mcc is not file
[21:00:45] [IO-Worker-1/WARN] (Minecraft) Chunk has both internal and external streams
[21:00:45] [IO-Worker-1/ERROR] (Minecraft) External chunk path /Users/magje/code/mods/jade-modded-entities/fabric/runs/client/saves/New World/region/c.-4.-6.mcc is not file
[21:00:45] [IO-Worker-3/WARN] (Minecraft) Chunk has both internal and external streams
[21:00:45] [IO-Worker-3/ERROR] (Minecraft) External chunk path /Users/magje/code/mods/jade-modded-entities/fabric/runs/client/saves/New World/region/c.-3.-6.mcc is not file
[21:00:45] [IO-Worker-1/WARN] (Minecraft) Chunk has both internal and external streams
[21:00:45] [IO-Worker-1/ERROR] (Minecraft) External chunk path /Users/magje/code/mods/jade-modded-entities/fabric/runs/client/saves/New World/region/c.-2.-6.mcc is not file
[21:00:45] [IO-Worker-3/ERROR] (Minecraft) Chunk [-1, -6] stream is truncated: expected 2023550300 but read 8187
[21:00:45] [IO-Worker-1/ERROR] (Minecraft) Chunk [-23, -5] stream is truncated: expected 883194355 but read 4091
[21:00:45] [IO-Worker-3/ERROR] (Minecraft) Chunk [-22, -5] stream is truncated: expected 883194355 but read 4091
[21:00:45] [IO-Worker-3/WARN] (Minecraft) Chunk has both internal and external streams
[21:00:45] [IO-Worker-3/ERROR] (Minecraft) External chunk path /Users/magje/code/mods/jade-modded-entities/fabric/runs/client/saves/New World/region/c.-21.-5.mcc is not file
[21:00:45] [IO-Worker-3/ERROR] (Minecraft) Chunk [-20, -5] stream is truncated: expected 268886206 but read 4091
[21:00:45] [IO-Worker-1/ERROR] (Minecraft) Chunk [-19, -5] stream is truncated: expected 883194355 but read 4091
[21:00:45] [IO-Worker-3/ERROR] (Minecraft) Chunk [-18, -5] stream is truncated: expected 883194355 but read 4091
[21:00:45] [IO-Worker-3/ERROR] (Minecraft) Chunk [-17, -5] stream is truncated: expected 449985785 but read 4091
[21:00:45] [IO-Worker-1/ERROR] (Minecraft) Declared size -767755774 of chunk [-16, -5] is negative
[21:00:45] [IO-Worker-3/ERROR] (Minecraft) Chunk [-15, -5] stream is truncated: expected 2027258661 but read 4091
[21:00:45] [IO-Worker-1/WARN] (Minecraft) Chunk has both internal and external streams
[21:00:45] [IO-Worker-1/ERROR] (Minecraft) External chunk path /Users/magje/code/mods/jade-modded-entities/fabric/runs/client/saves/New World/region/c.-14.-5.mcc is not file
[21:00:45] [IO-Worker-3/WARN] (Minecraft) Chunk has both internal and external streams
[21:00:45] [IO-Worker-3/ERROR] (Minecraft) External chunk path /Users/magje/code/mods/jade-modded-entities/fabric/runs/client/saves/New World/region/c.-13.-5.mcc is not file
[21:00:45] [IO-Worker-1/WARN] (Minecraft) Chunk has both internal and external streams
[21:00:45] [IO-Worker-1/ERROR] (Minecraft) External chunk path /Users/magje/code/mods/jade-modded-entities/fabric/runs/client/saves/New World/region/c.-12.-5.mcc is not file
[21:00:45] [IO-Worker-3/ERROR] (Minecraft) Chunk [-11, -5] stream is truncated: expected 1199490918 but read 8187
[21:00:45] [IO-Worker-1/ERROR] (Minecraft) Chunk [-10, -5] stream is truncated: expected 1567365974 but read 8187
[21:00:45] [IO-Worker-3/ERROR] (Minecraft) Chunk [-9, -5] stream is truncated: expected 1549626394 but read 8187
[21:00:45] [IO-Worker-1/WARN] (Minecraft) Chunk has both internal and external streams
[21:00:45] [IO-Worker-1/ERROR] (Minecraft) External chunk path /Users/magje/code/mods/jade-modded-entities/fabric/runs/client/saves/New World/region/c.-8.-5.mcc is not file
[21:00:45] [IO-Worker-3/WARN] (Minecraft) Chunk has both internal and external streams
[21:00:45] [IO-Worker-3/ERROR] (Minecraft) External chunk path /Users/magje/code/mods/jade-modded-entities/fabric/runs/client/saves/New World/region/c.-7.-5.mcc is not file
[21:00:45] [IO-Worker-1/WARN] (Minecraft) Chunk has both internal and external streams
[21:00:45] [IO-Worker-1/ERROR] (Minecraft) External chunk path /Users/magje/code/mods/jade-modded-entities/fabric/runs/client/saves/New World/region/c.-6.-5.mcc is not file
[21:00:45] [IO-Worker-1/ERROR] (Minecraft) Chunk [-2, -5] stream is truncated: expected 1433847790 but read 8187
[21:00:45] [IO-Worker-3/ERROR] (Minecraft) Chunk [-1, -5] stream is truncated: expected 2023550363 but read 8187
[21:00:45] [IO-Worker-1/ERROR] (Minecraft) Chunk [-23, -4] stream is truncated: expected 883194355 but read 4091
[21:00:45] [IO-Worker-3/ERROR] (Minecraft) Chunk [-22, -4] stream is truncated: expected 883194355 but read 4091
[21:00:45] [IO-Worker-1/ERROR] (Minecraft) Chunk [-21, -4] stream is truncated: expected 883194355 but read 4091
[21:00:45] [IO-Worker-3/ERROR] (Minecraft) Chunk [-20, -4] stream is truncated: expected 883194355 but read 4091
[21:00:45] [IO-Worker-1/ERROR] (Minecraft) Chunk [-19, -4] stream is truncated: expected 883194355 but read 4091
[21:00:45] [IO-Worker-3/ERROR] (Minecraft) Chunk [-18, -4] stream is truncated: expected 883194355 but read 4091
[21:00:45] [IO-Worker-1/ERROR] (Minecraft) Chunk [-17, -4] stream is truncated: expected 449985785 but read 4091
[21:00:45] [IO-Worker-3/ERROR] (Minecraft) Chunk [-16, -4] stream is truncated: expected 37128270 but read 4091
[21:00:45] [IO-Worker-1/ERROR] (Minecraft) Declared size -1283926653 of chunk [-15, -4] is negative
[21:00:45] [IO-Worker-3/ERROR] (Minecraft) Declared size -1570762770 of chunk [-14, -4] is negative
[21:00:45] [IO-Worker-1/WARN] (Minecraft) Chunk has both internal and external streams
[21:00:45] [IO-Worker-1/ERROR] (Minecraft) External chunk path /Users/magje/code/mods/jade-modded-entities/fabric/runs/client/saves/New World/region/c.-13.-4.mcc is not file
[21:00:45] [IO-Worker-3/ERROR] (Minecraft) Declared size -1478723894 of chunk [-12, -4] is negative
[21:00:45] [IO-Worker-1/WARN] (Minecraft) Chunk has both internal and external streams
[21:00:45] [IO-Worker-1/ERROR] (Minecraft) External chunk path /Users/magje/code/mods/jade-modded-entities/fabric/runs/client/saves/New World/region/c.-11.-4.mcc is not file
[21:00:45] [IO-Worker-3/WARN] (Minecraft) Chunk has both internal and external streams
[21:00:45] [IO-Worker-3/ERROR] (Minecraft) External chunk path /Users/magje/code/mods/jade-modded-entities/fabric/runs/client/saves/New World/region/c.-10.-4.mcc is not file
[21:00:45] [IO-Worker-1/WARN] (Minecraft) Chunk has both internal and external streams
[21:00:45] [IO-Worker-1/ERROR] (Minecraft) External chunk path /Users/magje/code/mods/jade-modded-entities/fabric/runs/client/saves/New World/region/c.-9.-4.mcc is not file
[21:00:45] [IO-Worker-3/WARN] (Minecraft) Chunk has both internal and external streams
[21:00:45] [IO-Worker-3/ERROR] (Minecraft) External chunk path /Users/magje/code/mods/jade-modded-entities/fabric/runs/client/saves/New World/region/c.-8.-4.mcc is not file
[21:00:45] [IO-Worker-1/WARN] (Minecraft) Chunk has both internal and external streams
[21:00:45] [IO-Worker-1/ERROR] (Minecraft) External chunk path /Users/magje/code/mods/jade-modded-entities/fabric/runs/client/saves/New World/region/c.-7.-4.mcc is not file
[21:00:45] [IO-Worker-3/ERROR] (Minecraft) Chunk [-6, -4] stream is truncated: expected 1443073 but read 8187
[21:00:45] [IO-Worker-3/ERROR] (Minecraft) Chunk [-1, -4] stream is truncated: expected 2023550363 but read 8187
[21:00:45] [IO-Worker-3/ERROR] (Minecraft) Chunk [-23, -3] stream is truncated: expected 883194355 but read 4091
[21:00:45] [IO-Worker-1/ERROR] (Minecraft) Chunk [-22, -3] stream is truncated: expected 883194355 but read 4091
[21:00:45] [IO-Worker-3/WARN] (Minecraft) Chunk has both internal and external streams
[21:00:45] [IO-Worker-3/ERROR] (Minecraft) External chunk path /Users/magje/code/mods/jade-modded-entities/fabric/runs/client/saves/New World/region/c.-21.-3.mcc is not file
[21:00:45] [IO-Worker-1/WARN] (Minecraft) Chunk has both internal and external streams
[21:00:45] [IO-Worker-1/ERROR] (Minecraft) External chunk path /Users/magje/code/mods/jade-modded-entities/fabric/runs/client/saves/New World/region/c.-20.-3.mcc is not file
[21:00:45] [IO-Worker-3/ERROR] (Minecraft) Chunk [-19, -3] stream is truncated: expected 90968134 but read 4091
[21:00:45] [IO-Worker-3/WARN] (Minecraft) Chunk has both internal and external streams
[21:00:45] [IO-Worker-3/ERROR] (Minecraft) External chunk path /Users/magje/code/mods/jade-modded-entities/fabric/runs/client/saves/New World/region/c.-18.-3.mcc is not file
[21:00:45] [IO-Worker-1/WARN] (Minecraft) Chunk has both internal and external streams
[21:00:45] [IO-Worker-1/ERROR] (Minecraft) External chunk path /Users/magje/code/mods/jade-modded-entities/fabric/runs/client/saves/New World/region/c.-17.-3.mcc is not file
[21:00:45] [IO-Worker-3/WARN] (Minecraft) Chunk has both internal and external streams
[21:00:45] [IO-Worker-3/ERROR] (Minecraft) External chunk path /Users/magje/code/mods/jade-modded-entities/fabric/runs/client/saves/New World/region/c.-16.-3.mcc is not file
[21:00:45] [IO-Worker-1/ERROR] (Minecraft) Declared size -880711711 of chunk [-15, -3] is negative
[21:00:45] [IO-Worker-1/ERROR] (Minecraft) Declared size -1331092348 of chunk [-14, -3] is negative
[21:00:45] [IO-Worker-3/ERROR] (Minecraft) Declared size -1820276696 of chunk [-13, -3] is negative
[21:00:45] [IO-Worker-1/WARN] (Minecraft) Chunk has both internal and external streams
[21:00:45] [IO-Worker-1/ERROR] (Minecraft) External chunk path /Users/magje/code/mods/jade-modded-entities/fabric/runs/client/saves/New World/region/c.-12.-3.mcc is not file
[21:00:45] [IO-Worker-3/WARN] (Minecraft) Chunk has both internal and external streams
[21:00:45] [IO-Worker-3/ERROR] (Minecraft) External chunk path /Users/magje/code/mods/jade-modded-entities/fabric/runs/client/saves/New World/region/c.-11.-3.mcc is not file
[21:00:45] [IO-Worker-1/ERROR] (Minecraft) Declared size -848356409 of chunk [-10, -3] is negative
[21:00:45] [IO-Worker-3/ERROR] (Minecraft) Chunk [-9, -3] stream is truncated: expected 1835817942 but read 8187
[21:00:45] [IO-Worker-1/WARN] (Minecraft) Chunk has both internal and external streams
[21:00:45] [IO-Worker-1/ERROR] (Minecraft) External chunk path /Users/magje/code/mods/jade-modded-entities/fabric/runs/client/saves/New World/region/c.-8.-3.mcc is not file
[21:00:45] [IO-Worker-3/WARN] (Minecraft) Chunk has both internal and external streams
[21:00:45] [IO-Worker-3/ERROR] (Minecraft) External chunk path /Users/magje/code/mods/jade-modded-entities/fabric/runs/client/saves/New World/region/c.-7.-3.mcc is not file
[21:00:45] [IO-Worker-1/WARN] (Minecraft) Chunk has both internal and external streams
[21:00:45] [IO-Worker-1/ERROR] (Minecraft) External chunk path /Users/magje/code/mods/jade-modded-entities/fabric/runs/client/saves/New World/region/c.-6.-3.mcc is not file
[21:00:45] [IO-Worker-3/ERROR] (Minecraft) Chunk [-5, -3] stream is truncated: expected 1527297 but read 8187
[21:00:45] [IO-Worker-3/ERROR] (Minecraft) Chunk [-3, -3] stream is truncated: expected 1269761 but read 8187
[21:00:45] [IO-Worker-1/ERROR] (Minecraft) Chunk [-2, -3] stream is truncated: expected 1372161 but read 8187
[21:00:45] [IO-Worker-3/WARN] (Minecraft) Chunk has both internal and external streams
[21:00:45] [IO-Worker-3/ERROR] (Minecraft) External chunk path /Users/magje/code/mods/jade-modded-entities/fabric/runs/client/saves/New World/region/c.-1.-3.mcc is not file
[21:00:45] [IO-Worker-3/WARN] (Minecraft) Chunk has both internal and external streams
[21:00:45] [IO-Worker-3/ERROR] (Minecraft) External chunk path /Users/magje/code/mods/jade-modded-entities/fabric/runs/client/saves/New World/region/c.-23.-2.mcc is not file
[21:00:45] [IO-Worker-1/WARN] (Minecraft) Chunk has both internal and external streams
[21:00:45] [IO-Worker-1/ERROR] (Minecraft) External chunk path /Users/magje/code/mods/jade-modded-entities/fabric/runs/client/saves/New World/region/c.-22.-2.mcc is not file
[21:00:45] [IO-Worker-3/ERROR] (Minecraft) Declared size -200971248 of chunk [-21, -2] is negative
[21:00:45] [IO-Worker-1/ERROR] (Minecraft) Chunk [-20, -2] stream is truncated: expected 273113354 but read 4091
[21:00:45] [IO-Worker-3/ERROR] (Minecraft) Declared size -1535511547 of chunk [-19, -2] is negative
[21:00:45] [IO-Worker-1/ERROR] (Minecraft) Declared size -1535511547 of chunk [-18, -2] is negative
[21:00:45] [IO-Worker-3/ERROR] (Minecraft) Declared size -767755774 of chunk [-17, -2] is negative
[21:00:45] [IO-Worker-3/WARN] (Minecraft) Chunk has both internal and external streams
[21:00:45] [IO-Worker-3/ERROR] (Minecraft) External chunk path /Users/magje/code/mods/jade-modded-entities/fabric/runs/client/saves/New World/region/c.-16.-2.mcc is not file
[21:00:45] [IO-Worker-1/ERROR] (Minecraft) Declared size -880711711 of chunk [-15, -2] is negative
[21:00:45] [IO-Worker-3/ERROR] (Minecraft) Chunk [-14, -2] stream is truncated: expected 2078258098 but read 8187
[21:00:45] [IO-Worker-3/ERROR] (Minecraft) Chunk [-13, -2] stream is truncated: expected 1905555767 but read 8187
[21:00:45] [IO-Worker-1/WARN] (Minecraft) Chunk has both internal and external streams
[21:00:45] [IO-Worker-1/ERROR] (Minecraft) External chunk path /Users/magje/code/mods/jade-modded-entities/fabric/runs/client/saves/New World/region/c.-12.-2.mcc is not file
[21:00:45] [IO-Worker-3/WARN] (Minecraft) Chunk has both internal and external streams
[21:00:45] [IO-Worker-3/ERROR] (Minecraft) External chunk path /Users/magje/code/mods/jade-modded-entities/fabric/runs/client/saves/New World/region/c.-11.-2.mcc is not file
[21:00:45] [IO-Worker-1/ERROR] (Minecraft) Chunk [-10, -2] stream is truncated: expected 1992797124 but read 8187
[21:00:45] [IO-Worker-3/ERROR] (Minecraft) Chunk [-9, -2] stream is truncated: expected 1535908822 but read 8187
[21:00:45] [IO-Worker-1/WARN] (Minecraft) Chunk has both internal and external streams
[21:00:45] [IO-Worker-1/ERROR] (Minecraft) External chunk path /Users/magje/code/mods/jade-modded-entities/fabric/runs/client/saves/New World/region/c.-7.-2.mcc is not file
[21:00:45] [IO-Worker-3/WARN] (Minecraft) Chunk has both internal and external streams
[21:00:45] [IO-Worker-3/ERROR] (Minecraft) External chunk path /Users/magje/code/mods/jade-modded-entities/fabric/runs/client/saves/New World/region/c.-6.-2.mcc is not file
[21:00:45] [IO-Worker-1/WARN] (Minecraft) Chunk has both internal and external streams
[21:00:45] [IO-Worker-1/ERROR] (Minecraft) External chunk path /Users/magje/code/mods/jade-modded-entities/fabric/runs/client/saves/New World/region/c.-5.-2.mcc is not file
[21:00:45] [IO-Worker-1/ERROR] (Minecraft) Chunk [-3, -2] stream is truncated: expected 1240065 but read 8187
[21:00:45] [IO-Worker-3/ERROR] (Minecraft) Chunk [-2, -2] stream is truncated: expected 1376257 but read 8187
[21:00:45] [IO-Worker-1/ERROR] (Minecraft) Chunk [-1, -2] stream is truncated: expected 2023550364 but read 8187
[21:00:45] [IO-Worker-1/ERROR] (Minecraft) Chunk [-23, -1] stream is truncated: expected 883186105 but read 4091
[21:00:45] [IO-Worker-3/ERROR] (Minecraft) Chunk [-22, -1] stream is truncated: expected 883186105 but read 4091
[21:00:45] [IO-Worker-1/WARN] (Minecraft) Chunk has both internal and external streams
[21:00:45] [IO-Worker-1/ERROR] (Minecraft) External chunk path /Users/magje/code/mods/jade-modded-entities/fabric/runs/client/saves/New World/region/c.-21.-1.mcc is not file
[21:00:45] [IO-Worker-3/ERROR] (Minecraft) Declared size -1537623551 of chunk [-20, -1] is negative
[21:00:45] [IO-Worker-1/ERROR] (Minecraft) Declared size -1552907005 of chunk [-19, -1] is negative
[21:00:45] [IO-Worker-1/WARN] (Minecraft) Chunk has both internal and external streams
[21:00:45] [IO-Worker-1/ERROR] (Minecraft) External chunk path /Users/magje/code/mods/jade-modded-entities/fabric/runs/client/saves/New World/region/c.-18.-1.mcc is not file
[21:00:45] [IO-Worker-3/WARN] (Minecraft) Chunk has both internal and external streams
[21:00:45] [IO-Worker-3/ERROR] (Minecraft) External chunk path /Users/magje/code/mods/jade-modded-entities/fabric/runs/client/saves/New World/region/c.-17.-1.mcc is not file
[21:00:45] [IO-Worker-1/WARN] (Minecraft) Chunk has both internal and external streams
[21:00:45] [IO-Worker-1/ERROR] (Minecraft) External chunk path /Users/magje/code/mods/jade-modded-entities/fabric/runs/client/saves/New World/region/c.-16.-1.mcc is not file
[21:00:45] [IO-Worker-3/ERROR] (Minecraft) Chunk [-15, -1] stream is truncated: expected 2014752367 but read 4091
[21:00:45] [IO-Worker-3/WARN] (Minecraft) Chunk has both internal and external streams
[21:00:45] [IO-Worker-3/ERROR] (Minecraft) External chunk path /Users/magje/code/mods/jade-modded-entities/fabric/runs/client/saves/New World/region/c.-14.-1.mcc is not file
[21:00:45] [IO-Worker-1/WARN] (Minecraft) Chunk has both internal and external streams
[21:00:45] [IO-Worker-1/ERROR] (Minecraft) External chunk path /Users/magje/code/mods/jade-modded-entities/fabric/runs/client/saves/New World/region/c.-13.-1.mcc is not file
[21:00:45] [IO-Worker-3/WARN] (Minecraft) Chunk has both internal and external streams
[21:00:45] [IO-Worker-3/ERROR] (Minecraft) External chunk path /Users/magje/code/mods/jade-modded-entities/fabric/runs/client/saves/New World/region/c.-12.-1.mcc is not file
[21:00:45] [IO-Worker-3/ERROR] (Minecraft) Chunk [-11, -1] stream is truncated: expected 1467399874 but read 8187
[21:00:45] [IO-Worker-1/WARN] (Minecraft) Chunk has both internal and external streams
[21:00:45] [IO-Worker-1/ERROR] (Minecraft) External chunk path /Users/magje/code/mods/jade-modded-entities/fabric/runs/client/saves/New World/region/c.-10.-1.mcc is not file
[21:00:45] [IO-Worker-1/WARN] (Minecraft) Chunk has both internal and external streams
[21:00:45] [IO-Worker-1/ERROR] (Minecraft) External chunk path /Users/magje/code/mods/jade-modded-entities/fabric/runs/client/saves/New World/region/c.-9.-1.mcc is not file
[21:00:45] [IO-Worker-3/ERROR] (Minecraft) Chunk [-8, -1] stream is truncated: expected 923137 but read 4091
[21:00:45] [IO-Worker-1/WARN] (Minecraft) Chunk has both internal and external streams
[21:00:45] [IO-Worker-1/ERROR] (Minecraft) External chunk path /Users/magje/code/mods/jade-modded-entities/fabric/runs/client/saves/New World/region/c.-7.-1.mcc is not file
[21:00:45] [IO-Worker-3/WARN] (Minecraft) Chunk has both internal and external streams
[21:00:45] [IO-Worker-3/ERROR] (Minecraft) External chunk path /Users/magje/code/mods/jade-modded-entities/fabric/runs/client/saves/New World/region/c.-6.-1.mcc is not file
[21:00:45] [IO-Worker-1/WARN] (Minecraft) Chunk has both internal and external streams
[21:00:45] [IO-Worker-1/ERROR] (Minecraft) External chunk path /Users/magje/code/mods/jade-modded-entities/fabric/runs/client/saves/New World/region/c.-5.-1.mcc is not file
[21:00:45] [IO-Worker-3/WARN] (Minecraft) Chunk has both internal and external streams
[21:00:45] [IO-Worker-3/ERROR] (Minecraft) External chunk path /Users/magje/code/mods/jade-modded-entities/fabric/runs/client/saves/New World/region/c.-4.-1.mcc is not file
[21:00:45] [IO-Worker-1/ERROR] (Minecraft) Chunk [-3, -1] stream is truncated: expected 1140993 but read 8187
[21:00:45] [IO-Worker-3/ERROR] (Minecraft) Chunk [-2, -1] stream is truncated: expected 1116929 but read 8187
[21:00:45] [IO-Worker-1/ERROR] (Minecraft) Chunk [-1, -1] stream is truncated: expected 2023550299 but read 8187
[21:00:45] [Server thread/INFO] (Minecraft) Preparing spawn area: 16%
[21:00:45] [IO-Worker-1/WARN] (Minecraft) Chunk has both internal and external streams
[21:00:45] [IO-Worker-1/ERROR] (Minecraft) External chunk path /Users/magje/code/mods/jade-modded-entities/fabric/runs/client/saves/New World/region/c.-23.0.mcc is not file
[21:00:45] [IO-Worker-1/WARN] (Minecraft) Chunk has both internal and external streams
[21:00:45] [IO-Worker-1/ERROR] (Minecraft) External chunk path /Users/magje/code/mods/jade-modded-entities/fabric/runs/client/saves/New World/region/c.-22.0.mcc is not file
[21:00:45] [IO-Worker-2/ERROR] (Minecraft) Chunk [-21, 0] stream is truncated: expected 248732089 but read 4091
[21:00:45] [IO-Worker-2/ERROR] (Minecraft) Chunk [-20, 0] stream is truncated: expected 248732089 but read 4091
[21:00:45] [IO-Worker-1/ERROR] (Minecraft) Chunk [-19, 0] stream is truncated: expected 248732089 but read 4091
[21:00:45] [IO-Worker-1/ERROR] (Minecraft) Chunk [-18, 0] stream is truncated: expected 248732089 but read 4091
[21:00:45] [IO-Worker-2/ERROR] (Minecraft) Chunk [-17, 0] stream is truncated: expected 248732089 but read 4091
[21:00:45] [IO-Worker-1/ERROR] (Minecraft) Chunk [-16, 0] stream is truncated: expected 248732089 but read 4091
[21:00:45] [IO-Worker-2/ERROR] (Minecraft) Chunk [-15, 0] stream is truncated: expected 1771466283 but read 4091
[21:00:45] [IO-Worker-1/ERROR] (Minecraft) Declared size -679760960 of chunk [-14, 0] is negative
[21:00:45] [IO-Worker-2/WARN] (Minecraft) Chunk has both internal and external streams
[21:00:45] [IO-Worker-2/ERROR] (Minecraft) External chunk path /Users/magje/code/mods/jade-modded-entities/fabric/runs/client/saves/New World/region/c.-13.0.mcc is not file
[21:00:45] [IO-Worker-1/WARN] (Minecraft) Chunk has both internal and external streams
[21:00:45] [IO-Worker-1/ERROR] (Minecraft) External chunk path /Users/magje/code/mods/jade-modded-entities/fabric/runs/client/saves/New World/region/c.-12.0.mcc is not file
[21:00:45] [IO-Worker-2/ERROR] (Minecraft) Chunk [-11, 0] stream is truncated: expected 1574924058 but read 8187
[21:00:45] [IO-Worker-1/ERROR] (Minecraft) Declared size -1662165665 of chunk [-10, 0] is negative
[21:00:45] [IO-Worker-2/WARN] (Minecraft) Chunk has both internal and external streams
[21:00:45] [IO-Worker-2/ERROR] (Minecraft) External chunk path /Users/magje/code/mods/jade-modded-entities/fabric/runs/client/saves/New World/region/c.-9.0.mcc is not file
[21:00:45] [IO-Worker-1/WARN] (Minecraft) Chunk has both internal and external streams
[21:00:45] [IO-Worker-1/ERROR] (Minecraft) External chunk path /Users/magje/code/mods/jade-modded-entities/fabric/runs/client/saves/New World/region/c.-8.0.mcc is not file
[21:00:45] [IO-Worker-2/ERROR] (Minecraft) Chunk [-7, 0] stream is truncated: expected 1298930630 but read 4091
[21:00:45] [IO-Worker-1/WARN] (Minecraft) Chunk has both internal and external streams
[21:00:45] [IO-Worker-1/ERROR] (Minecraft) External chunk path /Users/magje/code/mods/jade-modded-entities/fabric/runs/client/saves/New World/region/c.-6.0.mcc is not file
[21:00:45] [IO-Worker-2/ERROR] (Minecraft) Declared size -812704823 of chunk [-5, 0] is negative
[21:00:45] [IO-Worker-2/WARN] (Minecraft) Chunk has both internal and external streams
[21:00:45] [IO-Worker-2/ERROR] (Minecraft) External chunk path /Users/magje/code/mods/jade-modded-entities/fabric/runs/client/saves/New World/region/c.-3.0.mcc is not file
[21:00:45] [IO-Worker-1/WARN] (Minecraft) Chunk has both internal and external streams
[21:00:45] [IO-Worker-1/ERROR] (Minecraft) External chunk path /Users/magje/code/mods/jade-modded-entities/fabric/runs/client/saves/New World/region/c.-2.0.mcc is not file
[21:00:45] [IO-Worker-2/ERROR] (Minecraft) Chunk [-1, 0] stream is truncated: expected 2023550364 but read 8187
[21:00:45] [IO-Worker-1/ERROR] (Minecraft) Chunk [-23, 1] stream is truncated: expected 806356703 but read 4091
[21:00:45] [IO-Worker-2/ERROR] (Minecraft) Chunk [-22, 1] stream is truncated: expected 806356703 but read 4091
[21:00:45] [IO-Worker-1/ERROR] (Minecraft) Chunk [-21, 1] stream is truncated: expected 883194355 but read 4091
[21:00:45] [IO-Worker-2/ERROR] (Minecraft) Chunk [-20, 1] stream is truncated: expected 883194355 but read 4091
[21:00:45] [IO-Worker-1/ERROR] (Minecraft) Chunk [-19, 1] stream is truncated: expected 883194355 but read 4091
[21:00:45] [IO-Worker-2/ERROR] (Minecraft) Chunk [-18, 1] stream is truncated: expected 883194355 but read 4091
[21:00:45] [IO-Worker-1/ERROR] (Minecraft) Declared size -767755774 of chunk [-17, 1] is negative
[21:00:45] [IO-Worker-2/ERROR] (Minecraft) Chunk [-16, 1] stream is truncated: expected 449985785 but read 4091
[21:00:45] [IO-Worker-1/ERROR] (Minecraft) Declared size -532728668 of chunk [-15, 1] is negative
[21:00:45] [IO-Worker-2/ERROR] (Minecraft) Declared size -1356198556 of chunk [-14, 1] is negative
[21:00:45] [IO-Worker-1/ERROR] (Minecraft) Chunk [-13, 1] stream is truncated: expected 2010105997 but read 12283
[21:00:45] [IO-Worker-1/ERROR] (Minecraft) Declared size -308424845 of chunk [-11, 1] is negative
[21:00:45] [IO-Worker-2/ERROR] (Minecraft) Chunk [-10, 1] stream is truncated: expected 1565355034 but read 8187
[21:00:45] [IO-Worker-1/WARN] (Minecraft) Chunk has both internal and external streams
[21:00:45] [IO-Worker-1/ERROR] (Minecraft) External chunk path /Users/magje/code/mods/jade-modded-entities/fabric/runs/client/saves/New World/region/c.-9.1.mcc is not file
[21:00:45] [IO-Worker-2/ERROR] (Minecraft) Chunk [-8, 1] stream is truncated: expected 600274374 but read 8187
[21:00:45] [IO-Worker-1/WARN] (Minecraft) Chunk has both internal and external streams
[21:00:45] [IO-Worker-1/ERROR] (Minecraft) External chunk path /Users/magje/code/mods/jade-modded-entities/fabric/runs/client/saves/New World/region/c.-7.1.mcc is not file
[21:00:45] [IO-Worker-2/WARN] (Minecraft) Chunk has both internal and external streams
[21:00:45] [IO-Worker-2/ERROR] (Minecraft) External chunk path /Users/magje/code/mods/jade-modded-entities/fabric/runs/client/saves/New World/region/c.-6.1.mcc is not file
[21:00:45] [IO-Worker-1/WARN] (Minecraft) Chunk has both internal and external streams
[21:00:45] [IO-Worker-1/ERROR] (Minecraft) External chunk path /Users/magje/code/mods/jade-modded-entities/fabric/runs/client/saves/New World/region/c.-5.1.mcc is not file
[21:00:45] [IO-Worker-2/WARN] (Minecraft) Chunk has both internal and external streams
[21:00:45] [IO-Worker-2/ERROR] (Minecraft) External chunk path /Users/magje/code/mods/jade-modded-entities/fabric/runs/client/saves/New World/region/c.-4.1.mcc is not file
[21:00:45] [IO-Worker-1/WARN] (Minecraft) Chunk has both internal and external streams
[21:00:45] [IO-Worker-1/ERROR] (Minecraft) External chunk path /Users/magje/code/mods/jade-modded-entities/fabric/runs/client/saves/New World/region/c.-3.1.mcc is not file
[21:00:45] [IO-Worker-2/WARN] (Minecraft) Chunk has both internal and external streams
[21:00:45] [IO-Worker-2/ERROR] (Minecraft) External chunk path /Users/magje/code/mods/jade-modded-entities/fabric/runs/client/saves/New World/region/c.-2.1.mcc is not file
[21:00:45] [IO-Worker-1/WARN] (Minecraft) Chunk has both internal and external streams
[21:00:45] [IO-Worker-1/ERROR] (Minecraft) External chunk path /Users/magje/code/mods/jade-modded-entities/fabric/runs/client/saves/New World/region/c.-1.1.mcc is not file
[21:00:45] [IO-Worker-1/ERROR] (Minecraft) Chunk [-23, 2] stream is truncated: expected 268886206 but read 4091
[21:00:45] [IO-Worker-2/WARN] (Minecraft) Chunk has both internal and external streams
[21:00:45] [IO-Worker-2/ERROR] (Minecraft) External chunk path /Users/magje/code/mods/jade-modded-entities/fabric/runs/client/saves/New World/region/c.-22.2.mcc is not file
[21:00:45] [IO-Worker-1/ERROR] (Minecraft) Chunk [-21, 2] stream is truncated: expected 1833497575 but read 4091
[21:00:45] [IO-Worker-2/WARN] (Minecraft) Chunk has both internal and external streams
[21:00:45] [IO-Worker-2/ERROR] (Minecraft) External chunk path /Users/magje/code/mods/jade-modded-entities/fabric/runs/client/saves/New World/region/c.-20.2.mcc is not file
[21:00:45] [IO-Worker-1/ERROR] (Minecraft) Chunk [-19, 2] stream is truncated: expected 1833497575 but read 4091
[21:00:45] [IO-Worker-2/ERROR] (Minecraft) Chunk [-18, 2] stream is truncated: expected 1833497575 but read 4091
[21:00:45] [IO-Worker-1/ERROR] (Minecraft) Chunk [-17, 2] stream is truncated: expected 916748787 but read 4091
[21:00:45] [IO-Worker-2/ERROR] (Minecraft) Chunk [-16, 2] stream is truncated: expected 916748787 but read 4091
[21:00:45] [IO-Worker-1/ERROR] (Minecraft) Chunk [-15, 2] stream is truncated: expected 1833481075 but read 4091
[21:00:45] [IO-Worker-2/WARN] (Minecraft) Chunk has both internal and external streams
[21:00:45] [IO-Worker-2/ERROR] (Minecraft) External chunk path /Users/magje/code/mods/jade-modded-entities/fabric/runs/client/saves/New World/region/c.-14.2.mcc is not file
[21:00:45] [IO-Worker-1/ERROR] (Minecraft) Declared size -290788813 of chunk [-13, 2] is negative
[21:00:45] [IO-Worker-2/WARN] (Minecraft) Chunk has both internal and external streams
[21:00:45] [IO-Worker-2/ERROR] (Minecraft) External chunk path /Users/magje/code/mods/jade-modded-entities/fabric/runs/client/saves/New World/region/c.-12.2.mcc is not file
[21:00:45] [IO-Worker-1/ERROR] (Minecraft) Chunk [-11, 2] stream is truncated: expected 1332484950 but read 8187
[21:00:45] [IO-Worker-2/WARN] (Minecraft) Chunk has both internal and external streams
[21:00:45] [IO-Worker-2/ERROR] (Minecraft) External chunk path /Users/magje/code/mods/jade-modded-entities/fabric/runs/client/saves/New World/region/c.-10.2.mcc is not file
[21:00:45] [IO-Worker-1/ERROR] (Minecraft) Chunk [-9, 2] stream is truncated: expected 2023550300 but read 8187
[21:00:45] [IO-Worker-2/WARN] (Minecraft) Chunk has both internal and external streams
[21:00:45] [IO-Worker-2/ERROR] (Minecraft) External chunk path /Users/magje/code/mods/jade-modded-entities/fabric/runs/client/saves/New World/region/c.-8.2.mcc is not file
[21:00:45] [IO-Worker-1/ERROR] (Minecraft) Chunk [-7, 2] stream is truncated: expected 2023550364 but read 8187
[21:00:45] [IO-Worker-2/WARN] (Minecraft) Chunk has both internal and external streams
[21:00:45] [IO-Worker-2/ERROR] (Minecraft) External chunk path /Users/magje/code/mods/jade-modded-entities/fabric/runs/client/saves/New World/region/c.-6.2.mcc is not file
[21:00:45] [IO-Worker-1/WARN] (Minecraft) Chunk has both internal and external streams
[21:00:45] [IO-Worker-1/ERROR] (Minecraft) External chunk path /Users/magje/code/mods/jade-modded-entities/fabric/runs/client/saves/New World/region/c.-5.2.mcc is not file
[21:00:45] [IO-Worker-2/WARN] (Minecraft) Chunk has both internal and external streams
[21:00:45] [IO-Worker-2/ERROR] (Minecraft) External chunk path /Users/magje/code/mods/jade-modded-entities/fabric/runs/client/saves/New World/region/c.-3.2.mcc is not file
[21:00:45] [IO-Worker-2/WARN] (Minecraft) Chunk has both internal and external streams
[21:00:45] [IO-Worker-2/ERROR] (Minecraft) External chunk path /Users/magje/code/mods/jade-modded-entities/fabric/runs/client/saves/New World/region/c.-2.2.mcc is not file
[21:00:45] [IO-Worker-1/WARN] (Minecraft) Chunk has both internal and external streams
[21:00:45] [IO-Worker-1/ERROR] (Minecraft) External chunk path /Users/magje/code/mods/jade-modded-entities/fabric/runs/client/saves/New World/region/c.-1.2.mcc is not file
[21:00:45] [IO-Worker-2/WARN] (Minecraft) Chunk has both internal and external streams
[21:00:45] [IO-Worker-2/ERROR] (Minecraft) External chunk path /Users/magje/code/mods/jade-modded-entities/fabric/runs/client/saves/New World/region/c.-23.3.mcc is not file
[21:00:45] [IO-Worker-1/WARN] (Minecraft) Chunk has both internal and external streams
[21:00:45] [IO-Worker-1/ERROR] (Minecraft) External chunk path /Users/magje/code/mods/jade-modded-entities/fabric/runs/client/saves/New World/region/c.-22.3.mcc is not file
[21:00:45] [IO-Worker-1/ERROR] (Minecraft) Chunk [-21, 3] stream is truncated: expected 614758899 but read 4091
[21:00:45] [IO-Worker-2/ERROR] (Minecraft) Chunk [-20, 3] stream is truncated: expected 614758899 but read 4091
[21:00:45] [IO-Worker-1/ERROR] (Minecraft) Chunk [-19, 3] stream is truncated: expected 268886206 but read 4091
[21:00:45] [IO-Worker-1/ERROR] (Minecraft) Chunk [-18, 3] stream is truncated: expected 614758899 but read 4091
[21:00:45] [IO-Worker-2/ERROR] (Minecraft) Chunk [-17, 3] stream is truncated: expected 315768057 but read 4091
[21:00:45] [IO-Worker-2/ERROR] (Minecraft) Chunk [-16, 3] stream is truncated: expected 315768057 but read 4091
[21:00:45] [IO-Worker-1/WARN] (Minecraft) Chunk has both internal and external streams
[21:00:45] [IO-Worker-1/ERROR] (Minecraft) External chunk path /Users/magje/code/mods/jade-modded-entities/fabric/runs/client/saves/New World/region/c.-15.3.mcc is not file
[21:00:45] [IO-Worker-1/WARN] (Minecraft) Chunk has both internal and external streams
[21:00:45] [IO-Worker-1/ERROR] (Minecraft) External chunk path /Users/magje/code/mods/jade-modded-entities/fabric/runs/client/saves/New World/region/c.-14.3.mcc is not file
[21:00:45] [IO-Worker-1/ERROR] (Minecraft) Declared size -1650872973 of chunk [-13, 3] is negative
[21:00:45] [IO-Worker-2/WARN] (Minecraft) Chunk has both internal and external streams
[21:00:45] [IO-Worker-2/ERROR] (Minecraft) External chunk path /Users/magje/code/mods/jade-modded-entities/fabric/runs/client/saves/New World/region/c.-12.3.mcc is not file
[21:00:45] [IO-Worker-1/ERROR] (Minecraft) Chunk [-11, 3] stream is truncated: expected 2023550364 but read 8187
[21:00:45] [IO-Worker-2/WARN] (Minecraft) Chunk has both internal and external streams
[21:00:45] [IO-Worker-2/ERROR] (Minecraft) External chunk path /Users/magje/code/mods/jade-modded-entities/fabric/runs/client/saves/New World/region/c.-10.3.mcc is not file
[21:00:45] [IO-Worker-1/ERROR] (Minecraft) Chunk [-9, 3] stream is truncated: expected 2023550364 but read 8187
[21:00:45] [IO-Worker-1/WARN] (Minecraft) Chunk has both internal and external streams
[21:00:45] [IO-Worker-1/ERROR] (Minecraft) External chunk path /Users/magje/code/mods/jade-modded-entities/fabric/runs/client/saves/New World/region/c.-8.3.mcc is not file
[21:00:45] [IO-Worker-2/WARN] (Minecraft) Chunk has both internal and external streams
[21:00:45] [IO-Worker-2/ERROR] (Minecraft) External chunk path /Users/magje/code/mods/jade-modded-entities/fabric/runs/client/saves/New World/region/c.-7.3.mcc is not file
[21:00:45] [IO-Worker-1/WARN] (Minecraft) Chunk has both internal and external streams
[21:00:45] [IO-Worker-1/ERROR] (Minecraft) External chunk path /Users/magje/code/mods/jade-modded-entities/fabric/runs/client/saves/New World/region/c.-6.3.mcc is not file
[21:00:45] [IO-Worker-2/WARN] (Minecraft) Chunk has both internal and external streams
[21:00:45] [IO-Worker-2/ERROR] (Minecraft) External chunk path /Users/magje/code/mods/jade-modded-entities/fabric/runs/client/saves/New World/region/c.-5.3.mcc is not file
[21:00:45] [IO-Worker-2/WARN] (Minecraft) Chunk has both internal and external streams
[21:00:45] [IO-Worker-2/ERROR] (Minecraft) External chunk path /Users/magje/code/mods/jade-modded-entities/fabric/runs/client/saves/New World/region/c.-3.3.mcc is not file
[21:00:45] [IO-Worker-1/WARN] (Minecraft) Chunk has both internal and external streams
[21:00:45] [IO-Worker-1/ERROR] (Minecraft) External chunk path /Users/magje/code/mods/jade-modded-entities/fabric/runs/client/saves/New World/region/c.-2.3.mcc is not file
[21:00:45] [IO-Worker-2/ERROR] (Minecraft) Chunk [-1, 3] stream is truncated: expected 2023550364 but read 4091
[21:00:45] [IO-Worker-2/ERROR] (Minecraft) Chunk [-23, 4] stream is truncated: expected 806618575 but read 4091
[21:00:45] [IO-Worker-1/ERROR] (Minecraft) Chunk [-22, 4] stream is truncated: expected 806618575 but read 4091
[21:00:45] [IO-Worker-2/WARN] (Minecraft) Chunk has both internal and external streams
[21:00:45] [IO-Worker-2/ERROR] (Minecraft) External chunk path /Users/magje/code/mods/jade-modded-entities/fabric/runs/client/saves/New World/region/c.-21.4.mcc is not file
[21:00:45] [IO-Worker-1/WARN] (Minecraft) Chunk has both internal and external streams
[21:00:45] [IO-Worker-1/ERROR] (Minecraft) External chunk path /Users/magje/code/mods/jade-modded-entities/fabric/runs/client/saves/New World/region/c.-20.4.mcc is not file
[21:00:45] [IO-Worker-1/WARN] (Minecraft) Chunk has both internal and external streams
[21:00:45] [IO-Worker-1/ERROR] (Minecraft) External chunk path /Users/magje/code/mods/jade-modded-entities/fabric/runs/client/saves/New World/region/c.-19.4.mcc is not file
[21:00:45] [IO-Worker-2/WARN] (Minecraft) Chunk has both internal and external streams
[21:00:45] [IO-Worker-2/ERROR] (Minecraft) External chunk path /Users/magje/code/mods/jade-modded-entities/fabric/runs/client/saves/New World/region/c.-18.4.mcc is not file
[21:00:45] [IO-Worker-2/WARN] (Minecraft) Chunk has both internal and external streams
[21:00:45] [IO-Worker-2/ERROR] (Minecraft) External chunk path /Users/magje/code/mods/jade-modded-entities/fabric/runs/client/saves/New World/region/c.-17.4.mcc is not file
[21:00:45] [IO-Worker-1/WARN] (Minecraft) Chunk has both internal and external streams
[21:00:45] [IO-Worker-1/ERROR] (Minecraft) External chunk path /Users/magje/code/mods/jade-modded-entities/fabric/runs/client/saves/New World/region/c.-16.4.mcc is not file
[21:00:45] [IO-Worker-1/WARN] (Minecraft) Chunk has both internal and external streams
[21:00:45] [IO-Worker-1/ERROR] (Minecraft) External chunk path /Users/magje/code/mods/jade-modded-entities/fabric/runs/client/saves/New World/region/c.-15.4.mcc is not file
[21:00:45] [IO-Worker-1/ERROR] (Minecraft) Declared size -296821347 of chunk [-14, 4] is negative
[21:00:45] [IO-Worker-1/ERROR] (Minecraft) Chunk [-13, 4] stream is truncated: expected 758362930 but read 12283
[21:00:45] [IO-Worker-2/WARN] (Minecraft) Chunk has both internal and external streams
[21:00:45] [IO-Worker-2/ERROR] (Minecraft) External chunk path /Users/magje/code/mods/jade-modded-entities/fabric/runs/client/saves/New World/region/c.-12.4.mcc is not file
[21:00:45] [IO-Worker-1/WARN] (Minecraft) Failed to bulk scan chunk [-11, 4]
java.io.IOException: Invalid tag id: 16
	at knot//net.minecraft.nbt.TagType$1.createException(TagType.java:54)
	at knot//net.minecraft.nbt.TagType$1.skip(TagType.java:74)
	at knot//net.minecraft.nbt.CompoundTag$1.skip(CompoundTag.java:167)
	at knot//net.minecraft.nbt.TagType$VariableSize.skip(TagType.java:46)
	at knot//net.minecraft.nbt.ListTag$1.skip(ListTag.java:121)
	at knot//net.minecraft.nbt.CompoundTag$1.skip(CompoundTag.java:167)
	at knot//net.minecraft.nbt.CompoundTag$1.skip(CompoundTag.java:167)
	at knot//net.minecraft.nbt.TagType$VariableSize.skip(TagType.java:46)
	at knot//net.minecraft.nbt.ListTag$1.skip(ListTag.java:121)
	at knot//net.minecraft.nbt.CompoundTag$1.parseCompound(CompoundTag.java:118)
	at knot//net.minecraft.nbt.CompoundTag$1.parse(CompoundTag.java:94)
	at knot//net.minecraft.nbt.NbtIo.parse(NbtIo.java:140)
	at knot//net.minecraft.world.level.chunk.storage.RegionFileStorage.scanChunk(RegionFileStorage.java:67)
	at knot//net.minecraft.world.level.chunk.storage.IOWorker.method_39801(IOWorker.java:233)
	at knot//net.minecraft.world.level.chunk.storage.IOWorker.method_64027(IOWorker.java:247)
	at knot//net.minecraft.util.thread.PriorityConsecutiveExecutor.method_63600(PriorityConsecutiveExecutor.java:22)
	at knot//net.minecraft.util.thread.StrictQueue$RunnableWithPriority.run(StrictQueue.java:50)
	at knot//net.minecraft.util.Util.runNamed(Util.java:297)
	at knot//net.minecraft.util.thread.AbstractConsecutiveExecutor.pollTask(AbstractConsecutiveExecutor.java:50)
	at knot//net.minecraft.util.thread.AbstractConsecutiveExecutor.run(AbstractConsecutiveExecutor.java:62)
	at java.base/java.util.concurrent.ThreadPoolExecutor.runWorker(ThreadPoolExecutor.java:1144)
	at java.base/java.util.concurrent.ThreadPoolExecutor$Worker.run(ThreadPoolExecutor.java:642)
	at java.base/java.lang.Thread.run(Thread.java:1583)
[21:00:45] [Worker-Main-11/WARN] (Minecraft) Failed to scan chunk [-11, 4]
java.util.concurrent.CompletionException: java.io.IOException: Invalid tag id: 16
	at java.base/java.util.concurrent.CompletableFuture.reportJoin(CompletableFuture.java:413)
	at java.base/java.util.concurrent.CompletableFuture.join(CompletableFuture.java:2118)
	at knot//net.minecraft.world.level.chunk.storage.IOWorker.method_42331(IOWorker.java:148)
	at knot//net.minecraft.world.level.ChunkPos$2.tryAdvance(ChunkPos.java:263)
	at java.base/java.util.Spliterator.forEachRemaining(Spliterator.java:332)
	at java.base/java.util.stream.ReferencePipeline$Head.forEach(ReferencePipeline.java:762)
	at knot//net.minecraft.world.level.chunk.storage.IOWorker.method_42334(IOWorker.java:141)
	at java.base/java.util.concurrent.CompletableFuture$AsyncSupply.run$$$capture(CompletableFuture.java:1768)
	at java.base/java.util.concurrent.CompletableFuture$AsyncSupply.run(CompletableFuture.java)
	at java.base/java.util.concurrent.CompletableFuture$AsyncSupply.exec(CompletableFuture.java:1760)
	at java.base/java.util.concurrent.ForkJoinTask.doExec$$$capture(ForkJoinTask.java:387)
	at java.base/java.util.concurrent.ForkJoinTask.doExec(ForkJoinTask.java)
	at java.base/java.util.concurrent.ForkJoinPool$WorkQueue.topLevelExec(ForkJoinPool.java:1312)
	at java.base/java.util.concurrent.ForkJoinPool.scan(ForkJoinPool.java:1843)
	at java.base/java.util.concurrent.ForkJoinPool.runWorker(ForkJoinPool.java:1808)
	at java.base/java.util.concurrent.ForkJoinWorkerThread.run(ForkJoinWorkerThread.java:188)
Caused by: java.io.IOException: Invalid tag id: 16
	at knot//net.minecraft.nbt.TagType$1.createException(TagType.java:54)
	at knot//net.minecraft.nbt.TagType$1.skip(TagType.java:74)
	at knot//net.minecraft.nbt.CompoundTag$1.skip(CompoundTag.java:167)
	at knot//net.minecraft.nbt.TagType$VariableSize.skip(TagType.java:46)
	at knot//net.minecraft.nbt.ListTag$1.skip(ListTag.java:121)
	at knot//net.minecraft.nbt.CompoundTag$1.skip(CompoundTag.java:167)
	at knot//net.minecraft.nbt.CompoundTag$1.skip(CompoundTag.java:167)
	at knot//net.minecraft.nbt.TagType$VariableSize.skip(TagType.java:46)
	at knot//net.minecraft.nbt.ListTag$1.skip(ListTag.java:121)
	at knot//net.minecraft.nbt.CompoundTag$1.parseCompound(CompoundTag.java:118)
	at knot//net.minecraft.nbt.CompoundTag$1.parse(CompoundTag.java:94)
	at knot//net.minecraft.nbt.NbtIo.parse(NbtIo.java:140)
	at knot//net.minecraft.world.level.chunk.storage.RegionFileStorage.scanChunk(RegionFileStorage.java:67)
	at knot//net.minecraft.world.level.chunk.storage.IOWorker.method_39801(IOWorker.java:233)
	at knot//net.minecraft.world.level.chunk.storage.IOWorker.method_64027(IOWorker.java:247)
	at knot//net.minecraft.util.thread.PriorityConsecutiveExecutor.method_63600(PriorityConsecutiveExecutor.java:22)
	at knot//net.minecraft.util.thread.StrictQueue$RunnableWithPriority.run(StrictQueue.java:50)
	at knot//net.minecraft.util.Util.runNamed(Util.java:297)
	at knot//net.minecraft.util.thread.AbstractConsecutiveExecutor.pollTask(AbstractConsecutiveExecutor.java:50)
	at knot//net.minecraft.util.thread.AbstractConsecutiveExecutor.run(AbstractConsecutiveExecutor.java:62)
	at java.base/java.util.concurrent.ThreadPoolExecutor.runWorker(ThreadPoolExecutor.java:1144)
	at java.base/java.util.concurrent.ThreadPoolExecutor$Worker.run(ThreadPoolExecutor.java:642)
	at java.base/java.lang.Thread.run(Thread.java:1583)
[21:00:45] [IO-Worker-3/WARN] (Minecraft) Chunk has both internal and external streams
[21:00:45] [IO-Worker-3/ERROR] (Minecraft) External chunk path /Users/magje/code/mods/jade-modded-entities/fabric/runs/client/saves/New World/region/c.-10.4.mcc is not file
[21:00:45] [IO-Worker-1/ERROR] (Minecraft) Chunk [-9, 4] stream is truncated: expected 2023550300 but read 8187
[21:00:45] [IO-Worker-3/WARN] (Minecraft) Chunk has both internal and external streams
[21:00:45] [IO-Worker-3/ERROR] (Minecraft) External chunk path /Users/magje/code/mods/jade-modded-entities/fabric/runs/client/saves/New World/region/c.-8.4.mcc is not file
[21:00:45] [IO-Worker-1/WARN] (Minecraft) Chunk has both internal and external streams
[21:00:45] [IO-Worker-1/ERROR] (Minecraft) External chunk path /Users/magje/code/mods/jade-modded-entities/fabric/runs/client/saves/New World/region/c.-7.4.mcc is not file
[21:00:45] [IO-Worker-3/WARN] (Minecraft) Chunk has both internal and external streams
[21:00:45] [IO-Worker-3/ERROR] (Minecraft) External chunk path /Users/magje/code/mods/jade-modded-entities/fabric/runs/client/saves/New World/region/c.-6.4.mcc is not file
[21:00:45] [IO-Worker-1/ERROR] (Minecraft) Chunk [-5, 4] stream is truncated: expected 1088513 but read 8187
[21:00:45] [IO-Worker-3/ERROR] (Minecraft) Chunk [-4, 4] stream is truncated: expected 1298930630 but read 8187
[21:00:45] [IO-Worker-1/WARN] (Minecraft) Chunk has both internal and external streams
[21:00:45] [IO-Worker-1/ERROR] (Minecraft) External chunk path /Users/magje/code/mods/jade-modded-entities/fabric/runs/client/saves/New World/region/c.-3.4.mcc is not file
[21:00:45] [IO-Worker-3/WARN] (Minecraft) Chunk has both internal and external streams
[21:00:45] [IO-Worker-3/ERROR] (Minecraft) External chunk path /Users/magje/code/mods/jade-modded-entities/fabric/runs/client/saves/New World/region/c.-2.4.mcc is not file
[21:00:45] [IO-Worker-1/ERROR] (Minecraft) Chunk [-1, 4] stream is truncated: expected 2023550299 but read 8187
[21:00:45] [IO-Worker-3/WARN] (Minecraft) Chunk has both internal and external streams
[21:00:45] [IO-Worker-3/ERROR] (Minecraft) External chunk path /Users/magje/code/mods/jade-modded-entities/fabric/runs/client/saves/New World/region/c.-23.5.mcc is not file
[21:00:45] [IO-Worker-3/WARN] (Minecraft) Chunk has both internal and external streams
[21:00:45] [IO-Worker-3/ERROR] (Minecraft) External chunk path /Users/magje/code/mods/jade-modded-entities/fabric/runs/client/saves/New World/region/c.-22.5.mcc is not file
[21:00:45] [IO-Worker-1/ERROR] (Minecraft) Chunk [-21, 5] stream is truncated: expected 877523943 but read 4091
[21:00:45] [IO-Worker-3/ERROR] (Minecraft) Chunk [-20, 5] stream is truncated: expected 877523943 but read 4091
[21:00:45] [IO-Worker-1/ERROR] (Minecraft) Chunk [-19, 5] stream is truncated: expected 877523943 but read 4091
[21:00:45] [IO-Worker-3/ERROR] (Minecraft) Chunk [-18, 5] stream is truncated: expected 877523943 but read 4091
[21:00:45] [IO-Worker-1/ERROR] (Minecraft) Declared size -1700365836 of chunk [-17, 5] is negative
[21:00:45] [IO-Worker-3/ERROR] (Minecraft) Declared size -1700365836 of chunk [-16, 5] is negative
[21:00:45] [IO-Worker-1/WARN] (Minecraft) Chunk has both internal and external streams
[21:00:45] [IO-Worker-1/ERROR] (Minecraft) External chunk path /Users/magje/code/mods/jade-modded-entities/fabric/runs/client/saves/New World/region/c.-15.5.mcc is not file
[21:00:45] [IO-Worker-3/ERROR] (Minecraft) Declared size -1183319363 of chunk [-14, 5] is negative
[21:00:45] [IO-Worker-1/WARN] (Minecraft) Chunk has both internal and external streams
[21:00:45] [IO-Worker-1/ERROR] (Minecraft) External chunk path /Users/magje/code/mods/jade-modded-entities/fabric/runs/client/saves/New World/region/c.-13.5.mcc is not file
[21:00:45] [IO-Worker-3/ERROR] (Minecraft) Chunk [-12, 5] stream is truncated: expected 1397737892 but read 12283
[21:00:45] [IO-Worker-1/ERROR] (Minecraft) Declared size -814801977 of chunk [-11, 5] is negative
[21:00:45] [IO-Worker-3/WARN] (Minecraft) Chunk has both internal and external streams
[21:00:45] [IO-Worker-3/ERROR] (Minecraft) External chunk path /Users/magje/code/mods/jade-modded-entities/fabric/runs/client/saves/New World/region/c.-10.5.mcc is not file
[21:00:45] [IO-Worker-1/ERROR] (Minecraft) Chunk [-9, 5] stream is truncated: expected 2023550299 but read 8187
[21:00:45] [IO-Worker-3/WARN] (Minecraft) Chunk has both internal and external streams
[21:00:45] [IO-Worker-3/ERROR] (Minecraft) External chunk path /Users/magje/code/mods/jade-modded-entities/fabric/runs/client/saves/New World/region/c.-8.5.mcc is not file
[21:00:45] [IO-Worker-1/WARN] (Minecraft) Chunk has both internal and external streams
[21:00:45] [IO-Worker-1/ERROR] (Minecraft) External chunk path /Users/magje/code/mods/jade-modded-entities/fabric/runs/client/saves/New World/region/c.-7.5.mcc is not file
[21:00:45] [IO-Worker-3/WARN] (Minecraft) Chunk has both internal and external streams
[21:00:45] [IO-Worker-3/ERROR] (Minecraft) External chunk path /Users/magje/code/mods/jade-modded-entities/fabric/runs/client/saves/New World/region/c.-6.5.mcc is not file
[21:00:45] [IO-Worker-1/WARN] (Minecraft) Chunk has both internal and external streams
[21:00:45] [IO-Worker-1/ERROR] (Minecraft) External chunk path /Users/magje/code/mods/jade-modded-entities/fabric/runs/client/saves/New World/region/c.-5.5.mcc is not file
[21:00:45] [IO-Worker-3/ERROR] (Minecraft) Declared size -1662149297 of chunk [-4, 5] is negative
[21:00:45] [IO-Worker-3/WARN] (Minecraft) Chunk has both internal and external streams
[21:00:45] [IO-Worker-3/ERROR] (Minecraft) External chunk path /Users/magje/code/mods/jade-modded-entities/fabric/runs/client/saves/New World/region/c.-2.5.mcc is not file
[21:00:45] [IO-Worker-1/WARN] (Minecraft) Chunk has both internal and external streams
[21:00:45] [IO-Worker-1/ERROR] (Minecraft) External chunk path /Users/magje/code/mods/jade-modded-entities/fabric/runs/client/saves/New World/region/c.-23.6.mcc is not file
[21:00:45] [IO-Worker-3/WARN] (Minecraft) Chunk has both internal and external streams
[21:00:45] [IO-Worker-3/ERROR] (Minecraft) External chunk path /Users/magje/code/mods/jade-modded-entities/fabric/runs/client/saves/New World/region/c.-22.6.mcc is not file
[21:00:45] [IO-Worker-1/ERROR] (Minecraft) Chunk [-21, 6] stream is truncated: expected 883186105 but read 4091
[21:00:45] [IO-Worker-3/ERROR] (Minecraft) Chunk [-20, 6] stream is truncated: expected 883186105 but read 4091
[21:00:45] [IO-Worker-1/ERROR] (Minecraft) Declared size -1537623551 of chunk [-19, 6] is negative
[21:00:45] [IO-Worker-3/ERROR] (Minecraft) Chunk [-18, 6] stream is truncated: expected 883186105 but read 4091
[21:00:45] [IO-Worker-1/ERROR] (Minecraft) Chunk [-17, 6] stream is truncated: expected 883186105 but read 4091
[21:00:45] [IO-Worker-3/ERROR] (Minecraft) Chunk [-16, 6] stream is truncated: expected 883186105 but read 4091
[21:00:45] [IO-Worker-1/ERROR] (Minecraft) Chunk [-15, 6] stream is truncated: expected 883186105 but read 4091
[21:00:45] [IO-Worker-3/WARN] (Minecraft) Chunk has both internal and external streams
[21:00:45] [IO-Worker-3/ERROR] (Minecraft) External chunk path /Users/magje/code/mods/jade-modded-entities/fabric/runs/client/saves/New World/region/c.-14.6.mcc is not file
[21:00:45] [IO-Worker-1/WARN] (Minecraft) Chunk has both internal and external streams
[21:00:45] [IO-Worker-1/ERROR] (Minecraft) External chunk path /Users/magje/code/mods/jade-modded-entities/fabric/runs/client/saves/New World/region/c.-13.6.mcc is not file
[21:00:45] [IO-Worker-3/WARN] (Minecraft) Chunk has both internal and external streams
[21:00:45] [IO-Worker-3/ERROR] (Minecraft) External chunk path /Users/magje/code/mods/jade-modded-entities/fabric/runs/client/saves/New World/region/c.-12.6.mcc is not file
[21:00:45] [IO-Worker-1/ERROR] (Minecraft) Declared size -814801977 of chunk [-11, 6] is negative
[21:00:45] [IO-Worker-3/ERROR] (Minecraft) Chunk [-10, 6] stream is truncated: expected 1549626394 but read 8187
[21:00:45] [IO-Worker-1/ERROR] (Minecraft) Chunk [-9, 6] stream is truncated: expected 2023550300 but read 8187
[21:00:45] [IO-Worker-3/ERROR] (Minecraft) Chunk [-8, 6] stream is truncated: expected 41458924 but read 8187
[21:00:45] [IO-Worker-1/WARN] (Minecraft) Chunk has both internal and external streams
[21:00:45] [IO-Worker-1/ERROR] (Minecraft) External chunk path /Users/magje/code/mods/jade-modded-entities/fabric/runs/client/saves/New World/region/c.-7.6.mcc is not file
[21:00:45] [IO-Worker-3/WARN] (Minecraft) Chunk has both internal and external streams
[21:00:45] [IO-Worker-3/ERROR] (Minecraft) External chunk path /Users/magje/code/mods/jade-modded-entities/fabric/runs/client/saves/New World/region/c.-6.6.mcc is not file
[21:00:45] [IO-Worker-1/WARN] (Minecraft) Chunk has both internal and external streams
[21:00:45] [IO-Worker-1/ERROR] (Minecraft) External chunk path /Users/magje/code/mods/jade-modded-entities/fabric/runs/client/saves/New World/region/c.-5.6.mcc is not file
[21:00:45] [IO-Worker-1/ERROR] (Minecraft) Chunk [-3, 6] stream is truncated: expected 1035777 but read 4091
[21:00:45] [IO-Worker-3/ERROR] (Minecraft) Chunk [-2, 6] stream is truncated: expected 1042177 but read 4091
[21:00:45] [IO-Worker-1/ERROR] (Minecraft) Chunk [-1, 6] stream is truncated: expected 866049 but read 4091
[21:00:45] [IO-Worker-1/WARN] (Minecraft) Chunk has both internal and external streams
[21:00:45] [IO-Worker-1/ERROR] (Minecraft) External chunk path /Users/magje/code/mods/jade-modded-entities/fabric/runs/client/saves/New World/region/c.-23.7.mcc is not file
[21:00:45] [IO-Worker-3/WARN] (Minecraft) Chunk has both internal and external streams
[21:00:45] [IO-Worker-3/ERROR] (Minecraft) External chunk path /Users/magje/code/mods/jade-modded-entities/fabric/runs/client/saves/New World/region/c.-22.7.mcc is not file
[21:00:45] [IO-Worker-1/ERROR] (Minecraft) Chunk [-21, 7] stream is truncated: expected 883186105 but read 4091
[21:00:45] [IO-Worker-3/ERROR] (Minecraft) Chunk [-20, 7] stream is truncated: expected 883186105 but read 4091
[21:00:45] [IO-Worker-1/ERROR] (Minecraft) Chunk [-19, 7] stream is truncated: expected 883186105 but read 4091
[21:00:45] [IO-Worker-1/ERROR] (Minecraft) Chunk [-18, 7] stream is truncated: expected 883186105 but read 4091
[21:00:45] [IO-Worker-3/ERROR] (Minecraft) Chunk [-17, 7] stream is truncated: expected 883186105 but read 4091
[21:00:45] [IO-Worker-1/ERROR] (Minecraft) Chunk [-16, 7] stream is truncated: expected 883186105 but read 4091
[21:00:45] [IO-Worker-3/WARN] (Minecraft) Chunk has both internal and external streams
[21:00:45] [IO-Worker-3/ERROR] (Minecraft) External chunk path /Users/magje/code/mods/jade-modded-entities/fabric/runs/client/saves/New World/region/c.-15.7.mcc is not file
[21:00:45] [IO-Worker-1/WARN] (Minecraft) Chunk has both internal and external streams
[21:00:45] [IO-Worker-1/ERROR] (Minecraft) External chunk path /Users/magje/code/mods/jade-modded-entities/fabric/runs/client/saves/New World/region/c.-14.7.mcc is not file
[21:00:45] [IO-Worker-3/WARN] (Minecraft) Chunk has both internal and external streams
[21:00:45] [IO-Worker-3/ERROR] (Minecraft) External chunk path /Users/magje/code/mods/jade-modded-entities/fabric/runs/client/saves/New World/region/c.-13.7.mcc is not file
[21:00:45] [IO-Worker-1/ERROR] (Minecraft) Declared size -172729498 of chunk [-12, 7] is negative
[21:00:45] [IO-Worker-3/ERROR] (Minecraft) Chunk [-11, 7] stream is truncated: expected 1332484950 but read 8187
[21:00:45] [IO-Worker-1/WARN] (Minecraft) Chunk has both internal and external streams
[21:00:45] [IO-Worker-1/ERROR] (Minecraft) External chunk path /Users/magje/code/mods/jade-modded-entities/fabric/runs/client/saves/New World/region/c.-10.7.mcc is not file
[21:00:45] [IO-Worker-1/ERROR] (Minecraft) Chunk [-9, 7] stream is truncated: expected 2023550300 but read 8187
[21:00:45] [IO-Worker-1/ERROR] (Minecraft) Chunk [-8, 7] stream is truncated: expected 41458924 but read 8187
[21:00:45] [IO-Worker-1/WARN] (Minecraft) Chunk has both internal and external streams
[21:00:45] [IO-Worker-1/ERROR] (Minecraft) External chunk path /Users/magje/code/mods/jade-modded-entities/fabric/runs/client/saves/New World/region/c.-7.7.mcc is not file
[21:00:45] [IO-Worker-1/WARN] (Minecraft) Chunk has both internal and external streams
[21:00:45] [IO-Worker-1/ERROR] (Minecraft) External chunk path /Users/magje/code/mods/jade-modded-entities/fabric/runs/client/saves/New World/region/c.-6.7.mcc is not file
[21:00:45] [IO-Worker-1/WARN] (Minecraft) Chunk has both internal and external streams
[21:00:45] [IO-Worker-1/ERROR] (Minecraft) External chunk path /Users/magje/code/mods/jade-modded-entities/fabric/runs/client/saves/New World/region/c.-5.7.mcc is not file
[21:00:45] [IO-Worker-1/ERROR] (Minecraft) Chunk [-4, 7] stream is truncated: expected 928769 but read 4091
[21:00:45] [IO-Worker-3/ERROR] (Minecraft) Chunk [-3, 7] stream is truncated: expected 888065 but read 4091
[21:00:45] [IO-Worker-1/ERROR] (Minecraft) Chunk [-2, 7] stream is truncated: expected 799233 but read 4091
[21:00:45] [IO-Worker-3/ERROR] (Minecraft) Chunk [-1, 7] stream is truncated: expected 957185 but read 4091
[21:00:45] [IO-Worker-1/WARN] (Minecraft) Chunk has both internal and external streams
[21:00:45] [IO-Worker-1/ERROR] (Minecraft) External chunk path /Users/magje/code/mods/jade-modded-entities/fabric/runs/client/saves/New World/region/c.-23.8.mcc is not file
[21:00:45] [IO-Worker-3/WARN] (Minecraft) Chunk has both internal and external streams
[21:00:45] [IO-Worker-3/ERROR] (Minecraft) External chunk path /Users/magje/code/mods/jade-modded-entities/fabric/runs/client/saves/New World/region/c.-22.8.mcc is not file
[21:00:45] [IO-Worker-1/ERROR] (Minecraft) Chunk [-21, 8] stream is truncated: expected 883186105 but read 4091
[21:00:45] [IO-Worker-3/ERROR] (Minecraft) Chunk [-20, 8] stream is truncated: expected 883186105 but read 4091
[21:00:45] [IO-Worker-1/WARN] (Minecraft) Chunk has both internal and external streams
[21:00:45] [IO-Worker-1/ERROR] (Minecraft) External chunk path /Users/magje/code/mods/jade-modded-entities/fabric/runs/client/saves/New World/region/c.-19.8.mcc is not file
[21:00:45] [IO-Worker-3/ERROR] (Minecraft) Chunk [-18, 8] stream is truncated: expected 883186105 but read 4091
[21:00:45] [IO-Worker-1/ERROR] (Minecraft) Chunk [-17, 8] stream is truncated: expected 883186105 but read 4091
[21:00:45] [IO-Worker-3/ERROR] (Minecraft) Chunk [-16, 8] stream is truncated: expected 883186105 but read 4091
[21:00:45] [IO-Worker-1/WARN] (Minecraft) Chunk has both internal and external streams
[21:00:45] [IO-Worker-1/ERROR] (Minecraft) External chunk path /Users/magje/code/mods/jade-modded-entities/fabric/runs/client/saves/New World/region/c.-15.8.mcc is not file
[21:00:45] [IO-Worker-3/ERROR] (Minecraft) Declared size -360022737 of chunk [-14, 8] is negative
[21:00:45] [IO-Worker-1/WARN] (Minecraft) Chunk has both internal and external streams
[21:00:45] [IO-Worker-1/ERROR] (Minecraft) External chunk path /Users/magje/code/mods/jade-modded-entities/fabric/runs/client/saves/New World/region/c.-13.8.mcc is not file
[21:00:45] [IO-Worker-1/ERROR] (Minecraft) Chunk [-12, 8] stream is truncated: expected 1004250973 but read 12283
[21:00:45] [IO-Worker-1/ERROR] (Minecraft) Chunk [-11, 8] stream is truncated: expected 1566403674 but read 8187
[21:00:45] [IO-Worker-3/WARN] (Minecraft) Chunk has both internal and external streams
[21:00:45] [IO-Worker-3/ERROR] (Minecraft) External chunk path /Users/magje/code/mods/jade-modded-entities/fabric/runs/client/saves/New World/region/c.-10.8.mcc is not file
[21:00:45] [IO-Worker-1/ERROR] (Minecraft) Chunk [-9, 8] stream is truncated: expected 2023550300 but read 8187
[21:00:45] [IO-Worker-1/ERROR] (Minecraft) Chunk [-8, 8] stream is truncated: expected 41458924 but read 8187
[21:00:45] [IO-Worker-1/WARN] (Minecraft) Chunk has both internal and external streams
[21:00:45] [IO-Worker-1/ERROR] (Minecraft) External chunk path /Users/magje/code/mods/jade-modded-entities/fabric/runs/client/saves/New World/region/c.-7.8.mcc is not file
[21:00:45] [IO-Worker-1/WARN] (Minecraft) Chunk has both internal and external streams
[21:00:45] [IO-Worker-1/ERROR] (Minecraft) External chunk path /Users/magje/code/mods/jade-modded-entities/fabric/runs/client/saves/New World/region/c.-6.8.mcc is not file
[21:00:45] [IO-Worker-1/WARN] (Minecraft) Chunk has both internal and external streams
[21:00:45] [IO-Worker-1/ERROR] (Minecraft) External chunk path /Users/magje/code/mods/jade-modded-entities/fabric/runs/client/saves/New World/region/c.-5.8.mcc is not file
[21:00:45] [IO-Worker-1/WARN] (Minecraft) Chunk has both internal and external streams
[21:00:45] [IO-Worker-1/ERROR] (Minecraft) External chunk path /Users/magje/code/mods/jade-modded-entities/fabric/runs/client/saves/New World/region/c.-4.8.mcc is not file
[21:00:45] [IO-Worker-3/WARN] (Minecraft) Chunk has both internal and external streams
[21:00:45] [IO-Worker-3/ERROR] (Minecraft) External chunk path /Users/magje/code/mods/jade-modded-entities/fabric/runs/client/saves/New World/region/c.-3.8.mcc is not file
[21:00:45] [IO-Worker-1/WARN] (Minecraft) Chunk has both internal and external streams
[21:00:45] [IO-Worker-1/ERROR] (Minecraft) External chunk path /Users/magje/code/mods/jade-modded-entities/fabric/runs/client/saves/New World/region/c.-2.8.mcc is not file
[21:00:45] [IO-Worker-3/WARN] (Minecraft) Chunk has both internal and external streams
[21:00:45] [IO-Worker-3/ERROR] (Minecraft) External chunk path /Users/magje/code/mods/jade-modded-entities/fabric/runs/client/saves/New World/region/c.-1.8.mcc is not file
[21:00:45] [IO-Worker-3/WARN] (Minecraft) Chunk has both internal and external streams
[21:00:45] [IO-Worker-3/ERROR] (Minecraft) External chunk path /Users/magje/code/mods/jade-modded-entities/fabric/runs/client/saves/New World/region/c.-23.9.mcc is not file
[21:00:45] [IO-Worker-1/WARN] (Minecraft) Chunk has both internal and external streams
[21:00:45] [IO-Worker-1/ERROR] (Minecraft) External chunk path /Users/magje/code/mods/jade-modded-entities/fabric/runs/client/saves/New World/region/c.-22.9.mcc is not file
[21:00:45] [IO-Worker-3/ERROR] (Minecraft) Chunk [-21, 9] stream is truncated: expected 883186105 but read 4091
[21:00:45] [IO-Worker-1/ERROR] (Minecraft) Chunk [-20, 9] stream is truncated: expected 883186105 but read 4091
[21:00:45] [IO-Worker-3/ERROR] (Minecraft) Chunk [-19, 9] stream is truncated: expected 883186105 but read 4091
[21:00:45] [IO-Worker-1/ERROR] (Minecraft) Chunk [-18, 9] stream is truncated: expected 883186105 but read 4091
[21:00:45] [IO-Worker-3/ERROR] (Minecraft) Chunk [-17, 9] stream is truncated: expected 883186105 but read 4091
[21:00:45] [IO-Worker-1/ERROR] (Minecraft) Chunk [-16, 9] stream is truncated: expected 883186105 but read 4091
[21:00:45] [IO-Worker-3/ERROR] (Minecraft) Declared size -1448792603 of chunk [-15, 9] is negative
[21:00:45] [IO-Worker-1/ERROR] (Minecraft) Declared size -739297262 of chunk [-14, 9] is negative
[21:00:45] [IO-Worker-1/ERROR] (Minecraft) Declared size -1717718373 of chunk [-13, 9] is negative
[21:00:45] [IO-Worker-3/ERROR] (Minecraft) Chunk [-12, 9] stream is truncated: expected 340130814 but read 16379
[21:00:45] [IO-Worker-1/WARN] (Minecraft) Chunk has both internal and external streams
[21:00:45] [IO-Worker-1/ERROR] (Minecraft) External chunk path /Users/magje/code/mods/jade-modded-entities/fabric/runs/client/saves/New World/region/c.-11.9.mcc is not file
[21:00:45] [IO-Worker-3/WARN] (Minecraft) Chunk has both internal and external streams
[21:00:45] [IO-Worker-3/ERROR] (Minecraft) External chunk path /Users/magje/code/mods/jade-modded-entities/fabric/runs/client/saves/New World/region/c.-10.9.mcc is not file
[21:00:45] [IO-Worker-1/ERROR] (Minecraft) Chunk [-9, 9] stream is truncated: expected 2023550300 but read 8187
[21:00:45] [IO-Worker-3/ERROR] (Minecraft) Chunk [-8, 9] stream is truncated: expected 41458924 but read 8187
[21:00:45] [IO-Worker-1/WARN] (Minecraft) Chunk has both internal and external streams
[21:00:45] [IO-Worker-1/ERROR] (Minecraft) External chunk path /Users/magje/code/mods/jade-modded-entities/fabric/runs/client/saves/New World/region/c.-7.9.mcc is not file
[21:00:45] [IO-Worker-3/WARN] (Minecraft) Chunk has both internal and external streams
[21:00:45] [IO-Worker-3/ERROR] (Minecraft) External chunk path /Users/magje/code/mods/jade-modded-entities/fabric/runs/client/saves/New World/region/c.-6.9.mcc is not file
[21:00:45] [IO-Worker-1/WARN] (Minecraft) Chunk has both internal and external streams
[21:00:45] [IO-Worker-1/ERROR] (Minecraft) External chunk path /Users/magje/code/mods/jade-modded-entities/fabric/runs/client/saves/New World/region/c.-5.9.mcc is not file
[21:00:45] [IO-Worker-1/WARN] (Minecraft) Chunk has both internal and external streams
[21:00:45] [IO-Worker-1/ERROR] (Minecraft) External chunk path /Users/magje/code/mods/jade-modded-entities/fabric/runs/client/saves/New World/region/c.-4.9.mcc is not file
[21:00:45] [IO-Worker-1/WARN] (Minecraft) Chunk has both internal and external streams
[21:00:45] [IO-Worker-1/ERROR] (Minecraft) External chunk path /Users/magje/code/mods/jade-modded-entities/fabric/runs/client/saves/New World/region/c.-3.9.mcc is not file
[21:00:45] [IO-Worker-1/WARN] (Minecraft) Chunk has both internal and external streams
[21:00:45] [IO-Worker-1/ERROR] (Minecraft) External chunk path /Users/magje/code/mods/jade-modded-entities/fabric/runs/client/saves/New World/region/c.-2.9.mcc is not file
[21:00:45] [IO-Worker-1/ERROR] (Minecraft) Chunk [-1, 9] stream is truncated: expected 41458924 but read 4091
[21:00:45] [IO-Worker-3/WARN] (Minecraft) Chunk has both internal and external streams
[21:00:45] [IO-Worker-3/ERROR] (Minecraft) External chunk path /Users/magje/code/mods/jade-modded-entities/fabric/runs/client/saves/New World/region/c.-23.10.mcc is not file
[21:00:45] [IO-Worker-1/ERROR] (Minecraft) Chunk [-22, 10] stream is truncated: expected 268886206 but read 4091
[21:00:45] [IO-Worker-3/ERROR] (Minecraft) Chunk [-21, 10] stream is truncated: expected 883198418 but read 4091
[21:00:45] [IO-Worker-1/ERROR] (Minecraft) Chunk [-20, 10] stream is truncated: expected 883198418 but read 4091
[21:00:45] [IO-Worker-3/ERROR] (Minecraft) Chunk [-19, 10] stream is truncated: expected 883198418 but read 4091
[21:00:45] [IO-Worker-1/ERROR] (Minecraft) Chunk [-18, 10] stream is truncated: expected 883198418 but read 4091
[21:00:45] [IO-Worker-3/ERROR] (Minecraft) Chunk [-17, 10] stream is truncated: expected 450020584 but read 4091
[21:00:45] [IO-Worker-1/ERROR] (Minecraft) Chunk [-16, 10] stream is truncated: expected 450020584 but read 4091
[21:00:45] [IO-Worker-3/ERROR] (Minecraft) Declared size -1448792603 of chunk [-15, 10] is negative
[21:00:45] [IO-Worker-1/WARN] (Minecraft) Chunk has both internal and external streams
[21:00:45] [IO-Worker-1/ERROR] (Minecraft) External chunk path /Users/magje/code/mods/jade-modded-entities/fabric/runs/client/saves/New World/region/c.-14.10.mcc is not file
[21:00:45] [IO-Worker-3/WARN] (Minecraft) Chunk has both internal and external streams
[21:00:45] [IO-Worker-3/ERROR] (Minecraft) External chunk path /Users/magje/code/mods/jade-modded-entities/fabric/runs/client/saves/New World/region/c.-13.10.mcc is not file
[21:00:45] [IO-Worker-1/ERROR] (Minecraft) Chunk [-12, 10] stream is truncated: expected 1413873310 but read 12283
[21:00:45] [IO-Worker-3/WARN] (Minecraft) Chunk has both internal and external streams
[21:00:45] [IO-Worker-3/ERROR] (Minecraft) External chunk path /Users/magje/code/mods/jade-modded-entities/fabric/runs/client/saves/New World/region/c.-11.10.mcc is not file
[21:00:45] [IO-Worker-1/ERROR] (Minecraft) Declared size -312640148 of chunk [-10, 10] is negative
[21:00:45] [IO-Worker-3/ERROR] (Minecraft) Chunk [-9, 10] stream is truncated: expected 2023550300 but read 8187
[21:00:45] [IO-Worker-1/WARN] (Minecraft) Chunk has both internal and external streams
[21:00:45] [IO-Worker-1/ERROR] (Minecraft) External chunk path /Users/magje/code/mods/jade-modded-entities/fabric/runs/client/saves/New World/region/c.-8.10.mcc is not file
[21:00:45] [IO-Worker-3/WARN] (Minecraft) Chunk has both internal and external streams
[21:00:45] [IO-Worker-3/ERROR] (Minecraft) External chunk path /Users/magje/code/mods/jade-modded-entities/fabric/runs/client/saves/New World/region/c.-7.10.mcc is not file
[21:00:45] [IO-Worker-1/WARN] (Minecraft) Chunk has both internal and external streams
[21:00:45] [IO-Worker-1/ERROR] (Minecraft) External chunk path /Users/magje/code/mods/jade-modded-entities/fabric/runs/client/saves/New World/region/c.-6.10.mcc is not file
[21:00:45] [IO-Worker-3/WARN] (Minecraft) Chunk has both internal and external streams
[21:00:45] [IO-Worker-3/ERROR] (Minecraft) External chunk path /Users/magje/code/mods/jade-modded-entities/fabric/runs/client/saves/New World/region/c.-5.10.mcc is not file
[21:00:45] [IO-Worker-1/WARN] (Minecraft) Chunk has both internal and external streams
[21:00:45] [IO-Worker-1/ERROR] (Minecraft) External chunk path /Users/magje/code/mods/jade-modded-entities/fabric/runs/client/saves/New World/region/c.-4.10.mcc is not file
[21:00:45] [IO-Worker-3/WARN] (Minecraft) Chunk has both internal and external streams
[21:00:45] [IO-Worker-3/ERROR] (Minecraft) External chunk path /Users/magje/code/mods/jade-modded-entities/fabric/runs/client/saves/New World/region/c.-3.10.mcc is not file
[21:00:45] [IO-Worker-1/WARN] (Minecraft) Chunk has both internal and external streams
[21:00:45] [IO-Worker-1/ERROR] (Minecraft) External chunk path /Users/magje/code/mods/jade-modded-entities/fabric/runs/client/saves/New World/region/c.-2.10.mcc is not file
[21:00:45] [IO-Worker-3/WARN] (Minecraft) Chunk has both internal and external streams
[21:00:45] [IO-Worker-3/ERROR] (Minecraft) External chunk path /Users/magje/code/mods/jade-modded-entities/fabric/runs/client/saves/New World/region/c.-1.10.mcc is not file
[21:00:45] [IO-Worker-3/WARN] (Minecraft) Chunk has both internal and external streams
[21:00:45] [IO-Worker-3/ERROR] (Minecraft) External chunk path /Users/magje/code/mods/jade-modded-entities/fabric/runs/client/saves/New World/region/c.-23.11.mcc is not file
[21:00:45] [IO-Worker-1/ERROR] (Minecraft) Chunk [-22, 11] stream is truncated: expected 268886206 but read 4091
[21:00:45] [IO-Worker-3/ERROR] (Minecraft) Chunk [-21, 11] stream is truncated: expected 883186105 but read 4091
[21:00:45] [IO-Worker-1/ERROR] (Minecraft) Chunk [-20, 11] stream is truncated: expected 883186105 but read 4091
[21:00:45] [IO-Worker-3/ERROR] (Minecraft) Chunk [-19, 11] stream is truncated: expected 883186105 but read 4091
[21:00:45] [IO-Worker-1/ERROR] (Minecraft) Chunk [-18, 11] stream is truncated: expected 883186105 but read 4091
[21:00:45] [IO-Worker-3/ERROR] (Minecraft) Chunk [-17, 11] stream is truncated: expected 1697213876 but read 4091
[21:00:45] [IO-Worker-1/ERROR] (Minecraft) Chunk [-16, 11] stream is truncated: expected 883186105 but read 4091
[21:00:45] [IO-Worker-3/ERROR] (Minecraft) Declared size -1445974210 of chunk [-15, 11] is negative
[21:00:45] [IO-Worker-1/WARN] (Minecraft) Chunk has both internal and external streams
[21:00:45] [IO-Worker-1/ERROR] (Minecraft) External chunk path /Users/magje/code/mods/jade-modded-entities/fabric/runs/client/saves/New World/region/c.-14.11.mcc is not file
[21:00:45] [IO-Worker-3/WARN] (Minecraft) Chunk has both internal and external streams
[21:00:45] [IO-Worker-3/ERROR] (Minecraft) External chunk path /Users/magje/code/mods/jade-modded-entities/fabric/runs/client/saves/New World/region/c.-13.11.mcc is not file
[21:00:45] [IO-Worker-1/WARN] (Minecraft) Chunk has both internal and external streams
[21:00:45] [IO-Worker-1/ERROR] (Minecraft) External chunk path /Users/magje/code/mods/jade-modded-entities/fabric/runs/client/saves/New World/region/c.-12.11.mcc is not file
[21:00:45] [IO-Worker-3/WARN] (Minecraft) Chunk has both internal and external streams
[21:00:45] [IO-Worker-3/ERROR] (Minecraft) External chunk path /Users/magje/code/mods/jade-modded-entities/fabric/runs/client/saves/New World/region/c.-11.11.mcc is not file
[21:00:45] [IO-Worker-1/WARN] (Minecraft) Chunk has both internal and external streams
[21:00:45] [IO-Worker-1/ERROR] (Minecraft) External chunk path /Users/magje/code/mods/jade-modded-entities/fabric/runs/client/saves/New World/region/c.-10.11.mcc is not file
[21:00:45] [IO-Worker-3/ERROR] (Minecraft) Declared size -979802123 of chunk [-9, 11] is negative
[21:00:45] [IO-Worker-1/WARN] (Minecraft) Chunk has both internal and external streams
[21:00:45] [IO-Worker-1/ERROR] (Minecraft) External chunk path /Users/magje/code/mods/jade-modded-entities/fabric/runs/client/saves/New World/region/c.-8.11.mcc is not file
[21:00:45] [IO-Worker-3/ERROR] (Minecraft) Chunk [-7, 11] stream is truncated: expected 41458924 but read 8187
[21:00:45] [IO-Worker-1/ERROR] (Minecraft) Chunk [-6, 11] stream is truncated: expected 41458924 but read 8187
[21:00:45] [IO-Worker-3/WARN] (Minecraft) Chunk has both internal and external streams
[21:00:45] [IO-Worker-3/ERROR] (Minecraft) External chunk path /Users/magje/code/mods/jade-modded-entities/fabric/runs/client/saves/New World/region/c.-5.11.mcc is not file
[21:00:45] [IO-Worker-1/ERROR] (Minecraft) Chunk [-4, 11] stream is truncated: expected 2023550300 but read 8187
[21:00:45] [IO-Worker-3/ERROR] (Minecraft) Chunk [-3, 11] stream is truncated: expected 2023550300 but read 8187
[21:00:45] [IO-Worker-1/ERROR] (Minecraft) Chunk [-2, 11] stream is truncated: expected 2023550364 but read 8187
[21:00:45] [IO-Worker-3/ERROR] (Minecraft) Chunk [-1, 11] stream is truncated: expected 2023550300 but read 4091
[21:00:45] [IO-Worker-1/WARN] (Minecraft) Chunk has both internal and external streams
[21:00:45] [IO-Worker-1/ERROR] (Minecraft) External chunk path /Users/magje/code/mods/jade-modded-entities/fabric/runs/client/saves/New World/region/c.-23.12.mcc is not file
[21:00:45] [IO-Worker-3/WARN] (Minecraft) Chunk has both internal and external streams
[21:00:45] [IO-Worker-3/ERROR] (Minecraft) External chunk path /Users/magje/code/mods/jade-modded-entities/fabric/runs/client/saves/New World/region/c.-22.12.mcc is not file
[21:00:45] [IO-Worker-1/ERROR] (Minecraft) Declared size -1535511295 of chunk [-21, 12] is negative
[21:00:45] [IO-Worker-3/ERROR] (Minecraft) Declared size -1535511295 of chunk [-20, 12] is negative
[21:00:45] [IO-Worker-1/ERROR] (Minecraft) Chunk [-19, 12] stream is truncated: expected 883194356 but read 4091
[21:00:45] [IO-Worker-3/ERROR] (Minecraft) Chunk [-18, 12] stream is truncated: expected 883194356 but read 4091
[21:00:45] [IO-Worker-1/ERROR] (Minecraft) Chunk [-17, 12] stream is truncated: expected 450018553 but read 4091
[21:00:45] [IO-Worker-3/ERROR] (Minecraft) Chunk [-16, 12] stream is truncated: expected 450018553 but read 4091
[21:00:45] [IO-Worker-1/ERROR] (Minecraft) Declared size -1448792603 of chunk [-15, 12] is negative
[21:00:45] [IO-Worker-3/ERROR] (Minecraft) Chunk [-14, 12] stream is truncated: expected 1945867510 but read 12283
[21:00:45] [IO-Worker-3/ERROR] (Minecraft) Declared size -1183331731 of chunk [-13, 12] is negative
[21:00:45] [IO-Worker-1/WARN] (Minecraft) Chunk has both internal and external streams
[21:00:45] [IO-Worker-1/ERROR] (Minecraft) External chunk path /Users/magje/code/mods/jade-modded-entities/fabric/runs/client/saves/New World/region/c.-12.12.mcc is not file
[21:00:45] [IO-Worker-3/WARN] (Minecraft) Chunk has both internal and external streams
[21:00:45] [IO-Worker-3/ERROR] (Minecraft) External chunk path /Users/magje/code/mods/jade-modded-entities/fabric/runs/client/saves/New World/region/c.-11.12.mcc is not file
[21:00:45] [IO-Worker-3/ERROR] (Minecraft) Chunk [-10, 12] stream is truncated: expected 1567321114 but read 8187
[21:00:45] [IO-Worker-1/ERROR] (Minecraft) Chunk [-9, 12] stream is truncated: expected 2023550300 but read 8187
[21:00:45] [IO-Worker-3/ERROR] (Minecraft) Chunk [-8, 12] stream is truncated: expected 2023550300 but read 8187
[21:00:45] [IO-Worker-1/ERROR] (Minecraft) Chunk [-7, 12] stream is truncated: expected 2023550300 but read 8187
[21:00:45] [IO-Worker-3/ERROR] (Minecraft) Chunk [-6, 12] stream is truncated: expected 2023550299 but read 8187
[21:00:45] [IO-Worker-1/ERROR] (Minecraft) Chunk [-5, 12] stream is truncated: expected 2023550300 but read 8187
[21:00:45] [IO-Worker-3/ERROR] (Minecraft) Chunk [-4, 12] stream is truncated: expected 2023550364 but read 4091
[21:00:45] [IO-Worker-1/WARN] (Minecraft) Chunk has both internal and external streams
[21:00:45] [IO-Worker-1/ERROR] (Minecraft) External chunk path /Users/magje/code/mods/jade-modded-entities/fabric/runs/client/saves/New World/region/c.-3.12.mcc is not file
[21:00:45] [IO-Worker-1/ERROR] (Minecraft) Chunk [-2, 12] stream is truncated: expected 2023550300 but read 8187
[21:00:45] [IO-Worker-3/ERROR] (Minecraft) Declared size -308523668 of chunk [-1, 12] is negative
[21:00:45] [IO-Worker-1/ERROR] (Minecraft) Chunk [-23, 13] stream is truncated: expected 281460675 but read 4091
[21:00:45] [IO-Worker-2/ERROR] (Minecraft) Declared size -699707709 of chunk [-22, 13] is negative
[21:00:45] [IO-Worker-1/ERROR] (Minecraft) Chunk [-21, 13] stream is truncated: expected 883194163 but read 4091
[21:00:45] [IO-Worker-1/ERROR] (Minecraft) Declared size -1087069063 of chunk [-20, 13] is negative
[21:00:45] [IO-Worker-2/WARN] (Minecraft) Chunk has both internal and external streams
[21:00:45] [IO-Worker-2/ERROR] (Minecraft) External chunk path /Users/magje/code/mods/jade-modded-entities/fabric/runs/client/saves/New World/region/c.-19.13.mcc is not file
[21:00:45] [IO-Worker-1/ERROR] (Minecraft) Chunk [-18, 13] stream is truncated: expected 883194163 but read 4091
[21:00:45] [IO-Worker-2/WARN] (Minecraft) Chunk has both internal and external streams
[21:00:45] [IO-Worker-2/ERROR] (Minecraft) External chunk path /Users/magje/code/mods/jade-modded-entities/fabric/runs/client/saves/New World/region/c.-17.13.mcc is not file
[21:00:45] [IO-Worker-1/WARN] (Minecraft) Chunk has both internal and external streams
[21:00:45] [IO-Worker-1/ERROR] (Minecraft) External chunk path /Users/magje/code/mods/jade-modded-entities/fabric/runs/client/saves/New World/region/c.-16.13.mcc is not file
[21:00:45] [IO-Worker-2/ERROR] (Minecraft) Declared size -1448792603 of chunk [-15, 13] is negative
[21:00:45] [IO-Worker-1/WARN] (Minecraft) Chunk has both internal and external streams
[21:00:45] [IO-Worker-1/ERROR] (Minecraft) External chunk path /Users/magje/code/mods/jade-modded-entities/fabric/runs/client/saves/New World/region/c.-14.13.mcc is not file
[21:00:45] [IO-Worker-2/ERROR] (Minecraft) Chunk [-13, 13] stream is truncated: expected 1936406047 but read 12283
[21:00:45] [IO-Worker-1/ERROR] (Minecraft) Chunk [-12, 13] stream is truncated: expected 2003452577 but read 12283
[21:00:45] [IO-Worker-2/WARN] (Minecraft) Chunk has both internal and external streams
[21:00:45] [IO-Worker-2/ERROR] (Minecraft) External chunk path /Users/magje/code/mods/jade-modded-entities/fabric/runs/client/saves/New World/region/c.-11.13.mcc is not file
[21:00:45] [IO-Worker-2/ERROR] (Minecraft) Chunk [-10, 13] stream is truncated: expected 2104499142 but read 8187
[21:00:45] [IO-Worker-2/ERROR] (Minecraft) Chunk [-9, 13] stream is truncated: expected 1802247382 but read 8187
[21:00:45] [IO-Worker-1/ERROR] (Minecraft) Chunk [-8, 13] stream is truncated: expected 1871453126 but read 8187
[21:00:45] [IO-Worker-1/ERROR] (Minecraft) Chunk [-7, 13] stream is truncated: expected 1567366104 but read 8187
[21:00:45] [IO-Worker-1/ERROR] (Minecraft) Chunk [-6, 13] stream is truncated: expected 1265376198 but read 8187
[21:00:45] [IO-Worker-2/WARN] (Minecraft) Chunk has both internal and external streams
[21:00:45] [IO-Worker-2/ERROR] (Minecraft) External chunk path /Users/magje/code/mods/jade-modded-entities/fabric/runs/client/saves/New World/region/c.-5.13.mcc is not file
[21:00:45] [IO-Worker-2/ERROR] (Minecraft) Declared size -881861672 of chunk [-4, 13] is negative
[21:00:45] [IO-Worker-2/ERROR] (Minecraft) Chunk [-3, 13] stream is truncated: expected 1265572822 but read 4091
[21:00:45] [IO-Worker-1/ERROR] (Minecraft) Chunk [-2, 13] stream is truncated: expected 1298930630 but read 8187
[21:00:45] [IO-Worker-2/WARN] (Minecraft) Chunk has both internal and external streams
[21:00:45] [IO-Worker-2/ERROR] (Minecraft) External chunk path /Users/magje/code/mods/jade-modded-entities/fabric/runs/client/saves/New World/region/c.-1.13.mcc is not file
[21:00:45] [IO-Worker-1/WARN] (Minecraft) Chunk has both internal and external streams
[21:00:45] [IO-Worker-1/ERROR] (Minecraft) External chunk path /Users/magje/code/mods/jade-modded-entities/fabric/runs/client/saves/New World/region/c.-23.14.mcc is not file
[21:00:45] [IO-Worker-2/WARN] (Minecraft) Chunk has both internal and external streams
[21:00:45] [IO-Worker-2/ERROR] (Minecraft) External chunk path /Users/magje/code/mods/jade-modded-entities/fabric/runs/client/saves/New World/region/c.-22.14.mcc is not file
[21:00:45] [IO-Worker-1/ERROR] (Minecraft) Declared size -524340060 of chunk [-21, 14] is negative
[21:00:45] [IO-Worker-1/ERROR] (Minecraft) Chunk [-20, 14] stream is truncated: expected 883194291 but read 4091
[21:00:45] [IO-Worker-1/ERROR] (Minecraft) Chunk [-19, 14] stream is truncated: expected 883194291 but read 4091
[21:00:45] [IO-Worker-2/ERROR] (Minecraft) Chunk [-18, 14] stream is truncated: expected 883194291 but read 4091
[21:00:45] [IO-Worker-1/WARN] (Minecraft) Chunk has both internal and external streams
[21:00:45] [IO-Worker-1/ERROR] (Minecraft) External chunk path /Users/magje/code/mods/jade-modded-entities/fabric/runs/client/saves/New World/region/c.-17.14.mcc is not file
[21:00:45] [IO-Worker-2/WARN] (Minecraft) Chunk has both internal and external streams
[21:00:45] [IO-Worker-2/ERROR] (Minecraft) External chunk path /Users/magje/code/mods/jade-modded-entities/fabric/runs/client/saves/New World/region/c.-16.14.mcc is not file
[21:00:45] [IO-Worker-1/ERROR] (Minecraft) Declared size -1445947822 of chunk [-15, 14] is negative
[21:00:45] [IO-Worker-2/ERROR] (Minecraft) Declared size -1713526481 of chunk [-14, 14] is negative
[21:00:45] [IO-Worker-1/WARN] (Minecraft) Chunk has both internal and external streams
[21:00:45] [IO-Worker-1/ERROR] (Minecraft) External chunk path /Users/magje/code/mods/jade-modded-entities/fabric/runs/client/saves/New World/region/c.-13.14.mcc is not file
[21:00:45] [IO-Worker-2/WARN] (Minecraft) Chunk has both internal and external streams
[21:00:45] [IO-Worker-2/ERROR] (Minecraft) External chunk path /Users/magje/code/mods/jade-modded-entities/fabric/runs/client/saves/New World/region/c.-12.14.mcc is not file
[21:00:45] [IO-Worker-1/WARN] (Minecraft) Chunk has both internal and external streams
[21:00:45] [IO-Worker-1/ERROR] (Minecraft) External chunk path /Users/magje/code/mods/jade-modded-entities/fabric/runs/client/saves/New World/region/c.-11.14.mcc is not file
[21:00:45] [IO-Worker-2/WARN] (Minecraft) Chunk has both internal and external streams
[21:00:45] [IO-Worker-2/ERROR] (Minecraft) External chunk path /Users/magje/code/mods/jade-modded-entities/fabric/runs/client/saves/New World/region/c.-10.14.mcc is not file
[21:00:45] [IO-Worker-1/WARN] (Minecraft) Chunk has both internal and external streams
[21:00:45] [IO-Worker-1/ERROR] (Minecraft) External chunk path /Users/magje/code/mods/jade-modded-entities/fabric/runs/client/saves/New World/region/c.-9.14.mcc is not file
[21:00:45] [IO-Worker-2/WARN] (Minecraft) Chunk has both internal and external streams
[21:00:45] [IO-Worker-2/ERROR] (Minecraft) External chunk path /Users/magje/code/mods/jade-modded-entities/fabric/runs/client/saves/New World/region/c.-8.14.mcc is not file
[21:00:45] [IO-Worker-1/WARN] (Minecraft) Chunk has both internal and external streams
[21:00:45] [IO-Worker-1/ERROR] (Minecraft) External chunk path /Users/magje/code/mods/jade-modded-entities/fabric/runs/client/saves/New World/region/c.-7.14.mcc is not file
[21:00:45] [IO-Worker-2/ERROR] (Minecraft) Declared size -1619854791 of chunk [-6, 14] is negative
[21:00:45] [IO-Worker-2/WARN] (Minecraft) Chunk has both internal and external streams
[21:00:45] [IO-Worker-2/ERROR] (Minecraft) External chunk path /Users/magje/code/mods/jade-modded-entities/fabric/runs/client/saves/New World/region/c.-5.14.mcc is not file
[21:00:45] [IO-Worker-2/ERROR] (Minecraft) Declared size -630854187 of chunk [-4, 14] is negative
[21:00:45] [IO-Worker-1/WARN] (Minecraft) Chunk has both internal and external streams
[21:00:45] [IO-Worker-1/ERROR] (Minecraft) External chunk path /Users/magje/code/mods/jade-modded-entities/fabric/runs/client/saves/New World/region/c.-3.14.mcc is not file
[21:00:45] [IO-Worker-2/WARN] (Minecraft) Chunk has both internal and external streams
[21:00:45] [IO-Worker-2/ERROR] (Minecraft) External chunk path /Users/magje/code/mods/jade-modded-entities/fabric/runs/client/saves/New World/region/c.-2.14.mcc is not file
[21:00:45] [IO-Worker-1/WARN] (Minecraft) Chunk has both internal and external streams
[21:00:45] [IO-Worker-1/ERROR] (Minecraft) External chunk path /Users/magje/code/mods/jade-modded-entities/fabric/runs/client/saves/New World/region/c.-1.14.mcc is not file
[21:00:45] [IO-Worker-2/WARN] (Minecraft) Chunk has both internal and external streams
[21:00:45] [IO-Worker-2/ERROR] (Minecraft) External chunk path /Users/magje/code/mods/jade-modded-entities/fabric/runs/client/saves/New World/region/c.-23.15.mcc is not file
[21:00:45] [IO-Worker-1/WARN] (Minecraft) Chunk has both internal and external streams
[21:00:45] [IO-Worker-1/ERROR] (Minecraft) External chunk path /Users/magje/code/mods/jade-modded-entities/fabric/runs/client/saves/New World/region/c.-22.15.mcc is not file
[21:00:45] [IO-Worker-1/ERROR] (Minecraft) Chunk [-21, 15] stream is truncated: expected 883186105 but read 4091
[21:00:45] [IO-Worker-2/ERROR] (Minecraft) Chunk [-20, 15] stream is truncated: expected 883186105 but read 4091
[21:00:45] [IO-Worker-1/ERROR] (Minecraft) Chunk [-19, 15] stream is truncated: expected 883186105 but read 4091
[21:00:45] [IO-Worker-2/ERROR] (Minecraft) Chunk [-18, 15] stream is truncated: expected 883186105 but read 4091
[21:00:45] [IO-Worker-1/ERROR] (Minecraft) Chunk [-17, 15] stream is truncated: expected 883186105 but read 4091
[21:00:45] [IO-Worker-2/ERROR] (Minecraft) Chunk [-16, 15] stream is truncated: expected 883186105 but read 4091
[21:00:45] [IO-Worker-1/WARN] (Minecraft) Chunk has both internal and external streams
[21:00:45] [IO-Worker-1/ERROR] (Minecraft) External chunk path /Users/magje/code/mods/jade-modded-entities/fabric/runs/client/saves/New World/region/c.-15.15.mcc is not file
[21:00:45] [IO-Worker-1/ERROR] (Minecraft) Chunk [-14, 15] stream is truncated: expected 867939258 but read 12283
[21:00:45] [IO-Worker-1/WARN] (Minecraft) Chunk has both internal and external streams
[21:00:45] [IO-Worker-1/ERROR] (Minecraft) External chunk path /Users/magje/code/mods/jade-modded-entities/fabric/runs/client/saves/New World/region/c.-13.15.mcc is not file
[21:00:45] [IO-Worker-2/ERROR] (Minecraft) Chunk [-12, 15] stream is truncated: expected 1432171794 but read 12283
[21:00:45] [IO-Worker-2/WARN] (Minecraft) Chunk has both internal and external streams
[21:00:45] [IO-Worker-2/ERROR] (Minecraft) External chunk path /Users/magje/code/mods/jade-modded-entities/fabric/runs/client/saves/New World/region/c.-11.15.mcc is not file
[21:00:45] [IO-Worker-1/ERROR] (Minecraft) Declared size -1091856351 of chunk [-10, 15] is negative
[21:00:45] [IO-Worker-2/ERROR] (Minecraft) Chunk [-9, 15] stream is truncated: expected 1565908284 but read 8187
[21:00:45] [IO-Worker-2/ERROR] (Minecraft) Declared size -564470456 of chunk [-8, 15] is negative
[21:00:45] [IO-Worker-2/ERROR] (Minecraft) Chunk [-7, 15] stream is truncated: expected 1348535839 but read 12283
[21:00:45] [IO-Worker-2/WARN] (Minecraft) Chunk has both internal and external streams
[21:00:45] [IO-Worker-2/ERROR] (Minecraft) External chunk path /Users/magje/code/mods/jade-modded-entities/fabric/runs/client/saves/New World/region/c.-6.15.mcc is not file
[21:00:45] [IO-Worker-2/WARN] (Minecraft) Chunk has both internal and external streams
[21:00:45] [IO-Worker-2/ERROR] (Minecraft) External chunk path /Users/magje/code/mods/jade-modded-entities/fabric/runs/client/saves/New World/region/c.-5.15.mcc is not file
[21:00:45] [IO-Worker-2/WARN] (Minecraft) Chunk has both internal and external streams
[21:00:45] [IO-Worker-2/ERROR] (Minecraft) External chunk path /Users/magje/code/mods/jade-modded-entities/fabric/runs/client/saves/New World/region/c.-4.15.mcc is not file
[21:00:45] [IO-Worker-1/ERROR] (Minecraft) Chunk [-3, 15] stream is truncated: expected 1467339735 but read 12283
[21:00:45] [IO-Worker-2/ERROR] (Minecraft) Declared size -291924647 of chunk [-2, 15] is negative
[21:00:45] [IO-Worker-1/ERROR] (Minecraft) Declared size -1858849825 of chunk [-1, 15] is negative
[21:00:45] [IO-Worker-2/WARN] (Minecraft) Chunk has both internal and external streams
[21:00:45] [IO-Worker-2/ERROR] (Minecraft) External chunk path /Users/magje/code/mods/jade-modded-entities/fabric/runs/client/saves/New World/region/c.-23.16.mcc is not file
[21:00:45] [IO-Worker-1/WARN] (Minecraft) Chunk has both internal and external streams
[21:00:45] [IO-Worker-1/ERROR] (Minecraft) External chunk path /Users/magje/code/mods/jade-modded-entities/fabric/runs/client/saves/New World/region/c.-22.16.mcc is not file
[21:00:45] [IO-Worker-2/ERROR] (Minecraft) Chunk [-21, 16] stream is truncated: expected 883186105 but read 4091
[21:00:45] [IO-Worker-1/ERROR] (Minecraft) Chunk [-20, 16] stream is truncated: expected 883186105 but read 4091
[21:00:45] [IO-Worker-1/ERROR] (Minecraft) Chunk [-19, 16] stream is truncated: expected 883186105 but read 4091
[21:00:45] [IO-Worker-2/ERROR] (Minecraft) Declared size -1537623551 of chunk [-18, 16] is negative
[21:00:45] [IO-Worker-2/ERROR] (Minecraft) Chunk [-17, 16] stream is truncated: expected 883186105 but read 4091
[21:00:45] [IO-Worker-1/ERROR] (Minecraft) Chunk [-16, 16] stream is truncated: expected 883186105 but read 4091
[21:00:45] [IO-Worker-1/ERROR] (Minecraft) Chunk [-15, 16] stream is truncated: expected 1386294756 but read 4091
[21:00:45] [IO-Worker-2/ERROR] (Minecraft) Chunk [-14, 16] stream is truncated: expected 964546141 but read 12283
[21:00:45] [IO-Worker-1/ERROR] (Minecraft) Declared size -371326627 of chunk [-13, 16] is negative
[21:00:45] [IO-Worker-2/ERROR] (Minecraft) Declared size -340101873 of chunk [-12, 16] is negative
[21:00:45] [IO-Worker-1/ERROR] (Minecraft) Declared size -1654723060 of chunk [-11, 16] is negative
[21:00:45] [IO-Worker-2/ERROR] (Minecraft) Declared size -583121937 of chunk [-10, 16] is negative
[21:00:45] [IO-Worker-1/ERROR] (Minecraft) Declared size -363506225 of chunk [-9, 16] is negative
[21:00:45] [IO-Worker-1/WARN] (Minecraft) Chunk has both internal and external streams
[21:00:45] [IO-Worker-1/ERROR] (Minecraft) External chunk path /Users/magje/code/mods/jade-modded-entities/fabric/runs/client/saves/New World/region/c.-8.16.mcc is not file
[21:00:45] [IO-Worker-2/ERROR] (Minecraft) Chunk [-7, 16] stream is truncated: expected 875222856 but read 8187
[21:00:45] [IO-Worker-2/WARN] (Minecraft) Chunk has both internal and external streams
[21:00:45] [IO-Worker-2/ERROR] (Minecraft) External chunk path /Users/magje/code/mods/jade-modded-entities/fabric/runs/client/saves/New World/region/c.-6.16.mcc is not file
[21:00:45] [IO-Worker-1/WARN] (Minecraft) Chunk has both internal and external streams
[21:00:45] [IO-Worker-1/ERROR] (Minecraft) External chunk path /Users/magje/code/mods/jade-modded-entities/fabric/runs/client/saves/New World/region/c.-5.16.mcc is not file
[21:00:45] [IO-Worker-2/ERROR] (Minecraft) Declared size -1615235095 of chunk [-4, 16] is negative
[21:00:45] [IO-Worker-2/ERROR] (Minecraft) Declared size -569611023 of chunk [-3, 16] is negative
[21:00:45] [IO-Worker-2/WARN] (Minecraft) Chunk has both internal and external streams
[21:00:45] [IO-Worker-2/ERROR] (Minecraft) External chunk path /Users/magje/code/mods/jade-modded-entities/fabric/runs/client/saves/New World/region/c.-2.16.mcc is not file
[21:00:45] [IO-Worker-1/WARN] (Minecraft) Chunk has both internal and external streams
[21:00:45] [IO-Worker-1/ERROR] (Minecraft) External chunk path /Users/magje/code/mods/jade-modded-entities/fabric/runs/client/saves/New World/region/c.-1.16.mcc is not file
[21:00:45] [IO-Worker-2/ERROR] (Minecraft) Chunk [-23, 17] stream is truncated: expected 2023540181 but read 4091
[21:00:45] [IO-Worker-1/ERROR] (Minecraft) Chunk [-22, 17] stream is truncated: expected 268886206 but read 4091
[21:00:45] [IO-Worker-2/ERROR] (Minecraft) Chunk [-21, 17] stream is truncated: expected 883194355 but read 4091
[21:00:45] [IO-Worker-1/ERROR] (Minecraft) Declared size -1535511543 of chunk [-20, 17] is negative
[21:00:45] [IO-Worker-2/ERROR] (Minecraft) Chunk [-19, 17] stream is truncated: expected 883194355 but read 4091
[21:00:45] [IO-Worker-2/ERROR] (Minecraft) Chunk [-18, 17] stream is truncated: expected 883194355 but read 4091
[21:00:45] [IO-Worker-1/WARN] (Minecraft) Chunk has both internal and external streams
[21:00:45] [IO-Worker-1/ERROR] (Minecraft) External chunk path /Users/magje/code/mods/jade-modded-entities/fabric/runs/client/saves/New World/region/c.-17.17.mcc is not file
[21:00:45] [IO-Worker-2/WARN] (Minecraft) Chunk has both internal and external streams
[21:00:45] [IO-Worker-2/ERROR] (Minecraft) External chunk path /Users/magje/code/mods/jade-modded-entities/fabric/runs/client/saves/New World/region/c.-16.17.mcc is not file
[21:00:45] [IO-Worker-1/WARN] (Minecraft) Chunk has both internal and external streams
[21:00:45] [IO-Worker-1/ERROR] (Minecraft) External chunk path /Users/magje/code/mods/jade-modded-entities/fabric/runs/client/saves/New World/region/c.-15.17.mcc is not file
[21:00:45] [IO-Worker-2/WARN] (Minecraft) Chunk has both internal and external streams
[21:00:45] [IO-Worker-2/ERROR] (Minecraft) External chunk path /Users/magje/code/mods/jade-modded-entities/fabric/runs/client/saves/New World/region/c.-14.17.mcc is not file
[21:00:45] [IO-Worker-1/ERROR] (Minecraft) Chunk [-13, 17] stream is truncated: expected 883186105 but read 4091
[21:00:45] [IO-Worker-2/ERROR] (Minecraft) Chunk [-12, 17] stream is truncated: expected 883186105 but read 4091
[21:00:45] [IO-Worker-2/ERROR] (Minecraft) Chunk [-11, 17] stream is truncated: expected 883186105 but read 4091
[21:00:45] [IO-Worker-1/WARN] (Minecraft) Chunk has both internal and external streams
[21:00:45] [IO-Worker-1/ERROR] (Minecraft) External chunk path /Users/magje/code/mods/jade-modded-entities/fabric/runs/client/saves/New World/region/c.-10.17.mcc is not file
[21:00:45] [IO-Worker-2/ERROR] (Minecraft) Chunk [-9, 17] stream is truncated: expected 883186105 but read 4091
[21:00:45] [IO-Worker-1/ERROR] (Minecraft) Declared size -1537623550 of chunk [-8, 17] is negative
[21:00:45] [IO-Worker-2/ERROR] (Minecraft) Chunk [-7, 17] stream is truncated: expected 883186105 but read 4091
[21:00:45] [IO-Worker-2/ERROR] (Minecraft) Declared size -770925288 of chunk [-6, 17] is negative
[21:00:45] [IO-Worker-1/ERROR] (Minecraft) Chunk [-5, 17] stream is truncated: expected 883186105 but read 4091
[21:00:45] [IO-Worker-2/ERROR] (Minecraft) Chunk [-4, 17] stream is truncated: expected 883186105 but read 4091
[21:00:45] [IO-Worker-1/ERROR] (Minecraft) Chunk [-3, 17] stream is truncated: expected 883186105 but read 4091
[21:00:45] [IO-Worker-2/ERROR] (Minecraft) Chunk [-2, 17] stream is truncated: expected 883186105 but read 4091
[21:00:45] [IO-Worker-2/WARN] (Minecraft) Chunk has both internal and external streams
[21:00:45] [IO-Worker-2/ERROR] (Minecraft) External chunk path /Users/magje/code/mods/jade-modded-entities/fabric/runs/client/saves/New World/region/c.-1.17.mcc is not file
[21:00:45] [IO-Worker-2/ERROR] (Minecraft) Chunk [-23, 18] stream is truncated: expected 268886206 but read 4091
[21:00:45] [IO-Worker-1/ERROR] (Minecraft) Chunk [-22, 18] stream is truncated: expected 2023540181 but read 4091
[21:00:45] [IO-Worker-1/ERROR] (Minecraft) Chunk [-21, 18] stream is truncated: expected 883194355 but read 4091
[21:00:45] [IO-Worker-2/ERROR] (Minecraft) Chunk [-20, 18] stream is truncated: expected 883194355 but read 4091
[21:00:45] [IO-Worker-1/ERROR] (Minecraft) Chunk [-19, 18] stream is truncated: expected 268886206 but read 4091
[21:00:45] [IO-Worker-2/ERROR] (Minecraft) Chunk [-18, 18] stream is truncated: expected 883194355 but read 4091
[21:00:45] [IO-Worker-1/WARN] (Minecraft) Chunk has both internal and external streams
[21:00:45] [IO-Worker-1/ERROR] (Minecraft) External chunk path /Users/magje/code/mods/jade-modded-entities/fabric/runs/client/saves/New World/region/c.-17.18.mcc is not file
[21:00:45] [IO-Worker-2/WARN] (Minecraft) Chunk has both internal and external streams
[21:00:45] [IO-Worker-2/ERROR] (Minecraft) External chunk path /Users/magje/code/mods/jade-modded-entities/fabric/runs/client/saves/New World/region/c.-16.18.mcc is not file
[21:00:45] [IO-Worker-1/WARN] (Minecraft) Chunk has both internal and external streams
[21:00:45] [IO-Worker-1/ERROR] (Minecraft) External chunk path /Users/magje/code/mods/jade-modded-entities/fabric/runs/client/saves/New World/region/c.-15.18.mcc is not file
[21:00:45] [IO-Worker-2/WARN] (Minecraft) Chunk has both internal and external streams
[21:00:45] [IO-Worker-2/ERROR] (Minecraft) External chunk path /Users/magje/code/mods/jade-modded-entities/fabric/runs/client/saves/New World/region/c.-14.18.mcc is not file
[21:00:45] [IO-Worker-1/WARN] (Minecraft) Chunk has both internal and external streams
[21:00:45] [IO-Worker-1/ERROR] (Minecraft) External chunk path /Users/magje/code/mods/jade-modded-entities/fabric/runs/client/saves/New World/region/c.-13.18.mcc is not file
[21:00:45] [IO-Worker-2/ERROR] (Minecraft) Declared size -767755614 of chunk [-12, 18] is negative
[21:00:45] [IO-Worker-1/ERROR] (Minecraft) Declared size -767755614 of chunk [-11, 18] is negative
[21:00:45] [IO-Worker-2/ERROR] (Minecraft) Declared size -767755614 of chunk [-10, 18] is negative
[21:00:45] [IO-Worker-2/WARN] (Minecraft) Chunk has both internal and external streams
[21:00:45] [IO-Worker-2/ERROR] (Minecraft) External chunk path /Users/magje/code/mods/jade-modded-entities/fabric/runs/client/saves/New World/region/c.-9.18.mcc is not file
[21:00:45] [IO-Worker-2/WARN] (Minecraft) Chunk has both internal and external streams
[21:00:45] [IO-Worker-2/ERROR] (Minecraft) External chunk path /Users/magje/code/mods/jade-modded-entities/fabric/runs/client/saves/New World/region/c.-8.18.mcc is not file
[21:00:45] [IO-Worker-2/WARN] (Minecraft) Chunk has both internal and external streams
[21:00:45] [IO-Worker-2/ERROR] (Minecraft) External chunk path /Users/magje/code/mods/jade-modded-entities/fabric/runs/client/saves/New World/region/c.-7.18.mcc is not file
[21:00:45] [IO-Worker-1/ERROR] (Minecraft) Chunk [-6, 18] stream is truncated: expected 449973404 but read 4091
[21:00:45] [IO-Worker-1/ERROR] (Minecraft) Declared size -799335726 of chunk [-5, 18] is negative
[21:00:45] [IO-Worker-2/WARN] (Minecraft) Chunk has both internal and external streams
[21:00:45] [IO-Worker-2/ERROR] (Minecraft) External chunk path /Users/magje/code/mods/jade-modded-entities/fabric/runs/client/saves/New World/region/c.-4.18.mcc is not file
[21:00:45] [IO-Worker-1/WARN] (Minecraft) Chunk has both internal and external streams
[21:00:45] [IO-Worker-1/ERROR] (Minecraft) External chunk path /Users/magje/code/mods/jade-modded-entities/fabric/runs/client/saves/New World/region/c.-3.18.mcc is not file
[21:00:45] [IO-Worker-2/WARN] (Minecraft) Chunk has both internal and external streams
[21:00:45] [IO-Worker-2/ERROR] (Minecraft) External chunk path /Users/magje/code/mods/jade-modded-entities/fabric/runs/client/saves/New World/region/c.-2.18.mcc is not file
[21:00:45] [IO-Worker-1/ERROR] (Minecraft) Chunk [-1, 18] stream is truncated: expected 884234681 but read 4091
[21:00:45] [IO-Worker-1/WARN] (Minecraft) Chunk has both internal and external streams
[21:00:45] [IO-Worker-1/ERROR] (Minecraft) External chunk path /Users/magje/code/mods/jade-modded-entities/fabric/runs/client/saves/New World/region/c.-23.19.mcc is not file
[21:00:45] [IO-Worker-2/WARN] (Minecraft) Chunk has both internal and external streams
[21:00:45] [IO-Worker-2/ERROR] (Minecraft) External chunk path /Users/magje/code/mods/jade-modded-entities/fabric/runs/client/saves/New World/region/c.-22.19.mcc is not file
[21:00:45] [IO-Worker-1/ERROR] (Minecraft) Chunk [-21, 19] stream is truncated: expected 883194355 but read 4091
[21:00:45] [IO-Worker-2/ERROR] (Minecraft) Chunk [-20, 19] stream is truncated: expected 883194355 but read 4091
[21:00:45] [IO-Worker-1/ERROR] (Minecraft) Chunk [-19, 19] stream is truncated: expected 883194355 but read 4091
[21:00:45] [IO-Worker-2/ERROR] (Minecraft) Chunk [-18, 19] stream is truncated: expected 883194355 but read 4091
[21:00:45] [IO-Worker-1/WARN] (Minecraft) Chunk has both internal and external streams
[21:00:45] [IO-Worker-1/ERROR] (Minecraft) External chunk path /Users/magje/code/mods/jade-modded-entities/fabric/runs/client/saves/New World/region/c.-17.19.mcc is not file
[21:00:45] [IO-Worker-2/WARN] (Minecraft) Chunk has both internal and external streams
[21:00:45] [IO-Worker-2/ERROR] (Minecraft) External chunk path /Users/magje/code/mods/jade-modded-entities/fabric/runs/client/saves/New World/region/c.-16.19.mcc is not file
[21:00:45] [IO-Worker-1/WARN] (Minecraft) Chunk has both internal and external streams
[21:00:45] [IO-Worker-1/ERROR] (Minecraft) External chunk path /Users/magje/code/mods/jade-modded-entities/fabric/runs/client/saves/New World/region/c.-15.19.mcc is not file
[21:00:45] [IO-Worker-2/WARN] (Minecraft) Chunk has both internal and external streams
[21:00:45] [IO-Worker-2/ERROR] (Minecraft) External chunk path /Users/magje/code/mods/jade-modded-entities/fabric/runs/client/saves/New World/region/c.-14.19.mcc is not file
[21:00:45] [IO-Worker-1/WARN] (Minecraft) Chunk has both internal and external streams
[21:00:45] [IO-Worker-1/ERROR] (Minecraft) External chunk path /Users/magje/code/mods/jade-modded-entities/fabric/runs/client/saves/New World/region/c.-13.19.mcc is not file
[21:00:45] [IO-Worker-2/WARN] (Minecraft) Chunk has both internal and external streams
[21:00:45] [IO-Worker-2/ERROR] (Minecraft) External chunk path /Users/magje/code/mods/jade-modded-entities/fabric/runs/client/saves/New World/region/c.-12.19.mcc is not file
[21:00:45] [IO-Worker-1/WARN] (Minecraft) Chunk has both internal and external streams
[21:00:45] [IO-Worker-1/ERROR] (Minecraft) External chunk path /Users/magje/code/mods/jade-modded-entities/fabric/runs/client/saves/New World/region/c.-11.19.mcc is not file
[21:00:45] [IO-Worker-1/WARN] (Minecraft) Chunk has both internal and external streams
[21:00:45] [IO-Worker-1/ERROR] (Minecraft) External chunk path /Users/magje/code/mods/jade-modded-entities/fabric/runs/client/saves/New World/region/c.-10.19.mcc is not file
[21:00:45] [IO-Worker-2/WARN] (Minecraft) Chunk has both internal and external streams
[21:00:45] [IO-Worker-2/ERROR] (Minecraft) External chunk path /Users/magje/code/mods/jade-modded-entities/fabric/runs/client/saves/New World/region/c.-9.19.mcc is not file
[21:00:45] [IO-Worker-1/WARN] (Minecraft) Chunk has both internal and external streams
[21:00:45] [IO-Worker-1/ERROR] (Minecraft) External chunk path /Users/magje/code/mods/jade-modded-entities/fabric/runs/client/saves/New World/region/c.-8.19.mcc is not file
[21:00:45] [IO-Worker-2/WARN] (Minecraft) Chunk has both internal and external streams
[21:00:45] [IO-Worker-2/ERROR] (Minecraft) External chunk path /Users/magje/code/mods/jade-modded-entities/fabric/runs/client/saves/New World/region/c.-7.19.mcc is not file
[21:00:45] [IO-Worker-1/WARN] (Minecraft) Chunk has both internal and external streams
[21:00:45] [IO-Worker-1/ERROR] (Minecraft) External chunk path /Users/magje/code/mods/jade-modded-entities/fabric/runs/client/saves/New World/region/c.-6.19.mcc is not file
[21:00:45] [IO-Worker-2/WARN] (Minecraft) Chunk has both internal and external streams
[21:00:45] [IO-Worker-2/ERROR] (Minecraft) External chunk path /Users/magje/code/mods/jade-modded-entities/fabric/runs/client/saves/New World/region/c.-5.19.mcc is not file
[21:00:45] [IO-Worker-2/WARN] (Minecraft) Chunk has both internal and external streams
[21:00:45] [IO-Worker-2/ERROR] (Minecraft) External chunk path /Users/magje/code/mods/jade-modded-entities/fabric/runs/client/saves/New World/region/c.-4.19.mcc is not file
[21:00:45] [IO-Worker-1/WARN] (Minecraft) Chunk has both internal and external streams
[21:00:45] [IO-Worker-1/ERROR] (Minecraft) External chunk path /Users/magje/code/mods/jade-modded-entities/fabric/runs/client/saves/New World/region/c.-3.19.mcc is not file
[21:00:45] [IO-Worker-2/WARN] (Minecraft) Chunk has both internal and external streams
[21:00:45] [IO-Worker-2/ERROR] (Minecraft) External chunk path /Users/magje/code/mods/jade-modded-entities/fabric/runs/client/saves/New World/region/c.-2.19.mcc is not file
[21:00:45] [IO-Worker-1/ERROR] (Minecraft) Chunk [-1, 19] stream is truncated: expected 884234681 but read 4091
[21:00:45] [IO-Worker-2/WARN] (Minecraft) Chunk has both internal and external streams
[21:00:45] [IO-Worker-2/ERROR] (Minecraft) External chunk path /Users/magje/code/mods/jade-modded-entities/fabric/runs/client/saves/New World/region/c.-23.20.mcc is not file
[21:00:45] [IO-Worker-1/WARN] (Minecraft) Chunk has both internal and external streams
[21:00:45] [IO-Worker-1/ERROR] (Minecraft) External chunk path /Users/magje/code/mods/jade-modded-entities/fabric/runs/client/saves/New World/region/c.-22.20.mcc is not file
[21:00:45] [IO-Worker-2/WARN] (Minecraft) Chunk has both internal and external streams
[21:00:45] [IO-Worker-2/ERROR] (Minecraft) External chunk path /Users/magje/code/mods/jade-modded-entities/fabric/runs/client/saves/New World/region/c.-21.20.mcc is not file
[21:00:45] [IO-Worker-1/ERROR] (Minecraft) Chunk [-20, 20] stream is truncated: expected 268886206 but read 4091
[21:00:45] [IO-Worker-1/ERROR] (Minecraft) Declared size -1537623375 of chunk [-19, 20] is negative
[21:00:45] [IO-Worker-2/WARN] (Minecraft) Chunk has both internal and external streams
[21:00:45] [IO-Worker-2/ERROR] (Minecraft) External chunk path /Users/magje/code/mods/jade-modded-entities/fabric/runs/client/saves/New World/region/c.-18.20.mcc is not file
[21:00:45] [IO-Worker-1/WARN] (Minecraft) Chunk has both internal and external streams
[21:00:45] [IO-Worker-1/ERROR] (Minecraft) External chunk path /Users/magje/code/mods/jade-modded-entities/fabric/runs/client/saves/New World/region/c.-17.20.mcc is not file
[21:00:45] [IO-Worker-2/WARN] (Minecraft) Chunk has both internal and external streams
[21:00:45] [IO-Worker-2/ERROR] (Minecraft) External chunk path /Users/magje/code/mods/jade-modded-entities/fabric/runs/client/saves/New World/region/c.-16.20.mcc is not file
[21:00:45] [IO-Worker-1/ERROR] (Minecraft) Declared size -1537623375 of chunk [-15, 20] is negative
[21:00:45] [IO-Worker-1/ERROR] (Minecraft) Declared size -1537623375 of chunk [-14, 20] is negative
[21:00:45] [IO-Worker-2/WARN] (Minecraft) Chunk has both internal and external streams
[21:00:45] [IO-Worker-2/ERROR] (Minecraft) External chunk path /Users/magje/code/mods/jade-modded-entities/fabric/runs/client/saves/New World/region/c.-13.20.mcc is not file
[21:00:45] [IO-Worker-1/WARN] (Minecraft) Chunk has both internal and external streams
[21:00:45] [IO-Worker-1/ERROR] (Minecraft) External chunk path /Users/magje/code/mods/jade-modded-entities/fabric/runs/client/saves/New World/region/c.-12.20.mcc is not file
[21:00:45] [IO-Worker-2/WARN] (Minecraft) Chunk has both internal and external streams
[21:00:45] [IO-Worker-2/ERROR] (Minecraft) External chunk path /Users/magje/code/mods/jade-modded-entities/fabric/runs/client/saves/New World/region/c.-11.20.mcc is not file
[21:00:45] [IO-Worker-1/WARN] (Minecraft) Chunk has both internal and external streams
[21:00:45] [IO-Worker-1/ERROR] (Minecraft) External chunk path /Users/magje/code/mods/jade-modded-entities/fabric/runs/client/saves/New World/region/c.-10.20.mcc is not file
[21:00:45] [IO-Worker-2/WARN] (Minecraft) Chunk has both internal and external streams
[21:00:45] [IO-Worker-2/ERROR] (Minecraft) External chunk path /Users/magje/code/mods/jade-modded-entities/fabric/runs/client/saves/New World/region/c.-9.20.mcc is not file
[21:00:45] [IO-Worker-2/WARN] (Minecraft) Chunk has both internal and external streams
[21:00:45] [IO-Worker-2/ERROR] (Minecraft) External chunk path /Users/magje/code/mods/jade-modded-entities/fabric/runs/client/saves/New World/region/c.-8.20.mcc is not file
[21:00:45] [IO-Worker-1/WARN] (Minecraft) Chunk has both internal and external streams
[21:00:45] [IO-Worker-1/ERROR] (Minecraft) External chunk path /Users/magje/code/mods/jade-modded-entities/fabric/runs/client/saves/New World/region/c.-7.20.mcc is not file
[21:00:45] [IO-Worker-2/ERROR] (Minecraft) Chunk [-6, 20] stream is truncated: expected 449973404 but read 4091
[21:00:45] [IO-Worker-2/WARN] (Minecraft) Chunk has both internal and external streams
[21:00:45] [IO-Worker-2/ERROR] (Minecraft) External chunk path /Users/magje/code/mods/jade-modded-entities/fabric/runs/client/saves/New World/region/c.-5.20.mcc is not file
[21:00:45] [IO-Worker-1/ERROR] (Minecraft) Chunk [-4, 20] stream is truncated: expected 428300759 but read 4091
[21:00:45] [IO-Worker-1/WARN] (Minecraft) Chunk has both internal and external streams
[21:00:45] [IO-Worker-1/ERROR] (Minecraft) External chunk path /Users/magje/code/mods/jade-modded-entities/fabric/runs/client/saves/New World/region/c.-3.20.mcc is not file
[21:00:45] [IO-Worker-2/WARN] (Minecraft) Chunk has both internal and external streams
[21:00:45] [IO-Worker-2/ERROR] (Minecraft) External chunk path /Users/magje/code/mods/jade-modded-entities/fabric/runs/client/saves/New World/region/c.-2.20.mcc is not file
[21:00:45] [IO-Worker-1/WARN] (Minecraft) Chunk has both internal and external streams
[21:00:45] [IO-Worker-1/ERROR] (Minecraft) External chunk path /Users/magje/code/mods/jade-modded-entities/fabric/runs/client/saves/New World/region/c.-1.20.mcc is not file
[21:00:45] [IO-Worker-1/WARN] (Minecraft) Chunk has both internal and external streams
[21:00:45] [IO-Worker-1/ERROR] (Minecraft) External chunk path /Users/magje/code/mods/jade-modded-entities/fabric/runs/client/saves/New World/region/c.-23.21.mcc is not file
[21:00:45] [IO-Worker-2/WARN] (Minecraft) Chunk has both internal and external streams
[21:00:45] [IO-Worker-2/ERROR] (Minecraft) External chunk path /Users/magje/code/mods/jade-modded-entities/fabric/runs/client/saves/New World/region/c.-22.21.mcc is not file
[21:00:45] [IO-Worker-1/ERROR] (Minecraft) Chunk [-21, 21] stream is truncated: expected 883194355 but read 4091
[21:00:45] [IO-Worker-2/ERROR] (Minecraft) Declared size -1680322862 of chunk [-20, 21] is negative
[21:00:45] [IO-Worker-1/ERROR] (Minecraft) Chunk [-19, 21] stream is truncated: expected 883194355 but read 4091
[21:00:45] [IO-Worker-2/ERROR] (Minecraft) Declared size -1535511547 of chunk [-18, 21] is negative
[21:00:45] [IO-Worker-1/ERROR] (Minecraft) Chunk [-17, 21] stream is truncated: expected 449985785 but read 4091
[21:00:45] [IO-Worker-2/ERROR] (Minecraft) Chunk [-16, 21] stream is truncated: expected 449985785 but read 4091
[21:00:45] [IO-Worker-1/ERROR] (Minecraft) Chunk [-15, 21] stream is truncated: expected 449985785 but read 4091
[21:00:45] [IO-Worker-1/ERROR] (Minecraft) Chunk [-14, 21] stream is truncated: expected 449985785 but read 4091
[21:00:45] [IO-Worker-1/ERROR] (Minecraft) Chunk [-13, 21] stream is truncated: expected 449985785 but read 4091
[21:00:45] [IO-Worker-2/ERROR] (Minecraft) Chunk [-12, 21] stream is truncated: expected 449985785 but read 4091
[21:00:45] [IO-Worker-1/ERROR] (Minecraft) Chunk [-11, 21] stream is truncated: expected 449985785 but read 4091
[21:00:45] [IO-Worker-1/ERROR] (Minecraft) Chunk [-10, 21] stream is truncated: expected 449985785 but read 4091
[21:00:45] [IO-Worker-2/ERROR] (Minecraft) Chunk [-9, 21] stream is truncated: expected 449985785 but read 4091
[21:00:45] [IO-Worker-1/ERROR] (Minecraft) Chunk [-8, 21] stream is truncated: expected 449985785 but read 4091
[21:00:45] [IO-Worker-1/ERROR] (Minecraft) Chunk [-7, 21] stream is truncated: expected 449985785 but read 4091
[21:00:45] [IO-Worker-2/ERROR] (Minecraft) Chunk [-6, 21] stream is truncated: expected 449973404 but read 4091
[21:00:45] [IO-Worker-1/WARN] (Minecraft) Chunk has both internal and external streams
[21:00:45] [IO-Worker-1/ERROR] (Minecraft) External chunk path /Users/magje/code/mods/jade-modded-entities/fabric/runs/client/saves/New World/region/c.-5.21.mcc is not file
[21:00:45] [IO-Worker-2/ERROR] (Minecraft) Declared size -1448802482 of chunk [-4, 21] is negative
[21:00:45] [IO-Worker-1/WARN] (Minecraft) Chunk has both internal and external streams
[21:00:45] [IO-Worker-1/ERROR] (Minecraft) External chunk path /Users/magje/code/mods/jade-modded-entities/fabric/runs/client/saves/New World/region/c.-3.21.mcc is not file
[21:00:45] [IO-Worker-2/ERROR] (Minecraft) Chunk [-2, 21] stream is truncated: expected 449985785 but read 4091
[21:00:45] [IO-Worker-1/ERROR] (Minecraft) Chunk [-1, 21] stream is truncated: expected 883186105 but read 4091
[21:00:45] [IO-Worker-1/WARN] (Minecraft) Chunk has both internal and external streams
[21:00:45] [IO-Worker-1/ERROR] (Minecraft) External chunk path /Users/magje/code/mods/jade-modded-entities/fabric/runs/client/saves/New World/region/c.-23.22.mcc is not file
[21:00:45] [IO-Worker-2/WARN] (Minecraft) Chunk has both internal and external streams
[21:00:45] [IO-Worker-2/ERROR] (Minecraft) External chunk path /Users/magje/code/mods/jade-modded-entities/fabric/runs/client/saves/New World/region/c.-22.22.mcc is not file
[21:00:45] [IO-Worker-1/ERROR] (Minecraft) Chunk [-21, 22] stream is truncated: expected 268886206 but read 4091
[21:00:45] [IO-Worker-2/ERROR] (Minecraft) Declared size -1535511547 of chunk [-20, 22] is negative
[21:00:45] [IO-Worker-2/ERROR] (Minecraft) Chunk [-19, 22] stream is truncated: expected 883194355 but read 4091
[21:00:45] [IO-Worker-1/ERROR] (Minecraft) Chunk [-18, 22] stream is truncated: expected 883194355 but read 4091
[21:00:45] [IO-Worker-2/ERROR] (Minecraft) Declared size -767755774 of chunk [-17, 22] is negative
[21:00:45] [IO-Worker-1/ERROR] (Minecraft) Chunk [-16, 22] stream is truncated: expected 449985785 but read 4091
[21:00:45] [IO-Worker-2/ERROR] (Minecraft) Chunk [-15, 22] stream is truncated: expected 449985785 but read 4091
[21:00:45] [IO-Worker-1/ERROR] (Minecraft) Chunk [-14, 22] stream is truncated: expected 449985785 but read 4091
[21:00:45] [IO-Worker-2/ERROR] (Minecraft) Chunk [-13, 22] stream is truncated: expected 449985785 but read 4091
[21:00:45] [IO-Worker-1/ERROR] (Minecraft) Chunk [-12, 22] stream is truncated: expected 449985785 but read 4091
[21:00:45] [IO-Worker-2/ERROR] (Minecraft) Chunk [-11, 22] stream is truncated: expected 449985785 but read 4091
[21:00:45] [IO-Worker-1/ERROR] (Minecraft) Chunk [-10, 22] stream is truncated: expected 449985785 but read 4091
[21:00:45] [IO-Worker-2/ERROR] (Minecraft) Chunk [-9, 22] stream is truncated: expected 449985785 but read 4091
[21:00:45] [IO-Worker-1/ERROR] (Minecraft) Chunk [-8, 22] stream is truncated: expected 449985785 but read 4091
[21:00:45] [IO-Worker-2/ERROR] (Minecraft) Chunk [-7, 22] stream is truncated: expected 449985785 but read 4091
[21:00:45] [IO-Worker-1/ERROR] (Minecraft) Chunk [-6, 22] stream is truncated: expected 449973404 but read 4091
[21:00:45] [IO-Worker-2/ERROR] (Minecraft) Chunk [-5, 22] stream is truncated: expected 449985785 but read 4091
[21:00:45] [IO-Worker-1/ERROR] (Minecraft) Declared size -1448802482 of chunk [-4, 22] is negative
[21:00:45] [IO-Worker-2/ERROR] (Minecraft) Chunk [-3, 22] stream is truncated: expected 449985785 but read 4091
[21:00:45] [IO-Worker-1/ERROR] (Minecraft) Chunk [-2, 22] stream is truncated: expected 449985785 but read 4091
[21:00:45] [IO-Worker-1/ERROR] (Minecraft) Chunk [-1, 22] stream is truncated: expected 883186105 but read 4091
[21:00:45] [IO-Worker-2/ERROR] (Minecraft) Declared size -1664756149 of chunk [-23, 23] is negative
[21:00:45] [IO-Worker-1/WARN] (Minecraft) Chunk has both internal and external streams
[21:00:45] [IO-Worker-1/ERROR] (Minecraft) External chunk path /Users/magje/code/mods/jade-modded-entities/fabric/runs/client/saves/New World/region/c.-22.23.mcc is not file
[21:00:45] [IO-Worker-2/WARN] (Minecraft) Chunk has both internal and external streams
[21:00:45] [IO-Worker-2/ERROR] (Minecraft) External chunk path /Users/magje/code/mods/jade-modded-entities/fabric/runs/client/saves/New World/region/c.-21.23.mcc is not file
[21:00:45] [IO-Worker-1/WARN] (Minecraft) Chunk has both internal and external streams
[21:00:45] [IO-Worker-1/ERROR] (Minecraft) External chunk path /Users/magje/code/mods/jade-modded-entities/fabric/runs/client/saves/New World/region/c.-20.23.mcc is not file
[21:00:45] [IO-Worker-2/WARN] (Minecraft) Chunk has both internal and external streams
[21:00:45] [IO-Worker-2/ERROR] (Minecraft) External chunk path /Users/magje/code/mods/jade-modded-entities/fabric/runs/client/saves/New World/region/c.-19.23.mcc is not file
[21:00:45] [IO-Worker-1/ERROR] (Minecraft) Chunk [-18, 23] stream is truncated: expected 883194355 but read 4091
[21:00:45] [IO-Worker-2/ERROR] (Minecraft) Declared size -799335726 of chunk [-17, 23] is negative
[21:00:45] [IO-Worker-1/ERROR] (Minecraft) Chunk [-16, 23] stream is truncated: expected 449985785 but read 4091
[21:00:45] [IO-Worker-2/ERROR] (Minecraft) Chunk [-15, 23] stream is truncated: expected 449985785 but read 4091
[21:00:45] [IO-Worker-1/ERROR] (Minecraft) Declared size -767755774 of chunk [-14, 23] is negative
[21:00:45] [IO-Worker-2/ERROR] (Minecraft) Chunk [-13, 23] stream is truncated: expected 449985785 but read 4091
[21:00:45] [IO-Worker-1/ERROR] (Minecraft) Declared size -622961185 of chunk [-12, 23] is negative
[21:00:45] [IO-Worker-2/ERROR] (Minecraft) Chunk [-11, 23] stream is truncated: expected 449985785 but read 4091
[21:00:45] [IO-Worker-1/ERROR] (Minecraft) Declared size -767755774 of chunk [-10, 23] is negative
[21:00:45] [IO-Worker-2/ERROR] (Minecraft) Declared size -767755774 of chunk [-9, 23] is negative
[21:00:45] [IO-Worker-1/ERROR] (Minecraft) Chunk [-8, 23] stream is truncated: expected 449985785 but read 4091
[21:00:45] [IO-Worker-2/ERROR] (Minecraft) Chunk [-7, 23] stream is truncated: expected 449985785 but read 4091
[21:00:45] [IO-Worker-1/WARN] (Minecraft) Chunk has both internal and external streams
[21:00:45] [IO-Worker-1/ERROR] (Minecraft) External chunk path /Users/magje/code/mods/jade-modded-entities/fabric/runs/client/saves/New World/region/c.-6.23.mcc is not file
[21:00:45] [IO-Worker-2/ERROR] (Minecraft) Chunk [-5, 23] stream is truncated: expected 449985785 but read 4091
[21:00:45] [IO-Worker-1/WARN] (Minecraft) Chunk has both internal and external streams
[21:00:45] [IO-Worker-1/ERROR] (Minecraft) External chunk path /Users/magje/code/mods/jade-modded-entities/fabric/runs/client/saves/New World/region/c.-4.23.mcc is not file
[21:00:45] [IO-Worker-2/ERROR] (Minecraft) Chunk [-3, 23] stream is truncated: expected 449985785 but read 4091
[21:00:45] [IO-Worker-2/ERROR] (Minecraft) Chunk [-2, 23] stream is truncated: expected 449985785 but read 4091
[21:00:45] [IO-Worker-2/ERROR] (Minecraft) Chunk [-1, 23] stream is truncated: expected 883186105 but read 4091
[21:00:45] [IO-Worker-1/WARN] (Minecraft) Chunk has both internal and external streams
[21:00:45] [IO-Worker-1/ERROR] (Minecraft) External chunk path /Users/magje/code/mods/jade-modded-entities/fabric/runs/client/saves/New World/region/c.-23.24.mcc is not file
[21:00:45] [IO-Worker-1/ERROR] (Minecraft) Chunk [-22, 24] stream is truncated: expected 268886206 but read 4091
[21:00:45] [IO-Worker-2/WARN] (Minecraft) Chunk has both internal and external streams
[21:00:45] [IO-Worker-2/ERROR] (Minecraft) External chunk path /Users/magje/code/mods/jade-modded-entities/fabric/runs/client/saves/New World/region/c.-21.24.mcc is not file
[21:00:45] [IO-Worker-1/WARN] (Minecraft) Chunk has both internal and external streams
[21:00:45] [IO-Worker-1/ERROR] (Minecraft) External chunk path /Users/magje/code/mods/jade-modded-entities/fabric/runs/client/saves/New World/region/c.-20.24.mcc is not file
[21:00:45] [IO-Worker-2/WARN] (Minecraft) Chunk has both internal and external streams
[21:00:45] [IO-Worker-2/ERROR] (Minecraft) External chunk path /Users/magje/code/mods/jade-modded-entities/fabric/runs/client/saves/New World/region/c.-19.24.mcc is not file
[21:00:45] [IO-Worker-1/WARN] (Minecraft) Chunk has both internal and external streams
[21:00:45] [IO-Worker-1/ERROR] (Minecraft) External chunk path /Users/magje/code/mods/jade-modded-entities/fabric/runs/client/saves/New World/region/c.-18.24.mcc is not file
[21:00:45] [IO-Worker-2/WARN] (Minecraft) Chunk has both internal and external streams
[21:00:45] [IO-Worker-2/ERROR] (Minecraft) External chunk path /Users/magje/code/mods/jade-modded-entities/fabric/runs/client/saves/New World/region/c.-17.24.mcc is not file
[21:00:45] [IO-Worker-1/WARN] (Minecraft) Chunk has both internal and external streams
[21:00:45] [IO-Worker-1/ERROR] (Minecraft) External chunk path /Users/magje/code/mods/jade-modded-entities/fabric/runs/client/saves/New World/region/c.-16.24.mcc is not file
[21:00:45] [IO-Worker-2/WARN] (Minecraft) Chunk has both internal and external streams
[21:00:45] [IO-Worker-2/ERROR] (Minecraft) External chunk path /Users/magje/code/mods/jade-modded-entities/fabric/runs/client/saves/New World/region/c.-15.24.mcc is not file
[21:00:45] [IO-Worker-1/WARN] (Minecraft) Chunk has both internal and external streams
[21:00:45] [IO-Worker-1/ERROR] (Minecraft) External chunk path /Users/magje/code/mods/jade-modded-entities/fabric/runs/client/saves/New World/region/c.-14.24.mcc is not file
[21:00:45] [IO-Worker-2/WARN] (Minecraft) Chunk has both internal and external streams
[21:00:45] [IO-Worker-2/ERROR] (Minecraft) External chunk path /Users/magje/code/mods/jade-modded-entities/fabric/runs/client/saves/New World/region/c.-13.24.mcc is not file
[21:00:45] [IO-Worker-1/WARN] (Minecraft) Chunk has both internal and external streams
[21:00:45] [IO-Worker-1/ERROR] (Minecraft) External chunk path /Users/magje/code/mods/jade-modded-entities/fabric/runs/client/saves/New World/region/c.-12.24.mcc is not file
[21:00:45] [IO-Worker-2/WARN] (Minecraft) Chunk has both internal and external streams
[21:00:45] [IO-Worker-2/ERROR] (Minecraft) External chunk path /Users/magje/code/mods/jade-modded-entities/fabric/runs/client/saves/New World/region/c.-11.24.mcc is not file
[21:00:45] [IO-Worker-1/WARN] (Minecraft) Chunk has both internal and external streams
[21:00:45] [IO-Worker-1/ERROR] (Minecraft) External chunk path /Users/magje/code/mods/jade-modded-entities/fabric/runs/client/saves/New World/region/c.-10.24.mcc is not file
[21:00:45] [IO-Worker-2/WARN] (Minecraft) Chunk has both internal and external streams
[21:00:45] [IO-Worker-2/ERROR] (Minecraft) External chunk path /Users/magje/code/mods/jade-modded-entities/fabric/runs/client/saves/New World/region/c.-9.24.mcc is not file
[21:00:45] [IO-Worker-1/WARN] (Minecraft) Chunk has both internal and external streams
[21:00:45] [IO-Worker-1/ERROR] (Minecraft) External chunk path /Users/magje/code/mods/jade-modded-entities/fabric/runs/client/saves/New World/region/c.-8.24.mcc is not file
[21:00:45] [IO-Worker-2/WARN] (Minecraft) Chunk has both internal and external streams
[21:00:45] [IO-Worker-2/ERROR] (Minecraft) External chunk path /Users/magje/code/mods/jade-modded-entities/fabric/runs/client/saves/New World/region/c.-7.24.mcc is not file
[21:00:45] [IO-Worker-1/ERROR] (Minecraft) Chunk [-6, 24] stream is truncated: expected 806356431 but read 4091
[21:00:45] [IO-Worker-2/WARN] (Minecraft) Chunk has both internal and external streams
[21:00:45] [IO-Worker-2/ERROR] (Minecraft) External chunk path /Users/magje/code/mods/jade-modded-entities/fabric/runs/client/saves/New World/region/c.-5.24.mcc is not file
[21:00:45] [IO-Worker-1/WARN] (Minecraft) Chunk has both internal and external streams
[21:00:45] [IO-Worker-1/ERROR] (Minecraft) External chunk path /Users/magje/code/mods/jade-modded-entities/fabric/runs/client/saves/New World/region/c.-4.24.mcc is not file
[21:00:45] [IO-Worker-2/WARN] (Minecraft) Chunk has both internal and external streams
[21:00:45] [IO-Worker-2/ERROR] (Minecraft) External chunk path /Users/magje/code/mods/jade-modded-entities/fabric/runs/client/saves/New World/region/c.-3.24.mcc is not file
[21:00:45] [IO-Worker-1/WARN] (Minecraft) Chunk has both internal and external streams
[21:00:45] [IO-Worker-1/ERROR] (Minecraft) External chunk path /Users/magje/code/mods/jade-modded-entities/fabric/runs/client/saves/New World/region/c.-2.24.mcc is not file
[21:00:45] [IO-Worker-2/WARN] (Minecraft) Chunk has both internal and external streams
[21:00:45] [IO-Worker-2/ERROR] (Minecraft) External chunk path /Users/magje/code/mods/jade-modded-entities/fabric/runs/client/saves/New World/region/c.-1.24.mcc is not file
[21:00:45] [IO-Worker-3/WARN] (Minecraft) Chunk has both internal and external streams
[21:00:45] [IO-Worker-3/ERROR] (Minecraft) External chunk path /Users/magje/code/mods/jade-modded-entities/fabric/runs/client/saves/New World/region/c.-23.25.mcc is not file
[21:00:45] [IO-Worker-3/WARN] (Minecraft) Chunk has both internal and external streams
[21:00:45] [IO-Worker-3/ERROR] (Minecraft) External chunk path /Users/magje/code/mods/jade-modded-entities/fabric/runs/client/saves/New World/region/c.-22.25.mcc is not file
[21:00:45] [IO-Worker-2/WARN] (Minecraft) Chunk has both internal and external streams
[21:00:45] [IO-Worker-2/ERROR] (Minecraft) External chunk path /Users/magje/code/mods/jade-modded-entities/fabric/runs/client/saves/New World/region/c.-21.25.mcc is not file
[21:00:45] [IO-Worker-3/WARN] (Minecraft) Chunk has both internal and external streams
[21:00:45] [IO-Worker-3/ERROR] (Minecraft) External chunk path /Users/magje/code/mods/jade-modded-entities/fabric/runs/client/saves/New World/region/c.-20.25.mcc is not file
[21:00:45] [IO-Worker-2/WARN] (Minecraft) Chunk has both internal and external streams
[21:00:45] [IO-Worker-2/ERROR] (Minecraft) External chunk path /Users/magje/code/mods/jade-modded-entities/fabric/runs/client/saves/New World/region/c.-19.25.mcc is not file
[21:00:45] [IO-Worker-3/WARN] (Minecraft) Chunk has both internal and external streams
[21:00:45] [IO-Worker-3/ERROR] (Minecraft) External chunk path /Users/magje/code/mods/jade-modded-entities/fabric/runs/client/saves/New World/region/c.-18.25.mcc is not file
[21:00:45] [IO-Worker-2/ERROR] (Minecraft) Chunk [-17, 25] stream is truncated: expected 806356431 but read 4091
[21:00:45] [IO-Worker-3/ERROR] (Minecraft) Chunk [-16, 25] stream is truncated: expected 806356431 but read 4091
[21:00:45] [IO-Worker-2/ERROR] (Minecraft) Chunk [-15, 25] stream is truncated: expected 268816474 but read 4091
[21:00:45] [IO-Worker-3/ERROR] (Minecraft) Chunk [-14, 25] stream is truncated: expected 268816474 but read 4091
[21:00:45] [IO-Worker-2/ERROR] (Minecraft) Chunk [-13, 25] stream is truncated: expected 806356431 but read 4091
[21:00:45] [IO-Worker-3/ERROR] (Minecraft) Chunk [-12, 25] stream is truncated: expected 268816474 but read 4091
[21:00:45] [IO-Worker-2/ERROR] (Minecraft) Chunk [-11, 25] stream is truncated: expected 806356431 but read 4091
[21:00:45] [IO-Worker-3/ERROR] (Minecraft) Chunk [-10, 25] stream is truncated: expected 806356431 but read 4091
[21:00:45] [IO-Worker-2/ERROR] (Minecraft) Chunk [-9, 25] stream is truncated: expected 806356431 but read 4091
[21:00:45] [IO-Worker-3/ERROR] (Minecraft) Chunk [-8, 25] stream is truncated: expected 806356431 but read 4091
[21:00:45] [IO-Worker-2/ERROR] (Minecraft) Chunk [-7, 25] stream is truncated: expected 806356431 but read 4091
[21:00:45] [IO-Worker-2/ERROR] (Minecraft) Chunk [-6, 25] stream is truncated: expected 335925338 but read 4091
[21:00:45] [IO-Worker-3/WARN] (Minecraft) Chunk has both internal and external streams
[21:00:45] [IO-Worker-3/ERROR] (Minecraft) External chunk path /Users/magje/code/mods/jade-modded-entities/fabric/runs/client/saves/New World/region/c.-5.25.mcc is not file
[21:00:45] [IO-Worker-2/ERROR] (Minecraft) Chunk [-4, 25] stream is truncated: expected 1091569375 but read 4091
[21:00:45] [IO-Worker-2/ERROR] (Minecraft) Chunk [-2, 25] stream is truncated: expected 806356431 but read 4091
[21:00:45] [IO-Worker-3/ERROR] (Minecraft) Chunk [-1, 25] stream is truncated: expected 268886206 but read 4091
[21:00:45] [IO-Worker-3/ERROR] (Minecraft) Declared size -1601548830 of chunk [0, -25] is negative
[21:00:45] [IO-Worker-1/WARN] (Minecraft) Chunk has both internal and external streams
[21:00:45] [IO-Worker-1/ERROR] (Minecraft) External chunk path /Users/magje/code/mods/jade-modded-entities/fabric/runs/client/saves/New World/region/c.1.-25.mcc is not file
[21:00:45] [IO-Worker-3/WARN] (Minecraft) Chunk has both internal and external streams
[21:00:45] [IO-Worker-3/ERROR] (Minecraft) External chunk path /Users/magje/code/mods/jade-modded-entities/fabric/runs/client/saves/New World/region/c.2.-25.mcc is not file
[21:00:45] [IO-Worker-1/ERROR] (Minecraft) Declared size -2144717175 of chunk [3, -25] is negative
[21:00:45] [IO-Worker-1/WARN] (Minecraft) Chunk has both internal and external streams
[21:00:45] [IO-Worker-1/ERROR] (Minecraft) External chunk path /Users/magje/code/mods/jade-modded-entities/fabric/runs/client/saves/New World/region/c.4.-25.mcc is not file
[21:00:45] [IO-Worker-3/WARN] (Minecraft) Chunk has both internal and external streams
[21:00:45] [IO-Worker-3/ERROR] (Minecraft) External chunk path /Users/magje/code/mods/jade-modded-entities/fabric/runs/client/saves/New World/region/c.5.-25.mcc is not file
[21:00:45] [IO-Worker-3/WARN] (Minecraft) Chunk has both internal and external streams
[21:00:45] [IO-Worker-3/ERROR] (Minecraft) External chunk path /Users/magje/code/mods/jade-modded-entities/fabric/runs/client/saves/New World/region/c.6.-25.mcc is not file
[21:00:45] [IO-Worker-1/WARN] (Minecraft) Chunk has both internal and external streams
[21:00:45] [IO-Worker-1/ERROR] (Minecraft) External chunk path /Users/magje/code/mods/jade-modded-entities/fabric/runs/client/saves/New World/region/c.7.-25.mcc is not file
[21:00:45] [IO-Worker-1/WARN] (Minecraft) Chunk has both internal and external streams
[21:00:45] [IO-Worker-1/ERROR] (Minecraft) External chunk path /Users/magje/code/mods/jade-modded-entities/fabric/runs/client/saves/New World/region/c.8.-25.mcc is not file
[21:00:45] [IO-Worker-1/WARN] (Minecraft) Chunk has both internal and external streams
[21:00:45] [IO-Worker-1/ERROR] (Minecraft) External chunk path /Users/magje/code/mods/jade-modded-entities/fabric/runs/client/saves/New World/region/c.9.-25.mcc is not file
[21:00:45] [IO-Worker-3/ERROR] (Minecraft) Chunk [10, -25] stream is truncated: expected 39121297 but read 4091
[21:00:45] [IO-Worker-3/WARN] (Minecraft) Chunk has both internal and external streams
[21:00:45] [IO-Worker-3/ERROR] (Minecraft) External chunk path /Users/magje/code/mods/jade-modded-entities/fabric/runs/client/saves/New World/region/c.11.-25.mcc is not file
[21:00:45] [IO-Worker-1/WARN] (Minecraft) Chunk has both internal and external streams
[21:00:45] [IO-Worker-1/ERROR] (Minecraft) External chunk path /Users/magje/code/mods/jade-modded-entities/fabric/runs/client/saves/New World/region/c.12.-25.mcc is not file
[21:00:45] [IO-Worker-1/ERROR] (Minecraft) Chunk [13, -25] stream is truncated: expected 304137290 but read 4091
[21:00:45] [IO-Worker-1/ERROR] (Minecraft) Chunk [14, -25] stream is truncated: expected 304137290 but read 4091
[21:00:45] [IO-Worker-1/ERROR] (Minecraft) Chunk [15, -25] stream is truncated: expected 274895671 but read 4091
[21:00:45] [IO-Worker-1/WARN] (Minecraft) Chunk has both internal and external streams
[21:00:45] [IO-Worker-1/ERROR] (Minecraft) External chunk path /Users/magje/code/mods/jade-modded-entities/fabric/runs/client/saves/New World/region/c.16.-25.mcc is not file
[21:00:45] [IO-Worker-3/ERROR] (Minecraft) Chunk [17, -25] stream is truncated: expected 1075130248 but read 4091
[21:00:45] [IO-Worker-3/WARN] (Minecraft) Chunk has both internal and external streams
[21:00:45] [IO-Worker-3/ERROR] (Minecraft) External chunk path /Users/magje/code/mods/jade-modded-entities/fabric/runs/client/saves/New World/region/c.18.-25.mcc is not file
[21:00:45] [IO-Worker-3/WARN] (Minecraft) Chunk has both internal and external streams
[21:00:45] [IO-Worker-3/ERROR] (Minecraft) External chunk path /Users/magje/code/mods/jade-modded-entities/fabric/runs/client/saves/New World/region/c.19.-25.mcc is not file
[21:00:45] [IO-Worker-3/ERROR] (Minecraft) Chunk [20, -25] stream is truncated: expected 27973667 but read 4091
[21:00:45] [IO-Worker-1/ERROR] (Minecraft) Chunk [21, -25] stream is truncated: expected 156288330 but read 4091
[21:00:45] [IO-Worker-1/ERROR] (Minecraft) Chunk [22, -25] stream is truncated: expected 156288330 but read 4091
[21:00:45] [IO-Worker-1/WARN] (Minecraft) Chunk has both internal and external streams
[21:00:45] [IO-Worker-1/ERROR] (Minecraft) External chunk path /Users/magje/code/mods/jade-modded-entities/fabric/runs/client/saves/New World/region/c.23.-25.mcc is not file
[21:00:45] [IO-Worker-1/ERROR] (Minecraft) Chunk [24, -25] stream is truncated: expected 274895671 but read 4091
[21:00:45] [IO-Worker-1/WARN] (Minecraft) Chunk has both internal and external streams
[21:00:45] [IO-Worker-1/ERROR] (Minecraft) External chunk path /Users/magje/code/mods/jade-modded-entities/fabric/runs/client/saves/New World/region/c.25.-25.mcc is not file
[21:00:45] [IO-Worker-1/WARN] (Minecraft) Chunk has both internal and external streams
[21:00:45] [IO-Worker-1/ERROR] (Minecraft) External chunk path /Users/magje/code/mods/jade-modded-entities/fabric/runs/client/saves/New World/region/c.26.-25.mcc is not file
[21:00:45] [IO-Worker-3/ERROR] (Minecraft) Declared size -1535511547 of chunk [27, -25] is negative
[21:00:45] [IO-Worker-3/ERROR] (Minecraft) Declared size -1601548830 of chunk [0, -24] is negative
[21:00:45] [IO-Worker-1/ERROR] (Minecraft) Declared size -1879039650 of chunk [1, -24] is negative
[21:00:45] [IO-Worker-3/WARN] (Minecraft) Chunk has both internal and external streams
[21:00:45] [IO-Worker-3/ERROR] (Minecraft) External chunk path /Users/magje/code/mods/jade-modded-entities/fabric/runs/client/saves/New World/region/c.2.-24.mcc is not file
[21:00:45] [IO-Worker-1/ERROR] (Minecraft) Declared size -2144717175 of chunk [3, -24] is negative
[21:00:45] [IO-Worker-3/WARN] (Minecraft) Chunk has both internal and external streams
[21:00:45] [IO-Worker-3/ERROR] (Minecraft) External chunk path /Users/magje/code/mods/jade-modded-entities/fabric/runs/client/saves/New World/region/c.4.-24.mcc is not file
[21:00:45] [IO-Worker-1/WARN] (Minecraft) Chunk has both internal and external streams
[21:00:45] [IO-Worker-1/ERROR] (Minecraft) External chunk path /Users/magje/code/mods/jade-modded-entities/fabric/runs/client/saves/New World/region/c.5.-24.mcc is not file
[21:00:45] [IO-Worker-1/WARN] (Minecraft) Chunk has both internal and external streams
[21:00:45] [IO-Worker-1/ERROR] (Minecraft) External chunk path /Users/magje/code/mods/jade-modded-entities/fabric/runs/client/saves/New World/region/c.6.-24.mcc is not file
[21:00:45] [IO-Worker-3/WARN] (Minecraft) Chunk has both internal and external streams
[21:00:45] [IO-Worker-3/ERROR] (Minecraft) External chunk path /Users/magje/code/mods/jade-modded-entities/fabric/runs/client/saves/New World/region/c.7.-24.mcc is not file
[21:00:45] [IO-Worker-3/ERROR] (Minecraft) Declared size -995921787 of chunk [8, -24] is negative
[21:00:45] [IO-Worker-3/WARN] (Minecraft) Chunk has both internal and external streams
[21:00:45] [IO-Worker-3/ERROR] (Minecraft) External chunk path /Users/magje/code/mods/jade-modded-entities/fabric/runs/client/saves/New World/region/c.9.-24.mcc is not file
[21:00:45] [IO-Worker-3/ERROR] (Minecraft) Chunk [10, -24] stream is truncated: expected 39121297 but read 4091
[21:00:45] [IO-Worker-3/WARN] (Minecraft) Chunk has both internal and external streams
[21:00:45] [IO-Worker-3/ERROR] (Minecraft) External chunk path /Users/magje/code/mods/jade-modded-entities/fabric/runs/client/saves/New World/region/c.11.-24.mcc is not file
[21:00:45] [IO-Worker-3/WARN] (Minecraft) Chunk has both internal and external streams
[21:00:45] [IO-Worker-3/ERROR] (Minecraft) External chunk path /Users/magje/code/mods/jade-modded-entities/fabric/runs/client/saves/New World/region/c.12.-24.mcc is not file
[21:00:45] [IO-Worker-3/ERROR] (Minecraft) Chunk [13, -24] stream is truncated: expected 304137290 but read 4091
[21:00:45] [IO-Worker-3/ERROR] (Minecraft) Chunk [14, -24] stream is truncated: expected 304137290 but read 4091
[21:00:45] [IO-Worker-1/ERROR] (Minecraft) Chunk [15, -24] stream is truncated: expected 274895671 but read 4091
[21:00:45] [IO-Worker-3/WARN] (Minecraft) Chunk has both internal and external streams
[21:00:45] [IO-Worker-3/ERROR] (Minecraft) External chunk path /Users/magje/code/mods/jade-modded-entities/fabric/runs/client/saves/New World/region/c.16.-24.mcc is not file
[21:00:45] [IO-Worker-1/WARN] (Minecraft) Chunk has both internal and external streams
[21:00:45] [IO-Worker-1/ERROR] (Minecraft) External chunk path /Users/magje/code/mods/jade-modded-entities/fabric/runs/client/saves/New World/region/c.17.-24.mcc is not file
[21:00:45] [IO-Worker-1/ERROR] (Minecraft) Chunk [18, -24] stream is truncated: expected 536980087 but read 4091
[21:00:45] [IO-Worker-3/WARN] (Minecraft) Chunk has both internal and external streams
[21:00:45] [IO-Worker-3/ERROR] (Minecraft) External chunk path /Users/magje/code/mods/jade-modded-entities/fabric/runs/client/saves/New World/region/c.19.-24.mcc is not file
[21:00:45] [IO-Worker-1/ERROR] (Minecraft) Chunk [20, -24] stream is truncated: expected 27973667 but read 4091
[21:00:45] [IO-Worker-3/ERROR] (Minecraft) Chunk [21, -24] stream is truncated: expected 156288330 but read 4091
[21:00:45] [IO-Worker-1/ERROR] (Minecraft) Chunk [22, -24] stream is truncated: expected 610500 but read 4091
[21:00:45] [IO-Worker-3/ERROR] (Minecraft) Chunk [23, -24] stream is truncated: expected 1075610924 but read 4091
[21:00:45] [IO-Worker-1/ERROR] (Minecraft) Chunk [24, -24] stream is truncated: expected 274895671 but read 4091
[21:00:45] [IO-Worker-3/WARN] (Minecraft) Chunk has both internal and external streams
[21:00:45] [IO-Worker-3/ERROR] (Minecraft) External chunk path /Users/magje/code/mods/jade-modded-entities/fabric/runs/client/saves/New World/region/c.25.-24.mcc is not file
[21:00:45] [IO-Worker-1/WARN] (Minecraft) Chunk has both internal and external streams
[21:00:45] [IO-Worker-1/ERROR] (Minecraft) External chunk path /Users/magje/code/mods/jade-modded-entities/fabric/runs/client/saves/New World/region/c.26.-24.mcc is not file
[21:00:45] [IO-Worker-3/ERROR] (Minecraft) Chunk [27, -24] stream is truncated: expected 39121297 but read 4091
[21:00:45] [IO-Worker-1/ERROR] (Minecraft) Declared size -1601548830 of chunk [0, -23] is negative
[21:00:45] [IO-Worker-3/WARN] (Minecraft) Chunk has both internal and external streams
[21:00:45] [IO-Worker-3/ERROR] (Minecraft) External chunk path /Users/magje/code/mods/jade-modded-entities/fabric/runs/client/saves/New World/region/c.1.-23.mcc is not file
[21:00:45] [IO-Worker-1/WARN] (Minecraft) Chunk has both internal and external streams
[21:00:45] [IO-Worker-1/ERROR] (Minecraft) External chunk path /Users/magje/code/mods/jade-modded-entities/fabric/runs/client/saves/New World/region/c.2.-23.mcc is not file
[21:00:45] [IO-Worker-3/ERROR] (Minecraft) Declared size -2144717175 of chunk [3, -23] is negative
[21:00:45] [IO-Worker-1/WARN] (Minecraft) Chunk has both internal and external streams
[21:00:45] [IO-Worker-1/ERROR] (Minecraft) External chunk path /Users/magje/code/mods/jade-modded-entities/fabric/runs/client/saves/New World/region/c.4.-23.mcc is not file
[21:00:45] [IO-Worker-3/WARN] (Minecraft) Chunk has both internal and external streams
[21:00:45] [IO-Worker-3/ERROR] (Minecraft) External chunk path /Users/magje/code/mods/jade-modded-entities/fabric/runs/client/saves/New World/region/c.5.-23.mcc is not file
[21:00:45] [IO-Worker-3/WARN] (Minecraft) Chunk has both internal and external streams
[21:00:45] [IO-Worker-3/ERROR] (Minecraft) External chunk path /Users/magje/code/mods/jade-modded-entities/fabric/runs/client/saves/New World/region/c.6.-23.mcc is not file
[21:00:45] [IO-Worker-1/WARN] (Minecraft) Chunk has both internal and external streams
[21:00:45] [IO-Worker-1/ERROR] (Minecraft) External chunk path /Users/magje/code/mods/jade-modded-entities/fabric/runs/client/saves/New World/region/c.7.-23.mcc is not file
[21:00:45] [IO-Worker-1/WARN] (Minecraft) Chunk has both internal and external streams
[21:00:45] [IO-Worker-1/ERROR] (Minecraft) External chunk path /Users/magje/code/mods/jade-modded-entities/fabric/runs/client/saves/New World/region/c.8.-23.mcc is not file
[21:00:45] [IO-Worker-3/WARN] (Minecraft) Chunk has both internal and external streams
[21:00:45] [IO-Worker-3/ERROR] (Minecraft) External chunk path /Users/magje/code/mods/jade-modded-entities/fabric/runs/client/saves/New World/region/c.9.-23.mcc is not file
[21:00:45] [IO-Worker-1/ERROR] (Minecraft) Chunk [10, -23] stream is truncated: expected 39121297 but read 4091
[21:00:45] [IO-Worker-3/WARN] (Minecraft) Chunk has both internal and external streams
[21:00:45] [IO-Worker-3/ERROR] (Minecraft) External chunk path /Users/magje/code/mods/jade-modded-entities/fabric/runs/client/saves/New World/region/c.11.-23.mcc is not file
[21:00:45] [IO-Worker-1/WARN] (Minecraft) Chunk has both internal and external streams
[21:00:45] [IO-Worker-1/ERROR] (Minecraft) External chunk path /Users/magje/code/mods/jade-modded-entities/fabric/runs/client/saves/New World/region/c.12.-23.mcc is not file
[21:00:45] [IO-Worker-3/ERROR] (Minecraft) Chunk [13, -23] stream is truncated: expected 304137290 but read 4091
[21:00:45] [IO-Worker-3/ERROR] (Minecraft) Chunk [14, -23] stream is truncated: expected 304137290 but read 4091
[21:00:45] [IO-Worker-1/ERROR] (Minecraft) Chunk [15, -23] stream is truncated: expected 274895671 but read 4091
[21:00:45] [IO-Worker-1/WARN] (Minecraft) Chunk has both internal and external streams
[21:00:45] [IO-Worker-1/ERROR] (Minecraft) External chunk path /Users/magje/code/mods/jade-modded-entities/fabric/runs/client/saves/New World/region/c.16.-23.mcc is not file
[21:00:45] [IO-Worker-1/WARN] (Minecraft) Chunk has both internal and external streams
[21:00:45] [IO-Worker-1/ERROR] (Minecraft) External chunk path /Users/magje/code/mods/jade-modded-entities/fabric/runs/client/saves/New World/region/c.17.-23.mcc is not file
[21:00:45] [IO-Worker-3/WARN] (Minecraft) Chunk has both internal and external streams
[21:00:45] [IO-Worker-3/ERROR] (Minecraft) External chunk path /Users/magje/code/mods/jade-modded-entities/fabric/runs/client/saves/New World/region/c.18.-23.mcc is not file
[21:00:45] [IO-Worker-1/WARN] (Minecraft) Chunk has both internal and external streams
[21:00:45] [IO-Worker-1/ERROR] (Minecraft) External chunk path /Users/magje/code/mods/jade-modded-entities/fabric/runs/client/saves/New World/region/c.19.-23.mcc is not file
[21:00:45] [IO-Worker-3/WARN] (Minecraft) Chunk has both internal and external streams
[21:00:45] [IO-Worker-3/ERROR] (Minecraft) External chunk path /Users/magje/code/mods/jade-modded-entities/fabric/runs/client/saves/New World/region/c.20.-23.mcc is not file
[21:00:45] [IO-Worker-1/ERROR] (Minecraft) Chunk [21, -23] stream is truncated: expected 1355107169 but read 4091
[21:00:45] [IO-Worker-3/ERROR] (Minecraft) Chunk [22, -23] stream is truncated: expected 156288330 but read 4091
[21:00:45] [IO-Worker-3/ERROR] (Minecraft) Chunk [23, -23] stream is truncated: expected 39121297 but read 4091
[21:00:45] [IO-Worker-3/ERROR] (Minecraft) Chunk [24, -23] stream is truncated: expected 274895671 but read 4091
[21:00:45] [IO-Worker-1/WARN] (Minecraft) Chunk has both internal and external streams
[21:00:45] [IO-Worker-1/ERROR] (Minecraft) External chunk path /Users/magje/code/mods/jade-modded-entities/fabric/runs/client/saves/New World/region/c.25.-23.mcc is not file
[21:00:45] [IO-Worker-1/WARN] (Minecraft) Chunk has both internal and external streams
[21:00:45] [IO-Worker-1/ERROR] (Minecraft) External chunk path /Users/magje/code/mods/jade-modded-entities/fabric/runs/client/saves/New World/region/c.26.-23.mcc is not file
[21:00:45] [IO-Worker-3/ERROR] (Minecraft) Chunk [27, -23] stream is truncated: expected 39121297 but read 4091
[21:00:45] [IO-Worker-3/ERROR] (Minecraft) Declared size -1601548830 of chunk [0, -22] is negative
[21:00:45] [IO-Worker-1/WARN] (Minecraft) Chunk has both internal and external streams
[21:00:45] [IO-Worker-1/ERROR] (Minecraft) External chunk path /Users/magje/code/mods/jade-modded-entities/fabric/runs/client/saves/New World/region/c.1.-22.mcc is not file
[21:00:45] [IO-Worker-3/WARN] (Minecraft) Chunk has both internal and external streams
[21:00:45] [IO-Worker-3/ERROR] (Minecraft) External chunk path /Users/magje/code/mods/jade-modded-entities/fabric/runs/client/saves/New World/region/c.2.-22.mcc is not file
[21:00:45] [IO-Worker-1/WARN] (Minecraft) Chunk has both internal and external streams
[21:00:45] [IO-Worker-1/ERROR] (Minecraft) External chunk path /Users/magje/code/mods/jade-modded-entities/fabric/runs/client/saves/New World/region/c.3.-22.mcc is not file
[21:00:45] [IO-Worker-3/WARN] (Minecraft) Chunk has both internal and external streams
[21:00:45] [IO-Worker-3/ERROR] (Minecraft) External chunk path /Users/magje/code/mods/jade-modded-entities/fabric/runs/client/saves/New World/region/c.4.-22.mcc is not file
[21:00:45] [IO-Worker-1/ERROR] (Minecraft) Declared size -1434957396 of chunk [5, -22] is negative
[21:00:45] [IO-Worker-3/WARN] (Minecraft) Chunk has both internal and external streams
[21:00:45] [IO-Worker-3/ERROR] (Minecraft) External chunk path /Users/magje/code/mods/jade-modded-entities/fabric/runs/client/saves/New World/region/c.6.-22.mcc is not file
[21:00:45] [IO-Worker-3/WARN] (Minecraft) Chunk has both internal and external streams
[21:00:45] [IO-Worker-3/ERROR] (Minecraft) External chunk path /Users/magje/code/mods/jade-modded-entities/fabric/runs/client/saves/New World/region/c.7.-22.mcc is not file
[21:00:45] [IO-Worker-1/WARN] (Minecraft) Chunk has both internal and external streams
[21:00:45] [IO-Worker-1/ERROR] (Minecraft) External chunk path /Users/magje/code/mods/jade-modded-entities/fabric/runs/client/saves/New World/region/c.8.-22.mcc is not file
[21:00:45] [IO-Worker-3/WARN] (Minecraft) Chunk has both internal and external streams
[21:00:45] [IO-Worker-3/ERROR] (Minecraft) External chunk path /Users/magje/code/mods/jade-modded-entities/fabric/runs/client/saves/New World/region/c.9.-22.mcc is not file
[21:00:45] [IO-Worker-1/ERROR] (Minecraft) Chunk [10, -22] stream is truncated: expected 39121297 but read 4091
[21:00:45] [IO-Worker-1/WARN] (Minecraft) Chunk has both internal and external streams
[21:00:45] [IO-Worker-1/ERROR] (Minecraft) External chunk path /Users/magje/code/mods/jade-modded-entities/fabric/runs/client/saves/New World/region/c.11.-22.mcc is not file
[21:00:45] [IO-Worker-3/WARN] (Minecraft) Chunk has both internal and external streams
[21:00:45] [IO-Worker-3/ERROR] (Minecraft) External chunk path /Users/magje/code/mods/jade-modded-entities/fabric/runs/client/saves/New World/region/c.12.-22.mcc is not file
[21:00:45] [IO-Worker-1/ERROR] (Minecraft) Chunk [13, -22] stream is truncated: expected 304137290 but read 4091
[21:00:45] [IO-Worker-3/ERROR] (Minecraft) Chunk [14, -22] stream is truncated: expected 304137290 but read 4091
[21:00:45] [IO-Worker-1/ERROR] (Minecraft) Chunk [15, -22] stream is truncated: expected 274895671 but read 4091
[21:00:45] [IO-Worker-1/WARN] (Minecraft) Chunk has both internal and external streams
[21:00:45] [IO-Worker-1/ERROR] (Minecraft) External chunk path /Users/magje/code/mods/jade-modded-entities/fabric/runs/client/saves/New World/region/c.16.-22.mcc is not file
[21:00:45] [IO-Worker-1/ERROR] (Minecraft) Chunk [17, -22] stream is truncated: expected 1075130248 but read 4091
[21:00:45] [IO-Worker-3/ERROR] (Minecraft) Declared size -1434957396 of chunk [18, -22] is negative
[21:00:45] [IO-Worker-1/WARN] (Minecraft) Chunk has both internal and external streams
[21:00:45] [IO-Worker-1/ERROR] (Minecraft) External chunk path /Users/magje/code/mods/jade-modded-entities/fabric/runs/client/saves/New World/region/c.19.-22.mcc is not file
[21:00:45] [IO-Worker-1/ERROR] (Minecraft) Chunk [20, -22] stream is truncated: expected 27973667 but read 4091
[21:00:45] [IO-Worker-1/ERROR] (Minecraft) Chunk [21, -22] stream is truncated: expected 156288330 but read 4091
[21:00:45] [IO-Worker-1/ERROR] (Minecraft) Chunk [22, -22] stream is truncated: expected 156288330 but read 4091
[21:00:45] [IO-Worker-3/ERROR] (Minecraft) Chunk [23, -22] stream is truncated: expected 39121297 but read 4091
[21:00:45] [IO-Worker-3/ERROR] (Minecraft) Chunk [24, -22] stream is truncated: expected 274895671 but read 4091
[21:00:45] [IO-Worker-1/WARN] (Minecraft) Chunk has both internal and external streams
[21:00:45] [IO-Worker-1/ERROR] (Minecraft) External chunk path /Users/magje/code/mods/jade-modded-entities/fabric/runs/client/saves/New World/region/c.25.-22.mcc is not file
[21:00:45] [IO-Worker-3/WARN] (Minecraft) Chunk has both internal and external streams
[21:00:45] [IO-Worker-3/ERROR] (Minecraft) External chunk path /Users/magje/code/mods/jade-modded-entities/fabric/runs/client/saves/New World/region/c.26.-22.mcc is not file
[21:00:45] [IO-Worker-1/ERROR] (Minecraft) Chunk [27, -22] stream is truncated: expected 39121297 but read 4091
[21:00:45] [IO-Worker-2/ERROR] (Minecraft) Declared size -1601548830 of chunk [0, -21] is negative
[21:00:45] [IO-Worker-2/WARN] (Minecraft) Chunk has both internal and external streams
[21:00:45] [IO-Worker-2/ERROR] (Minecraft) External chunk path /Users/magje/code/mods/jade-modded-entities/fabric/runs/client/saves/New World/region/c.1.-21.mcc is not file
[21:00:45] [IO-Worker-3/WARN] (Minecraft) Chunk has both internal and external streams
[21:00:45] [IO-Worker-3/ERROR] (Minecraft) External chunk path /Users/magje/code/mods/jade-modded-entities/fabric/runs/client/saves/New World/region/c.2.-21.mcc is not file
[21:00:45] [IO-Worker-3/ERROR] (Minecraft) Declared size -2144717175 of chunk [3, -21] is negative
[21:00:45] [IO-Worker-2/WARN] (Minecraft) Chunk has both internal and external streams
[21:00:45] [IO-Worker-2/ERROR] (Minecraft) External chunk path /Users/magje/code/mods/jade-modded-entities/fabric/runs/client/saves/New World/region/c.4.-21.mcc is not file
[21:00:45] [IO-Worker-2/WARN] (Minecraft) Chunk has both internal and external streams
[21:00:45] [IO-Worker-2/ERROR] (Minecraft) External chunk path /Users/magje/code/mods/jade-modded-entities/fabric/runs/client/saves/New World/region/c.5.-21.mcc is not file
[21:00:45] [IO-Worker-3/WARN] (Minecraft) Chunk has both internal and external streams
[21:00:45] [IO-Worker-3/ERROR] (Minecraft) External chunk path /Users/magje/code/mods/jade-modded-entities/fabric/runs/client/saves/New World/region/c.6.-21.mcc is not file
[21:00:45] [IO-Worker-2/WARN] (Minecraft) Chunk has both internal and external streams
[21:00:45] [IO-Worker-2/ERROR] (Minecraft) External chunk path /Users/magje/code/mods/jade-modded-entities/fabric/runs/client/saves/New World/region/c.7.-21.mcc is not file
[21:00:45] [IO-Worker-3/WARN] (Minecraft) Chunk has both internal and external streams
[21:00:45] [IO-Worker-3/ERROR] (Minecraft) External chunk path /Users/magje/code/mods/jade-modded-entities/fabric/runs/client/saves/New World/region/c.8.-21.mcc is not file
[21:00:45] [IO-Worker-3/WARN] (Minecraft) Chunk has both internal and external streams
[21:00:45] [IO-Worker-3/ERROR] (Minecraft) External chunk path /Users/magje/code/mods/jade-modded-entities/fabric/runs/client/saves/New World/region/c.9.-21.mcc is not file
[21:00:45] [IO-Worker-2/ERROR] (Minecraft) Chunk [10, -21] stream is truncated: expected 39121297 but read 4091
[21:00:45] [IO-Worker-3/WARN] (Minecraft) Chunk has both internal and external streams
[21:00:45] [IO-Worker-3/ERROR] (Minecraft) External chunk path /Users/magje/code/mods/jade-modded-entities/fabric/runs/client/saves/New World/region/c.11.-21.mcc is not file
[21:00:45] [IO-Worker-2/WARN] (Minecraft) Chunk has both internal and external streams
[21:00:45] [IO-Worker-2/ERROR] (Minecraft) External chunk path /Users/magje/code/mods/jade-modded-entities/fabric/runs/client/saves/New World/region/c.12.-21.mcc is not file
[21:00:45] [IO-Worker-2/ERROR] (Minecraft) Chunk [13, -21] stream is truncated: expected 304137290 but read 4091
[21:00:45] [IO-Worker-3/ERROR] (Minecraft) Chunk [14, -21] stream is truncated: expected 549735265 but read 4091
[21:00:45] [IO-Worker-3/WARN] (Minecraft) Chunk has both internal and external streams
[21:00:45] [IO-Worker-3/ERROR] (Minecraft) External chunk path /Users/magje/code/mods/jade-modded-entities/fabric/runs/client/saves/New World/region/c.15.-21.mcc is not file
[21:00:45] [IO-Worker-2/WARN] (Minecraft) Chunk has both internal and external streams
[21:00:45] [IO-Worker-2/ERROR] (Minecraft) External chunk path /Users/magje/code/mods/jade-modded-entities/fabric/runs/client/saves/New World/region/c.16.-21.mcc is not file
[21:00:45] [IO-Worker-3/ERROR] (Minecraft) Chunk [17, -21] stream is truncated: expected 1075130248 but read 4091
[21:00:45] [IO-Worker-2/WARN] (Minecraft) Chunk has both internal and external streams
[21:00:45] [IO-Worker-2/ERROR] (Minecraft) External chunk path /Users/magje/code/mods/jade-modded-entities/fabric/runs/client/saves/New World/region/c.18.-21.mcc is not file
[21:00:45] [IO-Worker-3/ERROR] (Minecraft) Declared size -1434957396 of chunk [19, -21] is negative
[21:00:45] [IO-Worker-2/ERROR] (Minecraft) Chunk [20, -21] stream is truncated: expected 27973667 but read 4091
[21:00:45] [IO-Worker-3/ERROR] (Minecraft) Chunk [21, -21] stream is truncated: expected 156288330 but read 4091
[21:00:45] [IO-Worker-2/ERROR] (Minecraft) Chunk [22, -21] stream is truncated: expected 156288330 but read 4091
[21:00:45] [IO-Worker-3/ERROR] (Minecraft) Chunk [23, -21] stream is truncated: expected 39121297 but read 4091
[21:00:45] [IO-Worker-3/ERROR] (Minecraft) Chunk [24, -21] stream is truncated: expected 274895671 but read 4091
[21:00:45] [IO-Worker-2/ERROR] (Minecraft) Chunk [25, -21] stream is truncated: expected 1216359005 but read 4091
[21:00:45] [IO-Worker-2/WARN] (Minecraft) Chunk has both internal and external streams
[21:00:45] [IO-Worker-2/ERROR] (Minecraft) External chunk path /Users/magje/code/mods/jade-modded-entities/fabric/runs/client/saves/New World/region/c.26.-21.mcc is not file
[21:00:45] [IO-Worker-3/ERROR] (Minecraft) Chunk [27, -21] stream is truncated: expected 39121297 but read 4091
[21:00:45] [IO-Worker-2/WARN] (Minecraft) Chunk has both internal and external streams
[21:00:45] [IO-Worker-2/ERROR] (Minecraft) External chunk path /Users/magje/code/mods/jade-modded-entities/fabric/runs/client/saves/New World/region/c.0.-20.mcc is not file
[21:00:45] [IO-Worker-3/WARN] (Minecraft) Chunk has both internal and external streams
[21:00:45] [IO-Worker-3/ERROR] (Minecraft) External chunk path /Users/magje/code/mods/jade-modded-entities/fabric/runs/client/saves/New World/region/c.1.-20.mcc is not file
[21:00:45] [IO-Worker-2/WARN] (Minecraft) Chunk has both internal and external streams
[21:00:45] [IO-Worker-2/ERROR] (Minecraft) External chunk path /Users/magje/code/mods/jade-modded-entities/fabric/runs/client/saves/New World/region/c.2.-20.mcc is not file
[21:00:45] [IO-Worker-3/ERROR] (Minecraft) Declared size -2144717175 of chunk [3, -20] is negative
[21:00:45] [IO-Worker-3/WARN] (Minecraft) Chunk has both internal and external streams
[21:00:45] [IO-Worker-3/ERROR] (Minecraft) External chunk path /Users/magje/code/mods/jade-modded-entities/fabric/runs/client/saves/New World/region/c.4.-20.mcc is not file
[21:00:45] [IO-Worker-2/WARN] (Minecraft) Chunk has both internal and external streams
[21:00:45] [IO-Worker-2/ERROR] (Minecraft) External chunk path /Users/magje/code/mods/jade-modded-entities/fabric/runs/client/saves/New World/region/c.5.-20.mcc is not file
[21:00:45] [IO-Worker-3/WARN] (Minecraft) Chunk has both internal and external streams
[21:00:45] [IO-Worker-3/ERROR] (Minecraft) External chunk path /Users/magje/code/mods/jade-modded-entities/fabric/runs/client/saves/New World/region/c.6.-20.mcc is not file
[21:00:45] [IO-Worker-2/WARN] (Minecraft) Chunk has both internal and external streams
[21:00:45] [IO-Worker-2/ERROR] (Minecraft) External chunk path /Users/magje/code/mods/jade-modded-entities/fabric/runs/client/saves/New World/region/c.7.-20.mcc is not file
[21:00:45] [IO-Worker-3/WARN] (Minecraft) Chunk has both internal and external streams
[21:00:45] [IO-Worker-3/ERROR] (Minecraft) External chunk path /Users/magje/code/mods/jade-modded-entities/fabric/runs/client/saves/New World/region/c.8.-20.mcc is not file
[21:00:45] [IO-Worker-2/WARN] (Minecraft) Chunk has both internal and external streams
[21:00:45] [IO-Worker-2/ERROR] (Minecraft) External chunk path /Users/magje/code/mods/jade-modded-entities/fabric/runs/client/saves/New World/region/c.9.-20.mcc is not file
[21:00:45] [IO-Worker-3/ERROR] (Minecraft) Chunk [10, -20] stream is truncated: expected 39121297 but read 4091
[21:00:45] [IO-Worker-2/WARN] (Minecraft) Chunk has both internal and external streams
[21:00:45] [IO-Worker-2/ERROR] (Minecraft) External chunk path /Users/magje/code/mods/jade-modded-entities/fabric/runs/client/saves/New World/region/c.11.-20.mcc is not file
[21:00:45] [IO-Worker-3/WARN] (Minecraft) Chunk has both internal and external streams
[21:00:45] [IO-Worker-3/ERROR] (Minecraft) External chunk path /Users/magje/code/mods/jade-modded-entities/fabric/runs/client/saves/New World/region/c.12.-20.mcc is not file
[21:00:45] [IO-Worker-2/ERROR] (Minecraft) Chunk [13, -20] stream is truncated: expected 304137290 but read 4091
[21:00:45] [IO-Worker-2/ERROR] (Minecraft) Chunk [14, -20] stream is truncated: expected 304137290 but read 4091
[21:00:45] [IO-Worker-3/ERROR] (Minecraft) Chunk [15, -20] stream is truncated: expected 274895671 but read 4091
[21:00:45] [IO-Worker-2/WARN] (Minecraft) Chunk has both internal and external streams
[21:00:45] [IO-Worker-2/ERROR] (Minecraft) External chunk path /Users/magje/code/mods/jade-modded-entities/fabric/runs/client/saves/New World/region/c.16.-20.mcc is not file
[21:00:45] [IO-Worker-2/ERROR] (Minecraft) Chunk [17, -20] stream is truncated: expected 1075130248 but read 4091
[21:00:45] [IO-Worker-3/WARN] (Minecraft) Chunk has both internal and external streams
[21:00:45] [IO-Worker-3/ERROR] (Minecraft) External chunk path /Users/magje/code/mods/jade-modded-entities/fabric/runs/client/saves/New World/region/c.18.-20.mcc is not file
[21:00:45] [IO-Worker-2/WARN] (Minecraft) Chunk has both internal and external streams
[21:00:45] [IO-Worker-2/ERROR] (Minecraft) External chunk path /Users/magje/code/mods/jade-modded-entities/fabric/runs/client/saves/New World/region/c.19.-20.mcc is not file
[21:00:45] [IO-Worker-3/ERROR] (Minecraft) Chunk [20, -20] stream is truncated: expected 27973667 but read 4091
[21:00:45] [IO-Worker-3/ERROR] (Minecraft) Chunk [21, -20] stream is truncated: expected 156288330 but read 4091
[21:00:45] [IO-Worker-3/ERROR] (Minecraft) Chunk [22, -20] stream is truncated: expected 156288330 but read 4091
[21:00:45] [IO-Worker-2/ERROR] (Minecraft) Chunk [23, -20] stream is truncated: expected 39121297 but read 4091
[21:00:45] [IO-Worker-3/ERROR] (Minecraft) Chunk [24, -20] stream is truncated: expected 2014621295 but read 4091
[21:00:45] [IO-Worker-3/WARN] (Minecraft) Chunk has both internal and external streams
[21:00:45] [IO-Worker-3/ERROR] (Minecraft) External chunk path /Users/magje/code/mods/jade-modded-entities/fabric/runs/client/saves/New World/region/c.25.-20.mcc is not file
[21:00:45] [IO-Worker-2/ERROR] (Minecraft) Chunk [26, -20] stream is truncated: expected 536980087 but read 4091
[21:00:45] [IO-Worker-2/ERROR] (Minecraft) Chunk [27, -20] stream is truncated: expected 39121297 but read 4091
[21:00:45] [IO-Worker-3/ERROR] (Minecraft) Declared size -1601548830 of chunk [0, -19] is negative
[21:00:45] [IO-Worker-2/WARN] (Minecraft) Chunk has both internal and external streams
[21:00:45] [IO-Worker-2/ERROR] (Minecraft) External chunk path /Users/magje/code/mods/jade-modded-entities/fabric/runs/client/saves/New World/region/c.1.-19.mcc is not file
[21:00:45] [IO-Worker-3/WARN] (Minecraft) Chunk has both internal and external streams
[21:00:45] [IO-Worker-3/ERROR] (Minecraft) External chunk path /Users/magje/code/mods/jade-modded-entities/fabric/runs/client/saves/New World/region/c.2.-19.mcc is not file
[21:00:45] [IO-Worker-2/WARN] (Minecraft) Chunk has both internal and external streams
[21:00:45] [IO-Worker-2/ERROR] (Minecraft) External chunk path /Users/magje/code/mods/jade-modded-entities/fabric/runs/client/saves/New World/region/c.3.-19.mcc is not file
[21:00:45] [IO-Worker-3/WARN] (Minecraft) Chunk has both internal and external streams
[21:00:45] [IO-Worker-3/ERROR] (Minecraft) External chunk path /Users/magje/code/mods/jade-modded-entities/fabric/runs/client/saves/New World/region/c.4.-19.mcc is not file
[21:00:45] [IO-Worker-2/WARN] (Minecraft) Chunk has both internal and external streams
[21:00:45] [IO-Worker-2/ERROR] (Minecraft) External chunk path /Users/magje/code/mods/jade-modded-entities/fabric/runs/client/saves/New World/region/c.5.-19.mcc is not file
[21:00:45] [IO-Worker-3/WARN] (Minecraft) Chunk has both internal and external streams
[21:00:45] [IO-Worker-3/ERROR] (Minecraft) External chunk path /Users/magje/code/mods/jade-modded-entities/fabric/runs/client/saves/New World/region/c.6.-19.mcc is not file
[21:00:45] [IO-Worker-2/WARN] (Minecraft) Chunk has both internal and external streams
[21:00:45] [IO-Worker-2/ERROR] (Minecraft) External chunk path /Users/magje/code/mods/jade-modded-entities/fabric/runs/client/saves/New World/region/c.7.-19.mcc is not file
[21:00:45] [IO-Worker-3/WARN] (Minecraft) Chunk has both internal and external streams
[21:00:45] [IO-Worker-3/ERROR] (Minecraft) External chunk path /Users/magje/code/mods/jade-modded-entities/fabric/runs/client/saves/New World/region/c.8.-19.mcc is not file
[21:00:45] [IO-Worker-2/WARN] (Minecraft) Chunk has both internal and external streams
[21:00:45] [IO-Worker-2/ERROR] (Minecraft) External chunk path /Users/magje/code/mods/jade-modded-entities/fabric/runs/client/saves/New World/region/c.9.-19.mcc is not file
[21:00:45] [IO-Worker-3/ERROR] (Minecraft) Chunk [10, -19] stream is truncated: expected 1425117783 but read 4091
[21:00:45] [IO-Worker-2/ERROR] (Minecraft) Chunk [11, -19] stream is truncated: expected 278643880 but read 4091
[21:00:45] [IO-Worker-3/WARN] (Minecraft) Chunk has both internal and external streams
[21:00:45] [IO-Worker-3/ERROR] (Minecraft) External chunk path /Users/magje/code/mods/jade-modded-entities/fabric/runs/client/saves/New World/region/c.12.-19.mcc is not file
[21:00:45] [IO-Worker-2/ERROR] (Minecraft) Chunk [13, -19] stream is truncated: expected 304137290 but read 4091
[21:00:45] [IO-Worker-3/ERROR] (Minecraft) Chunk [14, -19] stream is truncated: expected 304137290 but read 4091
[21:00:45] [IO-Worker-2/ERROR] (Minecraft) Chunk [15, -19] stream is truncated: expected 274895671 but read 4091
[21:00:45] [IO-Worker-3/WARN] (Minecraft) Chunk has both internal and external streams
[21:00:45] [IO-Worker-3/ERROR] (Minecraft) External chunk path /Users/magje/code/mods/jade-modded-entities/fabric/runs/client/saves/New World/region/c.16.-19.mcc is not file
[21:00:45] [IO-Worker-2/ERROR] (Minecraft) Chunk [17, -19] stream is truncated: expected 1075130248 but read 4091
[21:00:45] [IO-Worker-3/WARN] (Minecraft) Chunk has both internal and external streams
[21:00:45] [IO-Worker-3/ERROR] (Minecraft) External chunk path /Users/magje/code/mods/jade-modded-entities/fabric/runs/client/saves/New World/region/c.18.-19.mcc is not file
[21:00:45] [IO-Worker-2/WARN] (Minecraft) Chunk has both internal and external streams
[21:00:45] [IO-Worker-2/ERROR] (Minecraft) External chunk path /Users/magje/code/mods/jade-modded-entities/fabric/runs/client/saves/New World/region/c.19.-19.mcc is not file
[21:00:45] [IO-Worker-3/ERROR] (Minecraft) Chunk [20, -19] stream is truncated: expected 27973667 but read 4091
[21:00:45] [IO-Worker-2/ERROR] (Minecraft) Chunk [21, -19] stream is truncated: expected 156288330 but read 4091
[21:00:45] [IO-Worker-3/ERROR] (Minecraft) Chunk [22, -19] stream is truncated: expected 88606832 but read 4091
[21:00:45] [IO-Worker-2/ERROR] (Minecraft) Chunk [23, -19] stream is truncated: expected 39121297 but read 4091
[21:00:45] [IO-Worker-3/ERROR] (Minecraft) Chunk [24, -19] stream is truncated: expected 274895671 but read 4091
[21:00:45] [IO-Worker-2/WARN] (Minecraft) Chunk has both internal and external streams
[21:00:45] [IO-Worker-2/ERROR] (Minecraft) External chunk path /Users/magje/code/mods/jade-modded-entities/fabric/runs/client/saves/New World/region/c.25.-19.mcc is not file
[21:00:45] [IO-Worker-3/ERROR] (Minecraft) Chunk [26, -19] stream is truncated: expected 1351598613 but read 4091
[21:00:45] [IO-Worker-2/ERROR] (Minecraft) Chunk [27, -19] stream is truncated: expected 39121297 but read 4091
[21:00:45] [IO-Worker-3/ERROR] (Minecraft) Declared size -1601548830 of chunk [0, -18] is negative
[21:00:45] [IO-Worker-2/WARN] (Minecraft) Chunk has both internal and external streams
[21:00:45] [IO-Worker-2/ERROR] (Minecraft) External chunk path /Users/magje/code/mods/jade-modded-entities/fabric/runs/client/saves/New World/region/c.1.-18.mcc is not file
[21:00:45] [IO-Worker-3/WARN] (Minecraft) Chunk has both internal and external streams
[21:00:45] [IO-Worker-3/ERROR] (Minecraft) External chunk path /Users/magje/code/mods/jade-modded-entities/fabric/runs/client/saves/New World/region/c.2.-18.mcc is not file
[21:00:45] [IO-Worker-2/ERROR] (Minecraft) Declared size -2144717175 of chunk [3, -18] is negative
[21:00:45] [IO-Worker-3/WARN] (Minecraft) Chunk has both internal and external streams
[21:00:45] [IO-Worker-3/ERROR] (Minecraft) External chunk path /Users/magje/code/mods/jade-modded-entities/fabric/runs/client/saves/New World/region/c.4.-18.mcc is not file
[21:00:45] [IO-Worker-2/WARN] (Minecraft) Chunk has both internal and external streams
[21:00:45] [IO-Worker-2/ERROR] (Minecraft) External chunk path /Users/magje/code/mods/jade-modded-entities/fabric/runs/client/saves/New World/region/c.5.-18.mcc is not file
[21:00:45] [IO-Worker-3/ERROR] (Minecraft) Chunk [6, -18] stream is truncated: expected 362005673 but read 4091
[21:00:45] [IO-Worker-2/WARN] (Minecraft) Chunk has both internal and external streams
[21:00:45] [IO-Worker-2/ERROR] (Minecraft) External chunk path /Users/magje/code/mods/jade-modded-entities/fabric/runs/client/saves/New World/region/c.7.-18.mcc is not file
[21:00:45] [IO-Worker-3/ERROR] (Minecraft) Chunk [8, -18] stream is truncated: expected 278643880 but read 4091
[21:00:45] [IO-Worker-2/WARN] (Minecraft) Chunk has both internal and external streams
[21:00:45] [IO-Worker-2/ERROR] (Minecraft) External chunk path /Users/magje/code/mods/jade-modded-entities/fabric/runs/client/saves/New World/region/c.9.-18.mcc is not file
[21:00:45] [IO-Worker-3/ERROR] (Minecraft) Chunk [10, -18] stream is truncated: expected 39121297 but read 4091
[21:00:45] [IO-Worker-2/WARN] (Minecraft) Chunk has both internal and external streams
[21:00:45] [IO-Worker-2/ERROR] (Minecraft) External chunk path /Users/magje/code/mods/jade-modded-entities/fabric/runs/client/saves/New World/region/c.11.-18.mcc is not file
[21:00:45] [IO-Worker-3/WARN] (Minecraft) Chunk has both internal and external streams
[21:00:45] [IO-Worker-3/ERROR] (Minecraft) External chunk path /Users/magje/code/mods/jade-modded-entities/fabric/runs/client/saves/New World/region/c.12.-18.mcc is not file
[21:00:45] [IO-Worker-2/ERROR] (Minecraft) Chunk [13, -18] stream is truncated: expected 304137290 but read 4091
[21:00:45] [IO-Worker-3/ERROR] (Minecraft) Chunk [14, -18] stream is truncated: expected 304137290 but read 4091
[21:00:45] [IO-Worker-2/ERROR] (Minecraft) Chunk [15, -18] stream is truncated: expected 274895671 but read 4091
[21:00:45] [IO-Worker-3/WARN] (Minecraft) Chunk has both internal and external streams
[21:00:45] [IO-Worker-3/ERROR] (Minecraft) External chunk path /Users/magje/code/mods/jade-modded-entities/fabric/runs/client/saves/New World/region/c.16.-18.mcc is not file
[21:00:45] [IO-Worker-2/ERROR] (Minecraft) Chunk [17, -18] stream is truncated: expected 1075130248 but read 4091
[21:00:45] [IO-Worker-3/WARN] (Minecraft) Chunk has both internal and external streams
[21:00:45] [IO-Worker-3/ERROR] (Minecraft) External chunk path /Users/magje/code/mods/jade-modded-entities/fabric/runs/client/saves/New World/region/c.18.-18.mcc is not file
[21:00:45] [IO-Worker-2/WARN] (Minecraft) Chunk has both internal and external streams
[21:00:45] [IO-Worker-2/ERROR] (Minecraft) External chunk path /Users/magje/code/mods/jade-modded-entities/fabric/runs/client/saves/New World/region/c.19.-18.mcc is not file
[21:00:45] [IO-Worker-3/WARN] (Minecraft) Chunk has both internal and external streams
[21:00:45] [IO-Worker-3/ERROR] (Minecraft) External chunk path /Users/magje/code/mods/jade-modded-entities/fabric/runs/client/saves/New World/region/c.20.-18.mcc is not file
[21:00:45] [IO-Worker-2/ERROR] (Minecraft) Chunk [21, -18] stream is truncated: expected 156288330 but read 4091
[21:00:45] [IO-Worker-2/ERROR] (Minecraft) Chunk [22, -18] stream is truncated: expected 156288330 but read 4091
[21:00:45] [IO-Worker-2/ERROR] (Minecraft) Chunk [23, -18] stream is truncated: expected 1075610924 but read 4091
[21:00:45] [IO-Worker-3/ERROR] (Minecraft) Chunk [24, -18] stream is truncated: expected 274895671 but read 4091
[21:00:45] [IO-Worker-2/WARN] (Minecraft) Chunk has both internal and external streams
[21:00:45] [IO-Worker-2/ERROR] (Minecraft) External chunk path /Users/magje/code/mods/jade-modded-entities/fabric/runs/client/saves/New World/region/c.25.-18.mcc is not file
[21:00:45] [IO-Worker-3/WARN] (Minecraft) Chunk has both internal and external streams
[21:00:45] [IO-Worker-3/ERROR] (Minecraft) External chunk path /Users/magje/code/mods/jade-modded-entities/fabric/runs/client/saves/New World/region/c.26.-18.mcc is not file
[21:00:45] [IO-Worker-2/WARN] (Minecraft) Chunk has both internal and external streams
[21:00:45] [IO-Worker-2/ERROR] (Minecraft) External chunk path /Users/magje/code/mods/jade-modded-entities/fabric/runs/client/saves/New World/region/c.27.-18.mcc is not file
[21:00:45] [IO-Worker-3/ERROR] (Minecraft) Chunk [0, -17] stream is truncated: expected 1114378918 but read 4091
[21:00:45] [IO-Worker-2/ERROR] (Minecraft) Chunk [1, -17] stream is truncated: expected 1114378918 but read 4091
[21:00:45] [IO-Worker-3/WARN] (Minecraft) Chunk has both internal and external streams
[21:00:45] [IO-Worker-3/ERROR] (Minecraft) External chunk path /Users/magje/code/mods/jade-modded-entities/fabric/runs/client/saves/New World/region/c.2.-17.mcc is not file
[21:00:45] [IO-Worker-3/WARN] (Minecraft) Chunk has both internal and external streams
[21:00:45] [IO-Worker-3/ERROR] (Minecraft) External chunk path /Users/magje/code/mods/jade-modded-entities/fabric/runs/client/saves/New World/region/c.3.-17.mcc is not file
[21:00:45] [IO-Worker-2/WARN] (Minecraft) Chunk has both internal and external streams
[21:00:45] [IO-Worker-2/ERROR] (Minecraft) External chunk path /Users/magje/code/mods/jade-modded-entities/fabric/runs/client/saves/New World/region/c.4.-17.mcc is not file
[21:00:45] [IO-Worker-3/WARN] (Minecraft) Chunk has both internal and external streams
[21:00:45] [IO-Worker-3/ERROR] (Minecraft) External chunk path /Users/magje/code/mods/jade-modded-entities/fabric/runs/client/saves/New World/region/c.5.-17.mcc is not file
[21:00:45] [IO-Worker-3/ERROR] (Minecraft) Chunk [6, -17] stream is truncated: expected 1114378918 but read 4091
[21:00:45] [IO-Worker-2/WARN] (Minecraft) Chunk has both internal and external streams
[21:00:45] [IO-Worker-2/ERROR] (Minecraft) External chunk path /Users/magje/code/mods/jade-modded-entities/fabric/runs/client/saves/New World/region/c.7.-17.mcc is not file
[21:00:45] [IO-Worker-3/ERROR] (Minecraft) Chunk [8, -17] stream is truncated: expected 1425117783 but read 4091
[21:00:45] [IO-Worker-3/WARN] (Minecraft) Chunk has both internal and external streams
[21:00:45] [IO-Worker-3/ERROR] (Minecraft) External chunk path /Users/magje/code/mods/jade-modded-entities/fabric/runs/client/saves/New World/region/c.9.-17.mcc is not file
[21:00:45] [IO-Worker-2/ERROR] (Minecraft) Declared size -1494144015 of chunk [10, -17] is negative
[21:00:45] [IO-Worker-3/WARN] (Minecraft) Chunk has both internal and external streams
[21:00:45] [IO-Worker-3/ERROR] (Minecraft) External chunk path /Users/magje/code/mods/jade-modded-entities/fabric/runs/client/saves/New World/region/c.11.-17.mcc is not file
[21:00:45] [IO-Worker-2/WARN] (Minecraft) Chunk has both internal and external streams
[21:00:45] [IO-Worker-2/ERROR] (Minecraft) External chunk path /Users/magje/code/mods/jade-modded-entities/fabric/runs/client/saves/New World/region/c.12.-17.mcc is not file
[21:00:45] [IO-Worker-3/ERROR] (Minecraft) Declared size -2030529160 of chunk [13, -17] is negative
[21:00:45] [IO-Worker-2/ERROR] (Minecraft) Declared size -2030529160 of chunk [14, -17] is negative
[21:00:45] [IO-Worker-3/ERROR] (Minecraft) Declared size -792422460 of chunk [15, -17] is negative
[21:00:45] [IO-Worker-3/ERROR] (Minecraft) Declared size -1461574223 of chunk [16, -17] is negative
[21:00:45] [IO-Worker-2/WARN] (Minecraft) Chunk has both internal and external streams
[21:00:45] [IO-Worker-2/ERROR] (Minecraft) External chunk path /Users/magje/code/mods/jade-modded-entities/fabric/runs/client/saves/New World/region/c.17.-17.mcc is not file
[21:00:45] [IO-Worker-3/WARN] (Minecraft) Chunk has both internal and external streams
[21:00:45] [IO-Worker-3/ERROR] (Minecraft) External chunk path /Users/magje/code/mods/jade-modded-entities/fabric/runs/client/saves/New World/region/c.18.-17.mcc is not file
[21:00:45] [IO-Worker-2/WARN] (Minecraft) Chunk has both internal and external streams
[21:00:45] [IO-Worker-2/ERROR] (Minecraft) External chunk path /Users/magje/code/mods/jade-modded-entities/fabric/runs/client/saves/New World/region/c.19.-17.mcc is not file
[21:00:45] [IO-Worker-3/ERROR] (Minecraft) Chunk [20, -17] stream is truncated: expected 27973667 but read 4091
[21:00:45] [IO-Worker-2/ERROR] (Minecraft) Chunk [21, -17] stream is truncated: expected 156288330 but read 4091
[21:00:45] [IO-Worker-3/ERROR] (Minecraft) Chunk [22, -17] stream is truncated: expected 156288330 but read 4091
[21:00:45] [IO-Worker-2/ERROR] (Minecraft) Chunk [23, -17] stream is truncated: expected 39121297 but read 4091
[21:00:45] [IO-Worker-3/ERROR] (Minecraft) Chunk [24, -17] stream is truncated: expected 274895671 but read 4091
[21:00:45] [IO-Worker-2/WARN] (Minecraft) Chunk has both internal and external streams
[21:00:45] [IO-Worker-2/ERROR] (Minecraft) External chunk path /Users/magje/code/mods/jade-modded-entities/fabric/runs/client/saves/New World/region/c.25.-17.mcc is not file
[21:00:45] [IO-Worker-3/WARN] (Minecraft) Chunk has both internal and external streams
[21:00:45] [IO-Worker-3/ERROR] (Minecraft) External chunk path /Users/magje/code/mods/jade-modded-entities/fabric/runs/client/saves/New World/region/c.26.-17.mcc is not file
[21:00:45] [IO-Worker-2/ERROR] (Minecraft) Chunk [27, -17] stream is truncated: expected 39121297 but read 4091
[21:00:45] [IO-Worker-2/WARN] (Minecraft) Chunk has both internal and external streams
[21:00:45] [IO-Worker-2/ERROR] (Minecraft) External chunk path /Users/magje/code/mods/jade-modded-entities/fabric/runs/client/saves/New World/region/c.0.-16.mcc is not file
[21:00:45] [IO-Worker-3/WARN] (Minecraft) Chunk has both internal and external streams
[21:00:45] [IO-Worker-3/ERROR] (Minecraft) External chunk path /Users/magje/code/mods/jade-modded-entities/fabric/runs/client/saves/New World/region/c.1.-16.mcc is not file
[21:00:45] [IO-Worker-2/WARN] (Minecraft) Chunk has both internal and external streams
[21:00:45] [IO-Worker-2/ERROR] (Minecraft) External chunk path /Users/magje/code/mods/jade-modded-entities/fabric/runs/client/saves/New World/region/c.2.-16.mcc is not file
[21:00:45] [IO-Worker-3/ERROR] (Minecraft) Chunk [3, -16] stream is truncated: expected 1828993480 but read 4091
[21:00:45] [IO-Worker-2/WARN] (Minecraft) Chunk has both internal and external streams
[21:00:45] [IO-Worker-2/ERROR] (Minecraft) External chunk path /Users/magje/code/mods/jade-modded-entities/fabric/runs/client/saves/New World/region/c.4.-16.mcc is not file
[21:00:45] [IO-Worker-3/WARN] (Minecraft) Chunk has both internal and external streams
[21:00:45] [IO-Worker-3/ERROR] (Minecraft) External chunk path /Users/magje/code/mods/jade-modded-entities/fabric/runs/client/saves/New World/region/c.5.-16.mcc is not file
[21:00:45] [IO-Worker-2/WARN] (Minecraft) Chunk has both internal and external streams
[21:00:45] [IO-Worker-2/ERROR] (Minecraft) External chunk path /Users/magje/code/mods/jade-modded-entities/fabric/runs/client/saves/New World/region/c.6.-16.mcc is not file
[21:00:45] [IO-Worker-3/ERROR] (Minecraft) Declared size -91191466 of chunk [7, -16] is negative
[21:00:45] [IO-Worker-2/ERROR] (Minecraft) Declared size -1934345400 of chunk [8, -16] is negative
[21:00:45] [IO-Worker-3/ERROR] (Minecraft) Chunk [9, -16] stream is truncated: expected 682085495 but read 8187
[21:00:45] [IO-Worker-2/ERROR] (Minecraft) Declared size -961674206 of chunk [10, -16] is negative
[21:00:45] [IO-Worker-3/WARN] (Minecraft) Chunk has both internal and external streams
[21:00:45] [IO-Worker-3/ERROR] (Minecraft) External chunk path /Users/magje/code/mods/jade-modded-entities/fabric/runs/client/saves/New World/region/c.11.-16.mcc is not file
[21:00:45] [IO-Worker-2/ERROR] (Minecraft) Declared size -377027886 of chunk [12, -16] is negative
[21:00:45] [IO-Worker-3/WARN] (Minecraft) Chunk has both internal and external streams
[21:00:45] [IO-Worker-3/ERROR] (Minecraft) External chunk path /Users/magje/code/mods/jade-modded-entities/fabric/runs/client/saves/New World/region/c.13.-16.mcc is not file
[21:00:45] [IO-Worker-2/WARN] (Minecraft) Chunk has both internal and external streams
[21:00:45] [IO-Worker-2/ERROR] (Minecraft) External chunk path /Users/magje/code/mods/jade-modded-entities/fabric/runs/client/saves/New World/region/c.14.-16.mcc is not file
[21:00:45] [IO-Worker-3/ERROR] (Minecraft) Declared size -1129158625 of chunk [15, -16] is negative
[21:00:45] [IO-Worker-2/WARN] (Minecraft) Chunk has both internal and external streams
[21:00:45] [IO-Worker-2/ERROR] (Minecraft) External chunk path /Users/magje/code/mods/jade-modded-entities/fabric/runs/client/saves/New World/region/c.16.-16.mcc is not file
[21:00:45] [IO-Worker-3/ERROR] (Minecraft) Declared size -649443020 of chunk [17, -16] is negative
[21:00:45] [IO-Worker-2/ERROR] (Minecraft) Chunk [18, -16] stream is truncated: expected 1063291772 but read 4091
[21:00:45] [IO-Worker-3/ERROR] (Minecraft) Chunk [19, -16] stream is truncated: expected 274895671 but read 4091
[21:00:45] [IO-Worker-3/ERROR] (Minecraft) Chunk [20, -16] stream is truncated: expected 27973667 but read 4091
[21:00:45] [IO-Worker-3/ERROR] (Minecraft) Chunk [21, -16] stream is truncated: expected 156288330 but read 4091
[21:00:45] [IO-Worker-2/ERROR] (Minecraft) Chunk [22, -16] stream is truncated: expected 156288330 but read 4091
[21:00:45] [IO-Worker-3/ERROR] (Minecraft) Chunk [23, -16] stream is truncated: expected 39121297 but read 4091
[21:00:45] [IO-Worker-2/ERROR] (Minecraft) Chunk [24, -16] stream is truncated: expected 152068754 but read 4091
[21:00:45] [IO-Worker-3/WARN] (Minecraft) Chunk has both internal and external streams
[21:00:45] [IO-Worker-3/ERROR] (Minecraft) External chunk path /Users/magje/code/mods/jade-modded-entities/fabric/runs/client/saves/New World/region/c.25.-16.mcc is not file
[21:00:45] [IO-Worker-2/WARN] (Minecraft) Chunk has both internal and external streams
[21:00:45] [IO-Worker-2/ERROR] (Minecraft) External chunk path /Users/magje/code/mods/jade-modded-entities/fabric/runs/client/saves/New World/region/c.26.-16.mcc is not file
[21:00:45] [IO-Worker-3/ERROR] (Minecraft) Chunk [27, -16] stream is truncated: expected 39121297 but read 4091
[21:00:45] [IO-Worker-2/ERROR] (Minecraft) Declared size -891894382 of chunk [0, -15] is negative
[21:00:45] [IO-Worker-3/ERROR] (Minecraft) Chunk [1, -15] stream is truncated: expected 1144736050 but read 8187
[21:00:45] [IO-Worker-2/WARN] (Minecraft) Chunk has both internal and external streams
[21:00:45] [IO-Worker-2/ERROR] (Minecraft) External chunk path /Users/magje/code/mods/jade-modded-entities/fabric/runs/client/saves/New World/region/c.2.-15.mcc is not file
[21:00:45] [IO-Worker-3/ERROR] (Minecraft) Declared size -653726637 of chunk [3, -15] is negative
[21:00:45] [IO-Worker-2/ERROR] (Minecraft) Declared size -1257770910 of chunk [4, -15] is negative
[21:00:45] [IO-Worker-3/ERROR] (Minecraft) Declared size -469479778 of chunk [5, -15] is negative
[21:00:45] [IO-Worker-3/ERROR] (Minecraft) Declared size -1169754167 of chunk [6, -15] is negative
[21:00:45] [IO-Worker-3/ERROR] (Minecraft) Declared size -2004802521 of chunk [7, -15] is negative
[21:00:45] [IO-Worker-2/WARN] (Minecraft) Chunk has both internal and external streams
[21:00:45] [IO-Worker-2/ERROR] (Minecraft) External chunk path /Users/magje/code/mods/jade-modded-entities/fabric/runs/client/saves/New World/region/c.8.-15.mcc is not file
[21:00:45] [IO-Worker-2/WARN] (Minecraft) Chunk has both internal and external streams
[21:00:45] [IO-Worker-2/ERROR] (Minecraft) External chunk path /Users/magje/code/mods/jade-modded-entities/fabric/runs/client/saves/New World/region/c.9.-15.mcc is not file
[21:00:45] [IO-Worker-3/ERROR] (Minecraft) Declared size -1121261547 of chunk [10, -15] is negative
[21:00:45] [IO-Worker-2/ERROR] (Minecraft) Chunk [11, -15] stream is truncated: expected 617675579 but read 12283
[21:00:45] [IO-Worker-3/WARN] (Minecraft) Chunk has both internal and external streams
[21:00:45] [IO-Worker-3/ERROR] (Minecraft) External chunk path /Users/magje/code/mods/jade-modded-entities/fabric/runs/client/saves/New World/region/c.12.-15.mcc is not file
[21:00:45] [IO-Worker-2/WARN] (Minecraft) Chunk has both internal and external streams
[21:00:45] [IO-Worker-2/ERROR] (Minecraft) External chunk path /Users/magje/code/mods/jade-modded-entities/fabric/runs/client/saves/New World/region/c.13.-15.mcc is not file
[21:00:45] [IO-Worker-3/WARN] (Minecraft) Chunk has both internal and external streams
[21:00:45] [IO-Worker-3/ERROR] (Minecraft) External chunk path /Users/magje/code/mods/jade-modded-entities/fabric/runs/client/saves/New World/region/c.14.-15.mcc is not file
[21:00:45] [IO-Worker-2/ERROR] (Minecraft) Chunk [15, -15] stream is truncated: expected 1571323274 but read 8187
[21:00:45] [IO-Worker-3/ERROR] (Minecraft) Chunk [16, -15] stream is truncated: expected 1432813396 but read 8187
[21:00:45] [IO-Worker-3/WARN] (Minecraft) Chunk has both internal and external streams
[21:00:45] [IO-Worker-3/ERROR] (Minecraft) External chunk path /Users/magje/code/mods/jade-modded-entities/fabric/runs/client/saves/New World/region/c.17.-15.mcc is not file
[21:00:45] [IO-Worker-2/ERROR] (Minecraft) Declared size -1764544856 of chunk [18, -15] is negative
[21:00:45] [IO-Worker-3/ERROR] (Minecraft) Chunk [19, -15] stream is truncated: expected 608179891 but read 4091
[21:00:45] [IO-Worker-2/ERROR] (Minecraft) Chunk [20, -15] stream is truncated: expected 27973667 but read 4091
[21:00:45] [IO-Worker-3/ERROR] (Minecraft) Chunk [21, -15] stream is truncated: expected 156288330 but read 4091
[21:00:45] [IO-Worker-2/ERROR] (Minecraft) Chunk [22, -15] stream is truncated: expected 156288330 but read 4091
[21:00:45] [IO-Worker-3/ERROR] (Minecraft) Chunk [23, -15] stream is truncated: expected 39121297 but read 4091
[21:00:45] [IO-Worker-2/ERROR] (Minecraft) Chunk [24, -15] stream is truncated: expected 274895671 but read 4091
[21:00:45] [IO-Worker-3/ERROR] (Minecraft) Chunk [25, -15] stream is truncated: expected 1216359005 but read 4091
[21:00:45] [IO-Worker-2/WARN] (Minecraft) Chunk has both internal and external streams
[21:00:45] [IO-Worker-2/ERROR] (Minecraft) External chunk path /Users/magje/code/mods/jade-modded-entities/fabric/runs/client/saves/New World/region/c.26.-15.mcc is not file
[21:00:45] [IO-Worker-3/ERROR] (Minecraft) Chunk [27, -15] stream is truncated: expected 39121297 but read 4091
[21:00:45] [IO-Worker-2/ERROR] (Minecraft) Declared size -1555385955 of chunk [0, -14] is negative
[21:00:45] [IO-Worker-3/ERROR] (Minecraft) Chunk [1, -14] stream is truncated: expected 1565224026 but read 8187
[21:00:45] [IO-Worker-2/ERROR] (Minecraft) Chunk [2, -14] stream is truncated: expected 1450753 but read 8187
[21:00:45] [IO-Worker-3/WARN] (Minecraft) Chunk has both internal and external streams
[21:00:45] [IO-Worker-3/ERROR] (Minecraft) External chunk path /Users/magje/code/mods/jade-modded-entities/fabric/runs/client/saves/New World/region/c.3.-14.mcc is not file
[21:00:45] [IO-Worker-2/WARN] (Minecraft) Chunk has both internal and external streams
[21:00:45] [IO-Worker-2/ERROR] (Minecraft) External chunk path /Users/magje/code/mods/jade-modded-entities/fabric/runs/client/saves/New World/region/c.4.-14.mcc is not file
[21:00:45] [IO-Worker-3/WARN] (Minecraft) Chunk has both internal and external streams
[21:00:45] [IO-Worker-3/ERROR] (Minecraft) External chunk path /Users/magje/code/mods/jade-modded-entities/fabric/runs/client/saves/New World/region/c.5.-14.mcc is not file
[21:00:45] [IO-Worker-2/ERROR] (Minecraft) Declared size -1297760069 of chunk [6, -14] is negative
[21:00:45] [IO-Worker-3/WARN] (Minecraft) Chunk has both internal and external streams
[21:00:45] [IO-Worker-3/ERROR] (Minecraft) External chunk path /Users/magje/code/mods/jade-modded-entities/fabric/runs/client/saves/New World/region/c.7.-14.mcc is not file
[21:00:45] [IO-Worker-2/ERROR] (Minecraft) Declared size -643219666 of chunk [8, -14] is negative
[21:00:45] [IO-Worker-3/WARN] (Minecraft) Chunk has both internal and external streams
[21:00:45] [IO-Worker-3/ERROR] (Minecraft) External chunk path /Users/magje/code/mods/jade-modded-entities/fabric/runs/client/saves/New World/region/c.9.-14.mcc is not file
[21:00:45] [IO-Worker-2/WARN] (Minecraft) Chunk has both internal and external streams
[21:00:45] [IO-Worker-2/ERROR] (Minecraft) External chunk path /Users/magje/code/mods/jade-modded-entities/fabric/runs/client/saves/New World/region/c.10.-14.mcc is not file
[21:00:45] [IO-Worker-3/ERROR] (Minecraft) Declared size -1818303028 of chunk [11, -14] is negative
[21:00:45] [IO-Worker-3/ERROR] (Minecraft) Chunk [12, -14] stream is truncated: expected 1691348664 but read 12283
[21:00:45] [IO-Worker-2/WARN] (Minecraft) Chunk has both internal and external streams
[21:00:45] [IO-Worker-2/ERROR] (Minecraft) External chunk path /Users/magje/code/mods/jade-modded-entities/fabric/runs/client/saves/New World/region/c.13.-14.mcc is not file
[21:00:45] [IO-Worker-3/WARN] (Minecraft) Chunk has both internal and external streams
[21:00:45] [IO-Worker-3/ERROR] (Minecraft) External chunk path /Users/magje/code/mods/jade-modded-entities/fabric/runs/client/saves/New World/region/c.14.-14.mcc is not file
[21:00:45] [IO-Worker-2/ERROR] (Minecraft) Chunk [15, -14] stream is truncated: expected 1274499513 but read 8187
[21:00:45] [IO-Worker-3/WARN] (Minecraft) Chunk has both internal and external streams
[21:00:45] [IO-Worker-3/ERROR] (Minecraft) External chunk path /Users/magje/code/mods/jade-modded-entities/fabric/runs/client/saves/New World/region/c.16.-14.mcc is not file
[21:00:45] [IO-Worker-2/WARN] (Minecraft) Chunk has both internal and external streams
[21:00:45] [IO-Worker-2/ERROR] (Minecraft) External chunk path /Users/magje/code/mods/jade-modded-entities/fabric/runs/client/saves/New World/region/c.17.-14.mcc is not file
[21:00:45] [IO-Worker-3/ERROR] (Minecraft) Declared size -49810796 of chunk [18, -14] is negative
[21:00:45] [IO-Worker-2/ERROR] (Minecraft) Chunk [19, -14] stream is truncated: expected 160465331 but read 4091
[21:00:45] [IO-Worker-3/ERROR] (Minecraft) Chunk [20, -14] stream is truncated: expected 27973667 but read 4091
[21:00:45] [IO-Worker-2/ERROR] (Minecraft) Chunk [21, -14] stream is truncated: expected 156288330 but read 4091
[21:00:45] [IO-Worker-3/ERROR] (Minecraft) Declared size -1229979639 of chunk [22, -14] is negative
[21:00:45] [IO-Worker-2/ERROR] (Minecraft) Chunk [23, -14] stream is truncated: expected 39121297 but read 4091
[21:00:45] [IO-Worker-3/ERROR] (Minecraft) Chunk [24, -14] stream is truncated: expected 274895671 but read 4091
[21:00:45] [IO-Worker-2/WARN] (Minecraft) Chunk has both internal and external streams
[21:00:45] [IO-Worker-2/ERROR] (Minecraft) External chunk path /Users/magje/code/mods/jade-modded-entities/fabric/runs/client/saves/New World/region/c.25.-14.mcc is not file
[21:00:45] [IO-Worker-3/ERROR] (Minecraft) Chunk [26, -14] stream is truncated: expected 536980087 but read 4091
[21:00:45] [IO-Worker-2/ERROR] (Minecraft) Chunk [27, -14] stream is truncated: expected 39121297 but read 4091
[21:00:45] [IO-Worker-3/WARN] (Minecraft) Chunk has both internal and external streams
[21:00:45] [IO-Worker-3/ERROR] (Minecraft) External chunk path /Users/magje/code/mods/jade-modded-entities/fabric/runs/client/saves/New World/region/c.0.-13.mcc is not file
[21:00:45] [IO-Worker-2/ERROR] (Minecraft) Chunk [1, -13] stream is truncated: expected 1243393 but read 8187
[21:00:45] [IO-Worker-3/ERROR] (Minecraft) Chunk [2, -13] stream is truncated: expected 41458924 but read 8187
[21:00:45] [IO-Worker-2/WARN] (Minecraft) Chunk has both internal and external streams
[21:00:45] [IO-Worker-2/ERROR] (Minecraft) External chunk path /Users/magje/code/mods/jade-modded-entities/fabric/runs/client/saves/New World/region/c.3.-13.mcc is not file
[21:00:45] [IO-Worker-3/ERROR] (Minecraft) Declared size -729504560 of chunk [4, -13] is negative
[21:00:45] [IO-Worker-2/WARN] (Minecraft) Chunk has both internal and external streams
[21:00:45] [IO-Worker-2/ERROR] (Minecraft) External chunk path /Users/magje/code/mods/jade-modded-entities/fabric/runs/client/saves/New World/region/c.5.-13.mcc is not file
[21:00:45] [IO-Worker-3/ERROR] (Minecraft) Declared size -875688851 of chunk [6, -13] is negative
[21:00:45] [IO-Worker-2/ERROR] (Minecraft) Declared size -312648852 of chunk [7, -13] is negative
[21:00:45] [IO-Worker-3/ERROR] (Minecraft) Chunk [8, -13] stream is truncated: expected 1667751347 but read 8187
[21:00:45] [IO-Worker-2/ERROR] (Minecraft) Declared size -904551042 of chunk [9, -13] is negative
[21:00:45] [IO-Worker-3/ERROR] (Minecraft) Declared size -577727764 of chunk [10, -13] is negative
[21:00:45] [IO-Worker-2/ERROR] (Minecraft) Chunk [11, -13] stream is truncated: expected 1104861206 but read 8187
[21:00:45] [IO-Worker-3/WARN] (Minecraft) Chunk has both internal and external streams
[21:00:45] [IO-Worker-3/ERROR] (Minecraft) External chunk path /Users/magje/code/mods/jade-modded-entities/fabric/runs/client/saves/New World/region/c.12.-13.mcc is not file
[21:00:45] [IO-Worker-2/WARN] (Minecraft) Chunk has both internal and external streams
[21:00:45] [IO-Worker-2/ERROR] (Minecraft) External chunk path /Users/magje/code/mods/jade-modded-entities/fabric/runs/client/saves/New World/region/c.13.-13.mcc is not file
[21:00:45] [IO-Worker-3/ERROR] (Minecraft) Declared size -1769696807 of chunk [14, -13] is negative
[21:00:45] [IO-Worker-2/WARN] (Minecraft) Chunk has both internal and external streams
[21:00:45] [IO-Worker-2/ERROR] (Minecraft) External chunk path /Users/magje/code/mods/jade-modded-entities/fabric/runs/client/saves/New World/region/c.15.-13.mcc is not file
[21:00:45] [IO-Worker-3/WARN] (Minecraft) Chunk has both internal and external streams
[21:00:45] [IO-Worker-3/ERROR] (Minecraft) External chunk path /Users/magje/code/mods/jade-modded-entities/fabric/runs/client/saves/New World/region/c.16.-13.mcc is not file
[21:00:45] [IO-Worker-2/ERROR] (Minecraft) Chunk [17, -13] stream is truncated: expected 440919726 but read 8187
[21:00:45] [IO-Worker-3/WARN] (Minecraft) Chunk has both internal and external streams
[21:00:45] [IO-Worker-3/ERROR] (Minecraft) External chunk path /Users/magje/code/mods/jade-modded-entities/fabric/runs/client/saves/New World/region/c.18.-13.mcc is not file
[21:00:45] [IO-Worker-2/WARN] (Minecraft) Chunk has both internal and external streams
[21:00:45] [IO-Worker-2/ERROR] (Minecraft) External chunk path /Users/magje/code/mods/jade-modded-entities/fabric/runs/client/saves/New World/region/c.19.-13.mcc is not file
[21:00:45] [IO-Worker-3/WARN] (Minecraft) Chunk has both internal and external streams
[21:00:45] [IO-Worker-3/ERROR] (Minecraft) External chunk path /Users/magje/code/mods/jade-modded-entities/fabric/runs/client/saves/New World/region/c.20.-13.mcc is not file
[21:00:45] [IO-Worker-2/ERROR] (Minecraft) Chunk [21, -13] stream is truncated: expected 1355107169 but read 4091
[21:00:45] [IO-Worker-3/ERROR] (Minecraft) Chunk [22, -13] stream is truncated: expected 156288330 but read 4091
[21:00:45] [IO-Worker-2/ERROR] (Minecraft) Chunk [23, -13] stream is truncated: expected 39121297 but read 4091
[21:00:45] [IO-Worker-3/ERROR] (Minecraft) Chunk [24, -13] stream is truncated: expected 274895671 but read 4091
[21:00:45] [IO-Worker-2/WARN] (Minecraft) Chunk has both internal and external streams
[21:00:45] [IO-Worker-2/ERROR] (Minecraft) External chunk path /Users/magje/code/mods/jade-modded-entities/fabric/runs/client/saves/New World/region/c.25.-13.mcc is not file
[21:00:45] [IO-Worker-3/WARN] (Minecraft) Chunk has both internal and external streams
[21:00:45] [IO-Worker-3/ERROR] (Minecraft) External chunk path /Users/magje/code/mods/jade-modded-entities/fabric/runs/client/saves/New World/region/c.26.-13.mcc is not file
[21:00:45] [IO-Worker-2/ERROR] (Minecraft) Chunk [27, -13] stream is truncated: expected 39121297 but read 4091
[21:00:45] [IO-Worker-3/WARN] (Minecraft) Chunk has both internal and external streams
[21:00:45] [IO-Worker-3/ERROR] (Minecraft) External chunk path /Users/magje/code/mods/jade-modded-entities/fabric/runs/client/saves/New World/region/c.0.-12.mcc is not file
[21:00:45] [IO-Worker-2/WARN] (Minecraft) Chunk has both internal and external streams
[21:00:45] [IO-Worker-2/ERROR] (Minecraft) External chunk path /Users/magje/code/mods/jade-modded-entities/fabric/runs/client/saves/New World/region/c.1.-12.mcc is not file
[21:00:45] [IO-Worker-3/WARN] (Minecraft) Chunk has both internal and external streams
[21:00:45] [IO-Worker-3/ERROR] (Minecraft) External chunk path /Users/magje/code/mods/jade-modded-entities/fabric/runs/client/saves/New World/region/c.2.-12.mcc is not file
[21:00:45] [IO-Worker-2/ERROR] (Minecraft) Chunk [3, -12] stream is truncated: expected 1261398675 but read 8187
[21:00:45] [IO-Worker-3/ERROR] (Minecraft) Chunk [4, -12] stream is truncated: expected 41458924 but read 4091
[21:00:45] [IO-Worker-2/WARN] (Minecraft) Chunk has both internal and external streams
[21:00:45] [IO-Worker-2/ERROR] (Minecraft) External chunk path /Users/magje/code/mods/jade-modded-entities/fabric/runs/client/saves/New World/region/c.5.-12.mcc is not file
[21:00:45] [IO-Worker-3/WARN] (Minecraft) Chunk has both internal and external streams
[21:00:45] [IO-Worker-3/ERROR] (Minecraft) External chunk path /Users/magje/code/mods/jade-modded-entities/fabric/runs/client/saves/New World/region/c.6.-12.mcc is not file
[21:00:45] [IO-Worker-2/WARN] (Minecraft) Chunk has both internal and external streams
[21:00:45] [IO-Worker-2/ERROR] (Minecraft) External chunk path /Users/magje/code/mods/jade-modded-entities/fabric/runs/client/saves/New World/region/c.7.-12.mcc is not file
[21:00:45] [IO-Worker-3/ERROR] (Minecraft) Declared size -1007075038 of chunk [8, -12] is negative
[21:00:45] [IO-Worker-2/ERROR] (Minecraft) Declared size -411413755 of chunk [9, -12] is negative
[21:00:45] [IO-Worker-3/ERROR] (Minecraft) Chunk [10, -12] stream is truncated: expected 647580337 but read 8187
[21:00:45] [IO-Worker-2/WARN] (Minecraft) Chunk has both internal and external streams
[21:00:45] [IO-Worker-2/ERROR] (Minecraft) External chunk path /Users/magje/code/mods/jade-modded-entities/fabric/runs/client/saves/New World/region/c.11.-12.mcc is not file
[21:00:45] [IO-Worker-3/ERROR] (Minecraft) Declared size -1869340135 of chunk [12, -12] is negative
[21:00:45] [IO-Worker-2/ERROR] (Minecraft) Declared size -756277559 of chunk [13, -12] is negative
[21:00:45] [IO-Worker-3/WARN] (Minecraft) Chunk has both internal and external streams
[21:00:45] [IO-Worker-3/ERROR] (Minecraft) External chunk path /Users/magje/code/mods/jade-modded-entities/fabric/runs/client/saves/New World/region/c.14.-12.mcc is not file
[21:00:45] [IO-Worker-2/ERROR] (Minecraft) Chunk [15, -12] stream is truncated: expected 1802497445 but read 8187
[21:00:45] [IO-Worker-3/WARN] (Minecraft) Chunk has both internal and external streams
[21:00:45] [IO-Worker-3/ERROR] (Minecraft) External chunk path /Users/magje/code/mods/jade-modded-entities/fabric/runs/client/saves/New World/region/c.16.-12.mcc is not file
[21:00:45] [IO-Worker-2/ERROR] (Minecraft) Declared size -1188394201 of chunk [17, -12] is negative
[21:00:45] [IO-Worker-3/ERROR] (Minecraft) Declared size -1751672841 of chunk [18, -12] is negative
[21:00:45] [IO-Worker-2/ERROR] (Minecraft) Declared size -2144944604 of chunk [19, -12] is negative
[21:00:45] [IO-Worker-3/ERROR] (Minecraft) Chunk [20, -12] stream is truncated: expected 27973667 but read 4091
[21:00:45] [IO-Worker-2/ERROR] (Minecraft) Chunk [21, -12] stream is truncated: expected 156288330 but read 4091
[21:00:45] [IO-Worker-3/ERROR] (Minecraft) Chunk [22, -12] stream is truncated: expected 156288330 but read 4091
[21:00:45] [IO-Worker-2/WARN] (Minecraft) Chunk has both internal and external streams
[21:00:45] [IO-Worker-2/ERROR] (Minecraft) External chunk path /Users/magje/code/mods/jade-modded-entities/fabric/runs/client/saves/New World/region/c.23.-12.mcc is not file
[21:00:45] [IO-Worker-3/ERROR] (Minecraft) Chunk [24, -12] stream is truncated: expected 274895671 but read 4091
[21:00:45] [IO-Worker-2/WARN] (Minecraft) Chunk has both internal and external streams
[21:00:45] [IO-Worker-2/ERROR] (Minecraft) External chunk path /Users/magje/code/mods/jade-modded-entities/fabric/runs/client/saves/New World/region/c.25.-12.mcc is not file
[21:00:45] [IO-Worker-3/WARN] (Minecraft) Chunk has both internal and external streams
[21:00:45] [IO-Worker-3/ERROR] (Minecraft) External chunk path /Users/magje/code/mods/jade-modded-entities/fabric/runs/client/saves/New World/region/c.26.-12.mcc is not file
[21:00:45] [IO-Worker-2/ERROR] (Minecraft) Chunk [27, -12] stream is truncated: expected 39121297 but read 4091
[21:00:45] [IO-Worker-3/ERROR] (Minecraft) Declared size -1708716643 of chunk [0, -11] is negative
[21:00:45] [IO-Worker-2/ERROR] (Minecraft) Declared size -1119661135 of chunk [1, -11] is negative
[21:00:45] [IO-Worker-3/WARN] (Minecraft) Chunk has both internal and external streams
[21:00:45] [IO-Worker-3/ERROR] (Minecraft) External chunk path /Users/magje/code/mods/jade-modded-entities/fabric/runs/client/saves/New World/region/c.2.-11.mcc is not file
[21:00:45] [IO-Worker-2/WARN] (Minecraft) Chunk has both internal and external streams
[21:00:45] [IO-Worker-2/ERROR] (Minecraft) External chunk path /Users/magje/code/mods/jade-modded-entities/fabric/runs/client/saves/New World/region/c.3.-11.mcc is not file
[21:00:45] [IO-Worker-3/WARN] (Minecraft) Chunk has both internal and external streams
[21:00:45] [IO-Worker-3/ERROR] (Minecraft) External chunk path /Users/magje/code/mods/jade-modded-entities/fabric/runs/client/saves/New World/region/c.4.-11.mcc is not file
[21:00:45] [IO-Worker-2/ERROR] (Minecraft) Chunk [5, -11] stream is truncated: expected 1951603304 but read 8187
[21:00:45] [IO-Worker-3/WARN] (Minecraft) Chunk has both internal and external streams
[21:00:45] [IO-Worker-3/ERROR] (Minecraft) External chunk path /Users/magje/code/mods/jade-modded-entities/fabric/runs/client/saves/New World/region/c.6.-11.mcc is not file
[21:00:45] [IO-Worker-2/WARN] (Minecraft) Chunk has both internal and external streams
[21:00:45] [IO-Worker-2/ERROR] (Minecraft) External chunk path /Users/magje/code/mods/jade-modded-entities/fabric/runs/client/saves/New World/region/c.7.-11.mcc is not file
[21:00:45] [IO-Worker-3/ERROR] (Minecraft) Chunk [8, -11] stream is truncated: expected 96913667 but read 8187
[21:00:45] [IO-Worker-2/ERROR] (Minecraft) Chunk [9, -11] stream is truncated: expected 439064184 but read 8187
[21:00:45] [IO-Worker-3/WARN] (Minecraft) Chunk has both internal and external streams
[21:00:45] [IO-Worker-3/ERROR] (Minecraft) External chunk path /Users/magje/code/mods/jade-modded-entities/fabric/runs/client/saves/New World/region/c.10.-11.mcc is not file
[21:00:45] [IO-Worker-2/ERROR] (Minecraft) Chunk [11, -11] stream is truncated: expected 424271908 but read 8187
[21:00:45] [IO-Worker-3/WARN] (Minecraft) Chunk has both internal and external streams
[21:00:45] [IO-Worker-3/ERROR] (Minecraft) External chunk path /Users/magje/code/mods/jade-modded-entities/fabric/runs/client/saves/New World/region/c.12.-11.mcc is not file
[21:00:45] [IO-Worker-2/ERROR] (Minecraft) Chunk [13, -11] stream is truncated: expected 625636972 but read 8187
[21:00:45] [IO-Worker-3/ERROR] (Minecraft) Chunk [14, -11] stream is truncated: expected 240370753 but read 8187
[21:00:45] [IO-Worker-2/WARN] (Minecraft) Chunk has both internal and external streams
[21:00:45] [IO-Worker-2/ERROR] (Minecraft) External chunk path /Users/magje/code/mods/jade-modded-entities/fabric/runs/client/saves/New World/region/c.15.-11.mcc is not file
[21:00:45] [IO-Worker-3/ERROR] (Minecraft) Declared size -1108378759 of chunk [16, -11] is negative
[21:00:45] [IO-Worker-2/WARN] (Minecraft) Chunk has both internal and external streams
[21:00:45] [IO-Worker-2/ERROR] (Minecraft) External chunk path /Users/magje/code/mods/jade-modded-entities/fabric/runs/client/saves/New World/region/c.17.-11.mcc is not file
[21:00:45] [IO-Worker-3/WARN] (Minecraft) Chunk has both internal and external streams
[21:00:45] [IO-Worker-3/ERROR] (Minecraft) External chunk path /Users/magje/code/mods/jade-modded-entities/fabric/runs/client/saves/New World/region/c.18.-11.mcc is not file
[21:00:45] [IO-Worker-2/WARN] (Minecraft) Chunk has both internal and external streams
[21:00:45] [IO-Worker-2/ERROR] (Minecraft) External chunk path /Users/magje/code/mods/jade-modded-entities/fabric/runs/client/saves/New World/region/c.19.-11.mcc is not file
[21:00:45] [IO-Worker-3/ERROR] (Minecraft) Chunk [20, -11] stream is truncated: expected 27973667 but read 4091
[21:00:45] [IO-Worker-2/ERROR] (Minecraft) Chunk [21, -11] stream is truncated: expected 156288330 but read 4091
[21:00:45] [IO-Worker-3/ERROR] (Minecraft) Chunk [22, -11] stream is truncated: expected 156288330 but read 4091
[21:00:45] [IO-Worker-2/ERROR] (Minecraft) Chunk [23, -11] stream is truncated: expected 39121297 but read 4091
[21:00:45] [IO-Worker-3/ERROR] (Minecraft) Chunk [24, -11] stream is truncated: expected 274895671 but read 4091
[21:00:45] [IO-Worker-2/WARN] (Minecraft) Chunk has both internal and external streams
[21:00:45] [IO-Worker-2/ERROR] (Minecraft) External chunk path /Users/magje/code/mods/jade-modded-entities/fabric/runs/client/saves/New World/region/c.25.-11.mcc is not file
[21:00:45] [IO-Worker-3/WARN] (Minecraft) Chunk has both internal and external streams
[21:00:45] [IO-Worker-3/ERROR] (Minecraft) External chunk path /Users/magje/code/mods/jade-modded-entities/fabric/runs/client/saves/New World/region/c.26.-11.mcc is not file
[21:00:45] [IO-Worker-2/ERROR] (Minecraft) Chunk [27, -11] stream is truncated: expected 39121297 but read 4091
[21:00:45] [IO-Worker-2/ERROR] (Minecraft) Chunk [0, -10] stream is truncated: expected 1063724114 but read 8187
[21:00:45] [IO-Worker-3/WARN] (Minecraft) Chunk has both internal and external streams
[21:00:45] [IO-Worker-3/ERROR] (Minecraft) External chunk path /Users/magje/code/mods/jade-modded-entities/fabric/runs/client/saves/New World/region/c.1.-10.mcc is not file
[21:00:45] [IO-Worker-2/ERROR] (Minecraft) Chunk [2, -10] stream is truncated: expected 1019834988 but read 8187
[21:00:45] [IO-Worker-3/ERROR] (Minecraft) Chunk [3, -10] stream is truncated: expected 751800467 but read 8187
[21:00:45] [IO-Worker-2/WARN] (Minecraft) Chunk has both internal and external streams
[21:00:45] [IO-Worker-2/ERROR] (Minecraft) External chunk path /Users/magje/code/mods/jade-modded-entities/fabric/runs/client/saves/New World/region/c.4.-10.mcc is not file
[21:00:45] [IO-Worker-3/ERROR] (Minecraft) Chunk [5, -10] stream is truncated: expected 1572776083 but read 8187
[21:00:45] [IO-Worker-2/ERROR] (Minecraft) Chunk [6, -10] stream is truncated: expected 1385562918 but read 8187
[21:00:45] [IO-Worker-3/ERROR] (Minecraft) Declared size -1111071027 of chunk [7, -10] is negative
[21:00:45] [IO-Worker-2/WARN] (Minecraft) Chunk has both internal and external streams
[21:00:45] [IO-Worker-2/ERROR] (Minecraft) External chunk path /Users/magje/code/mods/jade-modded-entities/fabric/runs/client/saves/New World/region/c.8.-10.mcc is not file
[21:00:45] [IO-Worker-3/WARN] (Minecraft) Chunk has both internal and external streams
[21:00:45] [IO-Worker-3/ERROR] (Minecraft) External chunk path /Users/magje/code/mods/jade-modded-entities/fabric/runs/client/saves/New World/region/c.9.-10.mcc is not file
[21:00:45] [IO-Worker-2/WARN] (Minecraft) Chunk has both internal and external streams
[21:00:45] [IO-Worker-2/ERROR] (Minecraft) External chunk path /Users/magje/code/mods/jade-modded-entities/fabric/runs/client/saves/New World/region/c.10.-10.mcc is not file
[21:00:45] [IO-Worker-3/ERROR] (Minecraft) Declared size -846123577 of chunk [11, -10] is negative
[21:00:45] [IO-Worker-2/ERROR] (Minecraft) Chunk [12, -10] stream is truncated: expected 424848601 but read 8187
[21:00:45] [IO-Worker-3/WARN] (Minecraft) Chunk has both internal and external streams
[21:00:45] [IO-Worker-3/ERROR] (Minecraft) External chunk path /Users/magje/code/mods/jade-modded-entities/fabric/runs/client/saves/New World/region/c.13.-10.mcc is not file
[21:00:45] [IO-Worker-2/ERROR] (Minecraft) Chunk [14, -10] stream is truncated: expected 1068882745 but read 8187
[21:00:45] [IO-Worker-3/ERROR] (Minecraft) Chunk [15, -10] stream is truncated: expected 41458924 but read 8187
[21:00:45] [IO-Worker-2/ERROR] (Minecraft) Declared size -731356116 of chunk [16, -10] is negative
[21:00:45] [IO-Worker-3/ERROR] (Minecraft) Chunk [17, -10] stream is truncated: expected 936911031 but read 12283
[21:00:45] [IO-Worker-2/ERROR] (Minecraft) Declared size -1848293413 of chunk [18, -10] is negative
[21:00:45] [IO-Worker-3/ERROR] (Minecraft) Chunk [19, -10] stream is truncated: expected 304137290 but read 4091
[21:00:45] [IO-Worker-2/ERROR] (Minecraft) Chunk [20, -10] stream is truncated: expected 27973667 but read 4091
[21:00:45] [IO-Worker-3/ERROR] (Minecraft) Chunk [21, -10] stream is truncated: expected 156288330 but read 4091
[21:00:45] [IO-Worker-2/ERROR] (Minecraft) Chunk [22, -10] stream is truncated: expected 156288330 but read 4091
[21:00:45] [IO-Worker-3/ERROR] (Minecraft) Chunk [23, -10] stream is truncated: expected 39121297 but read 4091
[21:00:45] [IO-Worker-2/ERROR] (Minecraft) Chunk [24, -10] stream is truncated: expected 1879050511 but read 4091
[21:00:45] [IO-Worker-3/WARN] (Minecraft) Chunk has both internal and external streams
[21:00:45] [IO-Worker-3/ERROR] (Minecraft) External chunk path /Users/magje/code/mods/jade-modded-entities/fabric/runs/client/saves/New World/region/c.25.-10.mcc is not file
[21:00:45] [IO-Worker-2/WARN] (Minecraft) Chunk has both internal and external streams
[21:00:45] [IO-Worker-2/ERROR] (Minecraft) External chunk path /Users/magje/code/mods/jade-modded-entities/fabric/runs/client/saves/New World/region/c.26.-10.mcc is not file
[21:00:45] [IO-Worker-3/ERROR] (Minecraft) Chunk [27, -10] stream is truncated: expected 39121297 but read 4091
[21:00:45] [IO-Worker-1/ERROR] (Minecraft) Declared size -38787685 of chunk [0, -9] is negative
[21:00:45] [IO-Worker-3/ERROR] (Minecraft) Chunk [1, -9] stream is truncated: expected 1902953770 but read 8187
[21:00:45] [IO-Worker-1/WARN] (Minecraft) Chunk has both internal and external streams
[21:00:45] [IO-Worker-1/ERROR] (Minecraft) External chunk path /Users/magje/code/mods/jade-modded-entities/fabric/runs/client/saves/New World/region/c.2.-9.mcc is not file
[21:00:45] [IO-Worker-3/ERROR] (Minecraft) Chunk [3, -9] stream is truncated: expected 1137421923 but read 8187
[21:00:45] [IO-Worker-1/WARN] (Minecraft) Chunk has both internal and external streams
[21:00:45] [IO-Worker-1/ERROR] (Minecraft) External chunk path /Users/magje/code/mods/jade-modded-entities/fabric/runs/client/saves/New World/region/c.4.-9.mcc is not file
[21:00:45] [IO-Worker-1/WARN] (Minecraft) Chunk has both internal and external streams
[21:00:45] [IO-Worker-1/ERROR] (Minecraft) External chunk path /Users/magje/code/mods/jade-modded-entities/fabric/runs/client/saves/New World/region/c.5.-9.mcc is not file
[21:00:45] [IO-Worker-3/ERROR] (Minecraft) Chunk [6, -9] stream is truncated: expected 1565355034 but read 8187
[21:00:45] [IO-Worker-3/ERROR] (Minecraft) Chunk [7, -9] stream is truncated: expected 484809086 but read 8187
[21:00:45] [IO-Worker-1/ERROR] (Minecraft) Chunk [8, -9] stream is truncated: expected 458716870 but read 8187
[21:00:45] [IO-Worker-3/ERROR] (Minecraft) Chunk [9, -9] stream is truncated: expected 458716870 but read 8187
[21:00:45] [IO-Worker-3/WARN] (Minecraft) Chunk has both internal and external streams
[21:00:45] [IO-Worker-3/ERROR] (Minecraft) External chunk path /Users/magje/code/mods/jade-modded-entities/fabric/runs/client/saves/New World/region/c.10.-9.mcc is not file
[21:00:45] [IO-Worker-1/WARN] (Minecraft) Chunk has both internal and external streams
[21:00:45] [IO-Worker-1/ERROR] (Minecraft) External chunk path /Users/magje/code/mods/jade-modded-entities/fabric/runs/client/saves/New World/region/c.11.-9.mcc is not file
[21:00:45] [IO-Worker-3/WARN] (Minecraft) Chunk has both internal and external streams
[21:00:45] [IO-Worker-3/ERROR] (Minecraft) External chunk path /Users/magje/code/mods/jade-modded-entities/fabric/runs/client/saves/New World/region/c.12.-9.mcc is not file
[21:00:45] [IO-Worker-3/ERROR] (Minecraft) Chunk [13, -9] stream is truncated: expected 1196618768 but read 8187
[21:00:45] [IO-Worker-1/WARN] (Minecraft) Chunk has both internal and external streams
[21:00:45] [IO-Worker-1/ERROR] (Minecraft) External chunk path /Users/magje/code/mods/jade-modded-entities/fabric/runs/client/saves/New World/region/c.14.-9.mcc is not file
[21:00:45] [IO-Worker-1/ERROR] (Minecraft) Declared size -1150701115 of chunk [15, -9] is negative
[21:00:45] [IO-Worker-3/ERROR] (Minecraft) Declared size -1707051382 of chunk [16, -9] is negative
[21:00:45] [IO-Worker-1/ERROR] (Minecraft) Declared size -1400363888 of chunk [17, -9] is negative
[21:00:45] [IO-Worker-3/ERROR] (Minecraft) Chunk [18, -9] stream is truncated: expected 1431742764 but read 8187
[21:00:45] [IO-Worker-1/WARN] (Minecraft) Chunk has both internal and external streams
[21:00:45] [IO-Worker-1/ERROR] (Minecraft) External chunk path /Users/magje/code/mods/jade-modded-entities/fabric/runs/client/saves/New World/region/c.19.-9.mcc is not file
[21:00:45] [IO-Worker-3/ERROR] (Minecraft) Chunk [20, -9] stream is truncated: expected 27973667 but read 4091
[21:00:45] [IO-Worker-1/ERROR] (Minecraft) Chunk [21, -9] stream is truncated: expected 156288330 but read 4091
[21:00:45] [IO-Worker-3/ERROR] (Minecraft) Chunk [22, -9] stream is truncated: expected 156288330 but read 4091
[21:00:45] [IO-Worker-3/ERROR] (Minecraft) Chunk [23, -9] stream is truncated: expected 39121297 but read 4091
[21:00:45] [IO-Worker-1/ERROR] (Minecraft) Chunk [24, -9] stream is truncated: expected 274895671 but read 4091
[21:00:45] [IO-Worker-3/ERROR] (Minecraft) Declared size -1062752123 of chunk [25, -9] is negative
[21:00:45] [IO-Worker-1/ERROR] (Minecraft) Chunk [26, -9] stream is truncated: expected 536980087 but read 4091
[21:00:45] [IO-Worker-3/ERROR] (Minecraft) Chunk [27, -9] stream is truncated: expected 39121297 but read 4091
[21:00:45] [IO-Worker-3/ERROR] (Minecraft) Declared size -953203222 of chunk [0, -8] is negative
[21:00:45] [IO-Worker-1/ERROR] (Minecraft) Declared size -1158791908 of chunk [1, -8] is negative
[21:00:45] [IO-Worker-3/ERROR] (Minecraft) Declared size -1829955110 of chunk [2, -8] is negative
[21:00:45] [IO-Worker-1/ERROR] (Minecraft) Declared size -291909169 of chunk [3, -8] is negative
[21:00:45] [IO-Worker-3/ERROR] (Minecraft) Declared size -245135710 of chunk [4, -8] is negative
[21:00:45] [IO-Worker-1/WARN] (Minecraft) Chunk has both internal and external streams
[21:00:45] [IO-Worker-1/ERROR] (Minecraft) External chunk path /Users/magje/code/mods/jade-modded-entities/fabric/runs/client/saves/New World/region/c.5.-8.mcc is not file
[21:00:45] [IO-Worker-3/WARN] (Minecraft) Chunk has both internal and external streams
[21:00:45] [IO-Worker-3/ERROR] (Minecraft) External chunk path /Users/magje/code/mods/jade-modded-entities/fabric/runs/client/saves/New World/region/c.6.-8.mcc is not file
[21:00:45] [IO-Worker-1/WARN] (Minecraft) Chunk has both internal and external streams
[21:00:45] [IO-Worker-1/ERROR] (Minecraft) External chunk path /Users/magje/code/mods/jade-modded-entities/fabric/runs/client/saves/New World/region/c.7.-8.mcc is not file
[21:00:45] [IO-Worker-3/ERROR] (Minecraft) Declared size -1662165637 of chunk [8, -8] is negative
[21:00:45] [IO-Worker-3/ERROR] (Minecraft) Declared size -312644756 of chunk [9, -8] is negative
[21:00:45] [IO-Worker-1/ERROR] (Minecraft) Declared size -312648340 of chunk [10, -8] is negative
[21:00:45] [IO-Worker-3/ERROR] (Minecraft) Declared size -308449940 of chunk [11, -8] is negative
[21:00:45] [IO-Worker-1/ERROR] (Minecraft) Chunk [12, -8] stream is truncated: expected 459520620 but read 8187
[21:00:45] [IO-Worker-3/ERROR] (Minecraft) Chunk [13, -8] stream is truncated: expected 1271499162 but read 8187
[21:00:45] [IO-Worker-1/WARN] (Minecraft) Chunk has both internal and external streams
[21:00:45] [IO-Worker-1/ERROR] (Minecraft) External chunk path /Users/magje/code/mods/jade-modded-entities/fabric/runs/client/saves/New World/region/c.14.-8.mcc is not file
[21:00:45] [IO-Worker-3/WARN] (Minecraft) Chunk has both internal and external streams
[21:00:45] [IO-Worker-3/ERROR] (Minecraft) External chunk path /Users/magje/code/mods/jade-modded-entities/fabric/runs/client/saves/New World/region/c.15.-8.mcc is not file
[21:00:45] [IO-Worker-1/ERROR] (Minecraft) Declared size -869459732 of chunk [16, -8] is negative
[21:00:45] [IO-Worker-1/ERROR] (Minecraft) Declared size -599727236 of chunk [17, -8] is negative
[21:00:45] [IO-Worker-3/ERROR] (Minecraft) Declared size -1304414403 of chunk [18, -8] is negative
[21:00:45] [IO-Worker-1/ERROR] (Minecraft) Declared size -732671682 of chunk [19, -8] is negative
[21:00:45] [IO-Worker-3/ERROR] (Minecraft) Chunk [20, -8] stream is truncated: expected 27973667 but read 4091
[21:00:45] [IO-Worker-1/ERROR] (Minecraft) Chunk [21, -8] stream is truncated: expected 156288330 but read 4091
[21:00:45] [IO-Worker-3/ERROR] (Minecraft) Chunk [22, -8] stream is truncated: expected 156288330 but read 4091
[21:00:45] [IO-Worker-1/ERROR] (Minecraft) Chunk [23, -8] stream is truncated: expected 39121297 but read 4091
[21:00:45] [IO-Worker-3/ERROR] (Minecraft) Chunk [24, -8] stream is truncated: expected 274895671 but read 4091
[21:00:45] [IO-Worker-1/WARN] (Minecraft) Chunk has both internal and external streams
[21:00:45] [IO-Worker-1/ERROR] (Minecraft) External chunk path /Users/magje/code/mods/jade-modded-entities/fabric/runs/client/saves/New World/region/c.25.-8.mcc is not file
[21:00:45] [IO-Worker-3/WARN] (Minecraft) Chunk has both internal and external streams
[21:00:45] [IO-Worker-3/ERROR] (Minecraft) External chunk path /Users/magje/code/mods/jade-modded-entities/fabric/runs/client/saves/New World/region/c.26.-8.mcc is not file
[21:00:45] [IO-Worker-1/ERROR] (Minecraft) Chunk [27, -8] stream is truncated: expected 39121297 but read 4091
[21:00:45] [IO-Worker-1/WARN] (Minecraft) Chunk has both internal and external streams
[21:00:45] [IO-Worker-1/ERROR] (Minecraft) External chunk path /Users/magje/code/mods/jade-modded-entities/fabric/runs/client/saves/New World/region/c.0.-7.mcc is not file
[21:00:45] [IO-Worker-3/ERROR] (Minecraft) Declared size -1081139438 of chunk [1, -7] is negative
[21:00:45] [IO-Worker-1/ERROR] (Minecraft) Declared size -941677745 of chunk [2, -7] is negative
[21:00:45] [IO-Worker-3/ERROR] (Minecraft) Chunk [3, -7] stream is truncated: expected 636826946 but read 8187
[21:00:45] [IO-Worker-1/WARN] (Minecraft) Chunk has both internal and external streams
[21:00:45] [IO-Worker-1/ERROR] (Minecraft) External chunk path /Users/magje/code/mods/jade-modded-entities/fabric/runs/client/saves/New World/region/c.4.-7.mcc is not file
[21:00:45] [IO-Worker-3/WARN] (Minecraft) Chunk has both internal and external streams
[21:00:45] [IO-Worker-3/ERROR] (Minecraft) External chunk path /Users/magje/code/mods/jade-modded-entities/fabric/runs/client/saves/New World/region/c.5.-7.mcc is not file
[21:00:45] [IO-Worker-1/ERROR] (Minecraft) Declared size -1654821861 of chunk [6, -7] is negative
[21:00:45] [IO-Worker-3/WARN] (Minecraft) Chunk has both internal and external streams
[21:00:45] [IO-Worker-3/ERROR] (Minecraft) External chunk path /Users/magje/code/mods/jade-modded-entities/fabric/runs/client/saves/New World/region/c.7.-7.mcc is not file
[21:00:45] [IO-Worker-1/ERROR] (Minecraft) Chunk [8, -7] stream is truncated: expected 2023550299 but read 4091
[21:00:45] [IO-Worker-3/ERROR] (Minecraft) Chunk [9, -7] stream is truncated: expected 2023550300 but read 8187
[21:00:45] [IO-Worker-1/ERROR] (Minecraft) Chunk [10, -7] stream is truncated: expected 2023550363 but read 8187
[21:00:45] [IO-Worker-3/ERROR] (Minecraft) Declared size -1654821861 of chunk [11, -7] is negative
[21:00:45] [IO-Worker-1/ERROR] (Minecraft) Chunk [12, -7] stream is truncated: expected 1025723209 but read 8187
[21:00:45] [IO-Worker-3/ERROR] (Minecraft) Chunk [13, -7] stream is truncated: expected 891561272 but read 8187
[21:00:45] [IO-Worker-1/WARN] (Minecraft) Chunk has both internal and external streams
[21:00:45] [IO-Worker-1/ERROR] (Minecraft) External chunk path /Users/magje/code/mods/jade-modded-entities/fabric/runs/client/saves/New World/region/c.14.-7.mcc is not file
[21:00:45] [IO-Worker-3/ERROR] (Minecraft) Declared size -502951188 of chunk [15, -7] is negative
[21:00:45] [IO-Worker-3/WARN] (Minecraft) Chunk has both internal and external streams
[21:00:45] [IO-Worker-3/ERROR] (Minecraft) External chunk path /Users/magje/code/mods/jade-modded-entities/fabric/runs/client/saves/New World/region/c.16.-7.mcc is not file
[21:00:45] [IO-Worker-1/WARN] (Minecraft) Chunk has both internal and external streams
[21:00:45] [IO-Worker-1/ERROR] (Minecraft) External chunk path /Users/magje/code/mods/jade-modded-entities/fabric/runs/client/saves/New World/region/c.17.-7.mcc is not file
[21:00:45] [IO-Worker-3/ERROR] (Minecraft) Chunk [18, -7] stream is truncated: expected 2043440666 but read 8187
[21:00:45] [IO-Worker-1/ERROR] (Minecraft) Declared size -2001746925 of chunk [19, -7] is negative
[21:00:45] [IO-Worker-3/ERROR] (Minecraft) Chunk [20, -7] stream is truncated: expected 27973667 but read 4091
[21:00:45] [IO-Worker-1/ERROR] (Minecraft) Chunk [21, -7] stream is truncated: expected 156288330 but read 4091
[21:00:45] [IO-Worker-3/ERROR] (Minecraft) Chunk [22, -7] stream is truncated: expected 156288330 but read 4091
[21:00:45] [IO-Worker-1/ERROR] (Minecraft) Chunk [23, -7] stream is truncated: expected 39121297 but read 4091
[21:00:45] [IO-Worker-3/ERROR] (Minecraft) Chunk [24, -7] stream is truncated: expected 274895671 but read 4091
[21:00:45] [IO-Worker-1/WARN] (Minecraft) Chunk has both internal and external streams
[21:00:45] [IO-Worker-1/ERROR] (Minecraft) External chunk path /Users/magje/code/mods/jade-modded-entities/fabric/runs/client/saves/New World/region/c.25.-7.mcc is not file
[21:00:45] [IO-Worker-1/WARN] (Minecraft) Chunk has both internal and external streams
[21:00:45] [IO-Worker-1/ERROR] (Minecraft) External chunk path /Users/magje/code/mods/jade-modded-entities/fabric/runs/client/saves/New World/region/c.26.-7.mcc is not file
[21:00:45] [IO-Worker-1/WARN] (Minecraft) Chunk has both internal and external streams
[21:00:45] [IO-Worker-1/ERROR] (Minecraft) External chunk path /Users/magje/code/mods/jade-modded-entities/fabric/runs/client/saves/New World/region/c.27.-7.mcc is not file
[21:00:45] [IO-Worker-3/ERROR] (Minecraft) Chunk [0, -6] stream is truncated: expected 1408371748 but read 8187
[21:00:45] [IO-Worker-1/WARN] (Minecraft) Chunk has both internal and external streams
[21:00:45] [IO-Worker-1/ERROR] (Minecraft) External chunk path /Users/magje/code/mods/jade-modded-entities/fabric/runs/client/saves/New World/region/c.1.-6.mcc is not file
[21:00:45] [IO-Worker-3/WARN] (Minecraft) Chunk has both internal and external streams
[21:00:45] [IO-Worker-3/ERROR] (Minecraft) External chunk path /Users/magje/code/mods/jade-modded-entities/fabric/runs/client/saves/New World/region/c.2.-6.mcc is not file
[21:00:45] [IO-Worker-1/ERROR] (Minecraft) Declared size -20399340 of chunk [3, -6] is negative
[21:00:45] [IO-Worker-3/WARN] (Minecraft) Chunk has both internal and external streams
[21:00:45] [IO-Worker-3/ERROR] (Minecraft) External chunk path /Users/magje/code/mods/jade-modded-entities/fabric/runs/client/saves/New World/region/c.4.-6.mcc is not file
[21:00:45] [IO-Worker-1/ERROR] (Minecraft) Declared size -308453524 of chunk [5, -6] is negative
[21:00:45] [IO-Worker-3/ERROR] (Minecraft) Declared size -312647828 of chunk [6, -6] is negative
[21:00:45] [IO-Worker-1/ERROR] (Minecraft) Chunk [7, -6] stream is truncated: expected 1549626394 but read 8187
[21:00:45] [IO-Worker-1/ERROR] (Minecraft) Chunk [8, -6] stream is truncated: expected 2023550363 but read 8187
[21:00:45] [IO-Worker-3/ERROR] (Minecraft) Chunk [9, -6] stream is truncated: expected 41458924 but read 8187
[21:00:45] [IO-Worker-1/ERROR] (Minecraft) Chunk [10, -6] stream is truncated: expected 2023550364 but read 8187
[21:00:45] [IO-Worker-3/ERROR] (Minecraft) Chunk [11, -6] stream is truncated: expected 1568500819 but read 8187
[21:00:45] [IO-Worker-1/WARN] (Minecraft) Chunk has both internal and external streams
[21:00:45] [IO-Worker-1/ERROR] (Minecraft) External chunk path /Users/magje/code/mods/jade-modded-entities/fabric/runs/client/saves/New World/region/c.12.-6.mcc is not file
[21:00:45] [IO-Worker-3/ERROR] (Minecraft) Chunk [13, -6] stream is truncated: expected 22664917 but read 8187
[21:00:45] [IO-Worker-3/ERROR] (Minecraft) Chunk [14, -6] stream is truncated: expected 1043969 but read 4091
[21:00:45] [IO-Worker-1/WARN] (Minecraft) Chunk has both internal and external streams
[21:00:45] [IO-Worker-1/ERROR] (Minecraft) External chunk path /Users/magje/code/mods/jade-modded-entities/fabric/runs/client/saves/New World/region/c.15.-6.mcc is not file
[21:00:45] [IO-Worker-3/ERROR] (Minecraft) Chunk [16, -6] stream is truncated: expected 632822552 but read 8187
[21:00:45] [IO-Worker-1/WARN] (Minecraft) Chunk has both internal and external streams
[21:00:45] [IO-Worker-1/ERROR] (Minecraft) External chunk path /Users/magje/code/mods/jade-modded-entities/fabric/runs/client/saves/New World/region/c.17.-6.mcc is not file
[21:00:45] [IO-Worker-3/WARN] (Minecraft) Chunk has both internal and external streams
[21:00:45] [IO-Worker-3/ERROR] (Minecraft) External chunk path /Users/magje/code/mods/jade-modded-entities/fabric/runs/client/saves/New World/region/c.18.-6.mcc is not file
[21:00:45] [IO-Worker-1/ERROR] (Minecraft) Chunk [19, -6] stream is truncated: expected 1215137033 but read 4091
[21:00:45] [IO-Worker-3/ERROR] (Minecraft) Chunk [20, -6] stream is truncated: expected 27973667 but read 4091
[21:00:45] [IO-Worker-3/ERROR] (Minecraft) Chunk [21, -6] stream is truncated: expected 78144146 but read 4091
[21:00:45] [IO-Worker-1/ERROR] (Minecraft) Chunk [22, -6] stream is truncated: expected 78144146 but read 4091
[21:00:45] [IO-Worker-3/ERROR] (Minecraft) Chunk [23, -6] stream is truncated: expected 27973667 but read 4091
[21:00:45] [IO-Worker-1/ERROR] (Minecraft) Chunk [24, -6] stream is truncated: expected 274895671 but read 4091
[21:00:45] [IO-Worker-3/WARN] (Minecraft) Chunk has both internal and external streams
[21:00:45] [IO-Worker-3/ERROR] (Minecraft) External chunk path /Users/magje/code/mods/jade-modded-entities/fabric/runs/client/saves/New World/region/c.25.-6.mcc is not file
[21:00:45] [IO-Worker-1/WARN] (Minecraft) Chunk has both internal and external streams
[21:00:45] [IO-Worker-1/ERROR] (Minecraft) External chunk path /Users/magje/code/mods/jade-modded-entities/fabric/runs/client/saves/New World/region/c.26.-6.mcc is not file
[21:00:45] [IO-Worker-3/ERROR] (Minecraft) Chunk [27, -6] stream is truncated: expected 27973667 but read 4091
[21:00:45] [IO-Worker-1/ERROR] (Minecraft) Chunk [0, -5] stream is truncated: expected 626611831 but read 8187
[21:00:45] [IO-Worker-1/WARN] (Minecraft) Chunk has both internal and external streams
[21:00:45] [IO-Worker-1/ERROR] (Minecraft) External chunk path /Users/magje/code/mods/jade-modded-entities/fabric/runs/client/saves/New World/region/c.1.-5.mcc is not file
[21:00:45] [IO-Worker-3/ERROR] (Minecraft) Declared size -910747302 of chunk [2, -5] is negative
[21:00:45] [IO-Worker-1/WARN] (Minecraft) Chunk has both internal and external streams
[21:00:45] [IO-Worker-1/ERROR] (Minecraft) External chunk path /Users/magje/code/mods/jade-modded-entities/fabric/runs/client/saves/New World/region/c.3.-5.mcc is not file
[21:00:45] [IO-Worker-3/ERROR] (Minecraft) Declared size -917992782 of chunk [4, -5] is negative
[21:00:45] [IO-Worker-1/ERROR] (Minecraft) Declared size -308449940 of chunk [5, -5] is negative
[21:00:45] [IO-Worker-3/ERROR] (Minecraft) Declared size -308453524 of chunk [6, -5] is negative
[21:00:45] [IO-Worker-3/ERROR] (Minecraft) Declared size -308454032 of chunk [7, -5] is negative
[21:00:45] [IO-Worker-1/WARN] (Minecraft) Chunk has both internal and external streams
[21:00:45] [IO-Worker-1/ERROR] (Minecraft) External chunk path /Users/magje/code/mods/jade-modded-entities/fabric/runs/client/saves/New World/region/c.8.-5.mcc is not file
[21:00:45] [IO-Worker-3/WARN] (Minecraft) Chunk has both internal and external streams
[21:00:45] [IO-Worker-3/ERROR] (Minecraft) External chunk path /Users/magje/code/mods/jade-modded-entities/fabric/runs/client/saves/New World/region/c.9.-5.mcc is not file
[21:00:45] [IO-Worker-1/ERROR] (Minecraft) Chunk [10, -5] stream is truncated: expected 462623511 but read 8187
[21:00:45] [IO-Worker-3/WARN] (Minecraft) Chunk has both internal and external streams
[21:00:45] [IO-Worker-3/ERROR] (Minecraft) External chunk path /Users/magje/code/mods/jade-modded-entities/fabric/runs/client/saves/New World/region/c.11.-5.mcc is not file
[21:00:45] [IO-Worker-1/WARN] (Minecraft) Chunk has both internal and external streams
[21:00:45] [IO-Worker-1/ERROR] (Minecraft) External chunk path /Users/magje/code/mods/jade-modded-entities/fabric/runs/client/saves/New World/region/c.12.-5.mcc is not file
[21:00:45] [IO-Worker-3/ERROR] (Minecraft) Chunk [13, -5] stream is truncated: expected 1251268525 but read 8187
[21:00:45] [IO-Worker-1/WARN] (Minecraft) Chunk has both internal and external streams
[21:00:45] [IO-Worker-1/ERROR] (Minecraft) External chunk path /Users/magje/code/mods/jade-modded-entities/fabric/runs/client/saves/New World/region/c.14.-5.mcc is not file
[21:00:45] [IO-Worker-3/WARN] (Minecraft) Chunk has both internal and external streams
[21:00:45] [IO-Worker-3/ERROR] (Minecraft) External chunk path /Users/magje/code/mods/jade-modded-entities/fabric/runs/client/saves/New World/region/c.15.-5.mcc is not file
[21:00:45] [IO-Worker-1/ERROR] (Minecraft) Declared size -522874296 of chunk [16, -5] is negative
[21:00:45] [IO-Worker-3/ERROR] (Minecraft) Chunk [17, -5] stream is truncated: expected 1856665214 but read 8187
[21:00:45] [IO-Worker-1/ERROR] (Minecraft) Chunk [18, -5] stream is truncated: expected 1640451832 but read 8187
[21:00:45] [IO-Worker-3/ERROR] (Minecraft) Chunk [19, -5] stream is truncated: expected 1249913597 but read 4091
[21:00:45] [IO-Worker-1/ERROR] (Minecraft) Chunk [20, -5] stream is truncated: expected 27973667 but read 4091
[21:00:45] [IO-Worker-3/ERROR] (Minecraft) Chunk [21, -5] stream is truncated: expected 156288330 but read 4091
[21:00:45] [IO-Worker-1/ERROR] (Minecraft) Chunk [22, -5] stream is truncated: expected 156288330 but read 4091
[21:00:45] [IO-Worker-3/ERROR] (Minecraft) Chunk [23, -5] stream is truncated: expected 39121297 but read 4091
[21:00:45] [IO-Worker-1/ERROR] (Minecraft) Chunk [24, -5] stream is truncated: expected 274895671 but read 4091
[21:00:45] [IO-Worker-3/WARN] (Minecraft) Chunk has both internal and external streams
[21:00:45] [IO-Worker-3/ERROR] (Minecraft) External chunk path /Users/magje/code/mods/jade-modded-entities/fabric/runs/client/saves/New World/region/c.25.-5.mcc is not file
[21:00:45] [IO-Worker-1/WARN] (Minecraft) Chunk has both internal and external streams
[21:00:45] [IO-Worker-1/ERROR] (Minecraft) External chunk path /Users/magje/code/mods/jade-modded-entities/fabric/runs/client/saves/New World/region/c.26.-5.mcc is not file
[21:00:45] [IO-Worker-3/WARN] (Minecraft) Chunk has both internal and external streams
[21:00:45] [IO-Worker-3/ERROR] (Minecraft) External chunk path /Users/magje/code/mods/jade-modded-entities/fabric/runs/client/saves/New World/region/c.27.-5.mcc is not file
[21:00:45] [IO-Worker-3/WARN] (Minecraft) Chunk has both internal and external streams
[21:00:45] [IO-Worker-3/ERROR] (Minecraft) External chunk path /Users/magje/code/mods/jade-modded-entities/fabric/runs/client/saves/New World/region/c.0.-4.mcc is not file
[21:00:45] [IO-Worker-1/WARN] (Minecraft) Chunk has both internal and external streams
[21:00:45] [IO-Worker-1/ERROR] (Minecraft) External chunk path /Users/magje/code/mods/jade-modded-entities/fabric/runs/client/saves/New World/region/c.1.-4.mcc is not file
[21:00:45] [IO-Worker-3/ERROR] (Minecraft) Declared size -598015966 of chunk [2, -4] is negative
[21:00:45] [IO-Worker-1/ERROR] (Minecraft) Chunk [3, -4] stream is truncated: expected 309207438 but read 8187
[21:00:45] [IO-Worker-3/ERROR] (Minecraft) Chunk [4, -4] stream is truncated: expected 596140241 but read 8187
[21:00:45] [IO-Worker-1/ERROR] (Minecraft) Declared size -308454032 of chunk [5, -4] is negative
[21:00:45] [IO-Worker-3/ERROR] (Minecraft) Declared size -1326463824 of chunk [6, -4] is negative
[21:00:45] [IO-Worker-1/ERROR] (Minecraft) Declared size -308454036 of chunk [7, -4] is negative
[21:00:45] [IO-Worker-3/WARN] (Minecraft) Chunk has both internal and external streams
[21:00:45] [IO-Worker-3/ERROR] (Minecraft) External chunk path /Users/magje/code/mods/jade-modded-entities/fabric/runs/client/saves/New World/region/c.8.-4.mcc is not file
[21:00:45] [IO-Worker-1/ERROR] (Minecraft) Declared size -308454516 of chunk [9, -4] is negative
[21:00:45] [IO-Worker-3/WARN] (Minecraft) Chunk has both internal and external streams
[21:00:45] [IO-Worker-3/ERROR] (Minecraft) External chunk path /Users/magje/code/mods/jade-modded-entities/fabric/runs/client/saves/New World/region/c.10.-4.mcc is not file
[21:00:45] [IO-Worker-1/ERROR] (Minecraft) Chunk [11, -4] stream is truncated: expected 2023550364 but read 8187
[21:00:45] [IO-Worker-3/ERROR] (Minecraft) Declared size -1234426520 of chunk [12, -4] is negative
[21:00:45] [IO-Worker-1/WARN] (Minecraft) Chunk has both internal and external streams
[21:00:45] [IO-Worker-1/ERROR] (Minecraft) External chunk path /Users/magje/code/mods/jade-modded-entities/fabric/runs/client/saves/New World/region/c.13.-4.mcc is not file
[21:00:45] [IO-Worker-3/WARN] (Minecraft) Chunk has both internal and external streams
[21:00:45] [IO-Worker-3/ERROR] (Minecraft) External chunk path /Users/magje/code/mods/jade-modded-entities/fabric/runs/client/saves/New World/region/c.14.-4.mcc is not file
[21:00:45] [IO-Worker-1/ERROR] (Minecraft) Chunk [15, -4] stream is truncated: expected 633818250 but read 8187
[21:00:45] [IO-Worker-3/WARN] (Minecraft) Chunk has both internal and external streams
[21:00:45] [IO-Worker-3/ERROR] (Minecraft) External chunk path /Users/magje/code/mods/jade-modded-entities/fabric/runs/client/saves/New World/region/c.16.-4.mcc is not file
[21:00:45] [IO-Worker-1/ERROR] (Minecraft) Declared size -1788073446 of chunk [17, -4] is negative
[21:00:45] [IO-Worker-3/ERROR] (Minecraft) Declared size -1864832288 of chunk [18, -4] is negative
[21:00:45] [IO-Worker-1/ERROR] (Minecraft) Chunk [19, -4] stream is truncated: expected 156288330 but read 4091
[21:00:45] [IO-Worker-3/ERROR] (Minecraft) Chunk [20, -4] stream is truncated: expected 27973667 but read 4091
[21:00:45] [IO-Worker-1/ERROR] (Minecraft) Chunk [21, -4] stream is truncated: expected 78144146 but read 4091
[21:00:45] [IO-Worker-3/ERROR] (Minecraft) Chunk [22, -4] stream is truncated: expected 78144146 but read 4091
[21:00:45] [IO-Worker-1/ERROR] (Minecraft) Chunk [23, -4] stream is truncated: expected 27973667 but read 4091
[21:00:45] [IO-Worker-3/WARN] (Minecraft) Chunk has both internal and external streams
[21:00:45] [IO-Worker-3/ERROR] (Minecraft) External chunk path /Users/magje/code/mods/jade-modded-entities/fabric/runs/client/saves/New World/region/c.24.-4.mcc is not file
[21:00:45] [IO-Worker-1/WARN] (Minecraft) Chunk has both internal and external streams
[21:00:45] [IO-Worker-1/ERROR] (Minecraft) External chunk path /Users/magje/code/mods/jade-modded-entities/fabric/runs/client/saves/New World/region/c.25.-4.mcc is not file
[21:00:45] [IO-Worker-3/ERROR] (Minecraft) Chunk [26, -4] stream is truncated: expected 1141731658 but read 4091
[21:00:45] [IO-Worker-1/ERROR] (Minecraft) Chunk [27, -4] stream is truncated: expected 27973667 but read 4091
[21:00:45] [IO-Worker-3/ERROR] (Minecraft) Chunk [0, -3] stream is truncated: expected 1398529 but read 8187
[21:00:45] [IO-Worker-1/ERROR] (Minecraft) Chunk [1, -3] stream is truncated: expected 1396993 but read 8187
[21:00:45] [IO-Worker-3/ERROR] (Minecraft) Chunk [2, -3] stream is truncated: expected 1712129 but read 8187
[21:00:45] [IO-Worker-1/WARN] (Minecraft) Chunk has both internal and external streams
[21:00:45] [IO-Worker-1/ERROR] (Minecraft) External chunk path /Users/magje/code/mods/jade-modded-entities/fabric/runs/client/saves/New World/region/c.3.-3.mcc is not file
[21:00:45] [IO-Worker-3/WARN] (Minecraft) Chunk has both internal and external streams
[21:00:45] [IO-Worker-3/ERROR] (Minecraft) External chunk path /Users/magje/code/mods/jade-modded-entities/fabric/runs/client/saves/New World/region/c.4.-3.mcc is not file
[21:00:45] [IO-Worker-1/WARN] (Minecraft) Chunk has both internal and external streams
[21:00:45] [IO-Worker-1/ERROR] (Minecraft) External chunk path /Users/magje/code/mods/jade-modded-entities/fabric/runs/client/saves/New World/region/c.5.-3.mcc is not file
[21:00:45] [IO-Worker-3/ERROR] (Minecraft) Declared size -308454036 of chunk [6, -3] is negative
[21:00:45] [IO-Worker-1/WARN] (Minecraft) Chunk has both internal and external streams
[21:00:45] [IO-Worker-1/ERROR] (Minecraft) External chunk path /Users/magje/code/mods/jade-modded-entities/fabric/runs/client/saves/New World/region/c.7.-3.mcc is not file
[21:00:45] [IO-Worker-3/ERROR] (Minecraft) Declared size -312639636 of chunk [8, -3] is negative
[21:00:45] [IO-Worker-1/ERROR] (Minecraft) Chunk [9, -3] stream is truncated: expected 2023550299 but read 8187
[21:00:45] [IO-Worker-3/ERROR] (Minecraft) Declared size -308458132 of chunk [10, -3] is negative
[21:00:45] [IO-Worker-1/ERROR] (Minecraft) Declared size -308449940 of chunk [11, -3] is negative
[21:00:45] [IO-Worker-3/WARN] (Minecraft) Chunk has both internal and external streams
[21:00:45] [IO-Worker-3/ERROR] (Minecraft) External chunk path /Users/magje/code/mods/jade-modded-entities/fabric/runs/client/saves/New World/region/c.12.-3.mcc is not file
[21:00:45] [IO-Worker-1/WARN] (Minecraft) Chunk has both internal and external streams
[21:00:45] [IO-Worker-1/ERROR] (Minecraft) External chunk path /Users/magje/code/mods/jade-modded-entities/fabric/runs/client/saves/New World/region/c.13.-3.mcc is not file
[21:00:45] [IO-Worker-3/WARN] (Minecraft) Chunk has both internal and external streams
[21:00:45] [IO-Worker-3/ERROR] (Minecraft) External chunk path /Users/magje/code/mods/jade-modded-entities/fabric/runs/client/saves/New World/region/c.14.-3.mcc is not file
[21:00:45] [IO-Worker-1/ERROR] (Minecraft) Chunk [15, -3] stream is truncated: expected 1219630316 but read 8187
[21:00:45] [IO-Worker-3/ERROR] (Minecraft) Declared size -802378570 of chunk [16, -3] is negative
[21:00:45] [IO-Worker-1/ERROR] (Minecraft) Chunk [17, -3] stream is truncated: expected 1998341576 but read 8187
[21:00:45] [IO-Worker-3/WARN] (Minecraft) Chunk has both internal and external streams
[21:00:45] [IO-Worker-3/ERROR] (Minecraft) External chunk path /Users/magje/code/mods/jade-modded-entities/fabric/runs/client/saves/New World/region/c.18.-3.mcc is not file
[21:00:45] [IO-Worker-1/WARN] (Minecraft) Chunk has both internal and external streams
[21:00:45] [IO-Worker-1/ERROR] (Minecraft) External chunk path /Users/magje/code/mods/jade-modded-entities/fabric/runs/client/saves/New World/region/c.19.-3.mcc is not file
[21:00:45] [IO-Worker-3/WARN] (Minecraft) Chunk has both internal and external streams
[21:00:45] [IO-Worker-3/ERROR] (Minecraft) External chunk path /Users/magje/code/mods/jade-modded-entities/fabric/runs/client/saves/New World/region/c.20.-3.mcc is not file
[21:00:45] [IO-Worker-1/ERROR] (Minecraft) Chunk [21, -3] stream is truncated: expected 156288330 but read 4091
[21:00:45] [IO-Worker-3/ERROR] (Minecraft) Chunk [22, -3] stream is truncated: expected 156288330 but read 4091
[21:00:45] [IO-Worker-1/ERROR] (Minecraft) Chunk [23, -3] stream is truncated: expected 39121297 but read 4091
[21:00:45] [IO-Worker-3/WARN] (Minecraft) Chunk has both internal and external streams
[21:00:45] [IO-Worker-3/ERROR] (Minecraft) External chunk path /Users/magje/code/mods/jade-modded-entities/fabric/runs/client/saves/New World/region/c.24.-3.mcc is not file
[21:00:45] [IO-Worker-1/WARN] (Minecraft) Chunk has both internal and external streams
[21:00:45] [IO-Worker-1/ERROR] (Minecraft) External chunk path /Users/magje/code/mods/jade-modded-entities/fabric/runs/client/saves/New World/region/c.25.-3.mcc is not file
[21:00:45] [IO-Worker-3/WARN] (Minecraft) Chunk has both internal and external streams
[21:00:45] [IO-Worker-3/ERROR] (Minecraft) External chunk path /Users/magje/code/mods/jade-modded-entities/fabric/runs/client/saves/New World/region/c.26.-3.mcc is not file
[21:00:45] [IO-Worker-1/ERROR] (Minecraft) Chunk [27, -3] stream is truncated: expected 39121297 but read 4091
[21:00:45] [IO-Worker-2/ERROR] (Minecraft) Chunk [0, -2] stream is truncated: expected 1310977 but read 8187
[21:00:45] [IO-Worker-1/ERROR] (Minecraft) Chunk [1, -2] stream is truncated: expected 1525976927 but read 8187
[21:00:45] [IO-Worker-2/ERROR] (Minecraft) Declared size -1372087370 of chunk [3, -2] is negative
[21:00:45] [IO-Worker-1/WARN] (Minecraft) Chunk has both internal and external streams
[21:00:45] [IO-Worker-1/ERROR] (Minecraft) External chunk path /Users/magje/code/mods/jade-modded-entities/fabric/runs/client/saves/New World/region/c.4.-2.mcc is not file
[21:00:45] [IO-Worker-2/ERROR] (Minecraft) Chunk [5, -2] stream is truncated: expected 2023550300 but read 8187
[21:00:45] [IO-Worker-2/ERROR] (Minecraft) Chunk [6, -2] stream is truncated: expected 156837987 but read 8187
[21:00:45] [IO-Worker-1/ERROR] (Minecraft) Chunk [7, -2] stream is truncated: expected 41458924 but read 8187
[21:00:45] [IO-Worker-2/ERROR] (Minecraft) Chunk [8, -2] stream is truncated: expected 1224449 but read 8187
[21:00:45] [IO-Worker-1/ERROR] (Minecraft) Declared size -312644244 of chunk [9, -2] is negative
[21:00:45] [IO-Worker-1/ERROR] (Minecraft) Declared size -1662165633 of chunk [10, -2] is negative
[21:00:45] [IO-Worker-2/ERROR] (Minecraft) Declared size -308445332 of chunk [11, -2] is negative
[21:00:45] [IO-Worker-1/WARN] (Minecraft) Chunk has both internal and external streams
[21:00:45] [IO-Worker-1/ERROR] (Minecraft) External chunk path /Users/magje/code/mods/jade-modded-entities/fabric/runs/client/saves/New World/region/c.12.-2.mcc is not file
[21:00:45] [IO-Worker-2/WARN] (Minecraft) Chunk has both internal and external streams
[21:00:45] [IO-Worker-2/ERROR] (Minecraft) External chunk path /Users/magje/code/mods/jade-modded-entities/fabric/runs/client/saves/New World/region/c.13.-2.mcc is not file
[21:00:45] [IO-Worker-1/WARN] (Minecraft) Chunk has both internal and external streams
[21:00:45] [IO-Worker-1/ERROR] (Minecraft) External chunk path /Users/magje/code/mods/jade-modded-entities/fabric/runs/client/saves/New World/region/c.14.-2.mcc is not file
[21:00:45] [IO-Worker-1/WARN] (Minecraft) Chunk has both internal and external streams
[21:00:45] [IO-Worker-1/ERROR] (Minecraft) External chunk path /Users/magje/code/mods/jade-modded-entities/fabric/runs/client/saves/New World/region/c.15.-2.mcc is not file
[21:00:45] [IO-Worker-1/ERROR] (Minecraft) Declared size -508797430 of chunk [16, -2] is negative
[21:00:45] [IO-Worker-2/ERROR] (Minecraft) Declared size -935587127 of chunk [17, -2] is negative
[21:00:45] [IO-Worker-1/WARN] (Minecraft) Chunk has both internal and external streams
[21:00:45] [IO-Worker-1/ERROR] (Minecraft) External chunk path /Users/magje/code/mods/jade-modded-entities/fabric/runs/client/saves/New World/region/c.18.-2.mcc is not file
[21:00:45] [IO-Worker-2/ERROR] (Minecraft) Chunk [19, -2] stream is truncated: expected 902213571 but read 4091
[21:00:45] [IO-Worker-2/ERROR] (Minecraft) Chunk [20, -2] stream is truncated: expected 27973667 but read 4091
[21:00:45] [IO-Worker-1/ERROR] (Minecraft) Chunk [21, -2] stream is truncated: expected 156288330 but read 4091
[21:00:45] [IO-Worker-2/ERROR] (Minecraft) Chunk [22, -2] stream is truncated: expected 156288330 but read 4091
[21:00:45] [IO-Worker-1/ERROR] (Minecraft) Chunk [23, -2] stream is truncated: expected 39121297 but read 4091
[21:00:45] [IO-Worker-2/WARN] (Minecraft) Chunk has both internal and external streams
[21:00:45] [IO-Worker-2/ERROR] (Minecraft) External chunk path /Users/magje/code/mods/jade-modded-entities/fabric/runs/client/saves/New World/region/c.24.-2.mcc is not file
[21:00:45] [IO-Worker-1/WARN] (Minecraft) Chunk has both internal and external streams
[21:00:45] [IO-Worker-1/ERROR] (Minecraft) External chunk path /Users/magje/code/mods/jade-modded-entities/fabric/runs/client/saves/New World/region/c.25.-2.mcc is not file
[21:00:45] [IO-Worker-2/WARN] (Minecraft) Chunk has both internal and external streams
[21:00:45] [IO-Worker-2/ERROR] (Minecraft) External chunk path /Users/magje/code/mods/jade-modded-entities/fabric/runs/client/saves/New World/region/c.26.-2.mcc is not file
[21:00:45] [IO-Worker-1/ERROR] (Minecraft) Chunk [27, -2] stream is truncated: expected 39121297 but read 4091
[21:00:45] [IO-Worker-2/ERROR] (Minecraft) Chunk [0, -1] stream is truncated: expected 1260289 but read 8187
[21:00:45] [IO-Worker-1/ERROR] (Minecraft) Chunk [1, -1] stream is truncated: expected 1465089 but read 8187
[21:00:45] [IO-Worker-2/WARN] (Minecraft) Chunk has both internal and external streams
[21:00:45] [IO-Worker-2/ERROR] (Minecraft) External chunk path /Users/magje/code/mods/jade-modded-entities/fabric/runs/client/saves/New World/region/c.2.-1.mcc is not file
[21:00:45] [IO-Worker-1/WARN] (Minecraft) Chunk has both internal and external streams
[21:00:45] [IO-Worker-1/ERROR] (Minecraft) External chunk path /Users/magje/code/mods/jade-modded-entities/fabric/runs/client/saves/New World/region/c.3.-1.mcc is not file
[21:00:45] [IO-Worker-2/WARN] (Minecraft) Chunk has both internal and external streams
[21:00:45] [IO-Worker-2/ERROR] (Minecraft) External chunk path /Users/magje/code/mods/jade-modded-entities/fabric/runs/client/saves/New World/region/c.4.-1.mcc is not file
[21:00:45] [IO-Worker-1/ERROR] (Minecraft) Chunk [5, -1] stream is truncated: expected 41458924 but read 8187
[21:00:45] [IO-Worker-2/ERROR] (Minecraft) Chunk [6, -1] stream is truncated: expected 1861633 but read 8187
[21:00:45] [IO-Worker-1/ERROR] (Minecraft) Declared size -312648852 of chunk [7, -1] is negative
[21:00:45] [IO-Worker-2/WARN] (Minecraft) Failed to bulk scan chunk [8, -1]
java.io.UTFDataFormatException: malformed input around byte 3
	at java.base/java.io.DataInputStream.readUTF(DataInputStream.java:641)
	at java.base/java.io.DataInputStream.readUTF(DataInputStream.java:550)
	at knot//net.minecraft.nbt.CompoundTag$1.readString(CompoundTag.java:154)
	at knot//net.minecraft.nbt.CompoundTag$1.parseCompound(CompoundTag.java:122)
	at knot//net.minecraft.nbt.CompoundTag$1.parse(CompoundTag.java:94)
	at knot//net.minecraft.nbt.NbtIo.parse(NbtIo.java:140)
	at knot//net.minecraft.world.level.chunk.storage.RegionFileStorage.scanChunk(RegionFileStorage.java:67)
	at knot//net.minecraft.world.level.chunk.storage.IOWorker.method_39801(IOWorker.java:233)
	at knot//net.minecraft.world.level.chunk.storage.IOWorker.method_64027(IOWorker.java:247)
	at knot//net.minecraft.util.thread.PriorityConsecutiveExecutor.method_63600(PriorityConsecutiveExecutor.java:22)
	at knot//net.minecraft.util.thread.StrictQueue$RunnableWithPriority.run(StrictQueue.java:50)
	at knot//net.minecraft.util.Util.runNamed(Util.java:297)
	at knot//net.minecraft.util.thread.AbstractConsecutiveExecutor.pollTask(AbstractConsecutiveExecutor.java:50)
	at knot//net.minecraft.util.thread.AbstractConsecutiveExecutor.run(AbstractConsecutiveExecutor.java:62)
	at java.base/java.util.concurrent.ThreadPoolExecutor.runWorker(ThreadPoolExecutor.java:1144)
	at java.base/java.util.concurrent.ThreadPoolExecutor$Worker.run(ThreadPoolExecutor.java:642)
	at java.base/java.lang.Thread.run(Thread.java:1583)
[21:00:45] [Worker-Main-4/WARN] (Minecraft) Failed to scan chunk [8, -1]
java.util.concurrent.CompletionException: java.io.UTFDataFormatException: malformed input around byte 3
	at java.base/java.util.concurrent.CompletableFuture.reportJoin(CompletableFuture.java:413)
	at java.base/java.util.concurrent.CompletableFuture.join(CompletableFuture.java:2118)
	at knot//net.minecraft.world.level.chunk.storage.IOWorker.method_42331(IOWorker.java:148)
	at knot//net.minecraft.world.level.ChunkPos$2.tryAdvance(ChunkPos.java:263)
	at java.base/java.util.Spliterator.forEachRemaining(Spliterator.java:332)
	at java.base/java.util.stream.ReferencePipeline$Head.forEach(ReferencePipeline.java:762)
	at knot//net.minecraft.world.level.chunk.storage.IOWorker.method_42334(IOWorker.java:141)
	at java.base/java.util.concurrent.CompletableFuture$AsyncSupply.run$$$capture(CompletableFuture.java:1768)
	at java.base/java.util.concurrent.CompletableFuture$AsyncSupply.run(CompletableFuture.java)
	at java.base/java.util.concurrent.CompletableFuture$AsyncSupply.exec(CompletableFuture.java:1760)
	at java.base/java.util.concurrent.ForkJoinTask.doExec$$$capture(ForkJoinTask.java:387)
	at java.base/java.util.concurrent.ForkJoinTask.doExec(ForkJoinTask.java)
	at java.base/java.util.concurrent.ForkJoinPool$WorkQueue.topLevelExec(ForkJoinPool.java:1312)
	at java.base/java.util.concurrent.ForkJoinPool.scan(ForkJoinPool.java:1843)
	at java.base/java.util.concurrent.ForkJoinPool.runWorker(ForkJoinPool.java:1808)
	at java.base/java.util.concurrent.ForkJoinWorkerThread.run(ForkJoinWorkerThread.java:188)
Caused by: java.io.UTFDataFormatException: malformed input around byte 3
	at java.base/java.io.DataInputStream.readUTF(DataInputStream.java:641)
	at java.base/java.io.DataInputStream.readUTF(DataInputStream.java:550)
	at knot//net.minecraft.nbt.CompoundTag$1.readString(CompoundTag.java:154)
	at knot//net.minecraft.nbt.CompoundTag$1.parseCompound(CompoundTag.java:122)
	at knot//net.minecraft.nbt.CompoundTag$1.parse(CompoundTag.java:94)
	at knot//net.minecraft.nbt.NbtIo.parse(NbtIo.java:140)
	at knot//net.minecraft.world.level.chunk.storage.RegionFileStorage.scanChunk(RegionFileStorage.java:67)
	at knot//net.minecraft.world.level.chunk.storage.IOWorker.method_39801(IOWorker.java:233)
	at knot//net.minecraft.world.level.chunk.storage.IOWorker.method_64027(IOWorker.java:247)
	at knot//net.minecraft.util.thread.PriorityConsecutiveExecutor.method_63600(PriorityConsecutiveExecutor.java:22)
	at knot//net.minecraft.util.thread.StrictQueue$RunnableWithPriority.run(StrictQueue.java:50)
	at knot//net.minecraft.util.Util.runNamed(Util.java:297)
	at knot//net.minecraft.util.thread.AbstractConsecutiveExecutor.pollTask(AbstractConsecutiveExecutor.java:50)
	at knot//net.minecraft.util.thread.AbstractConsecutiveExecutor.run(AbstractConsecutiveExecutor.java:62)
	at java.base/java.util.concurrent.ThreadPoolExecutor.runWorker(ThreadPoolExecutor.java:1144)
	at java.base/java.util.concurrent.ThreadPoolExecutor$Worker.run(ThreadPoolExecutor.java:642)
	at java.base/java.lang.Thread.run(Thread.java:1583)
[21:00:45] [IO-Worker-2/ERROR] (Minecraft) Declared size -308445844 of chunk [9, -1] is negative
[21:00:45] [IO-Worker-1/ERROR] (Minecraft) Declared size -312648852 of chunk [10, -1] is negative
[21:00:45] [IO-Worker-2/ERROR] (Minecraft) Declared size -312644756 of chunk [11, -1] is negative
[21:00:45] [IO-Worker-1/WARN] (Minecraft) Chunk has both internal and external streams
[21:00:45] [IO-Worker-1/ERROR] (Minecraft) External chunk path /Users/magje/code/mods/jade-modded-entities/fabric/runs/client/saves/New World/region/c.12.-1.mcc is not file
[21:00:45] [IO-Worker-2/ERROR] (Minecraft) Chunk [13, -1] stream is truncated: expected 368978805 but read 8187
[21:00:45] [IO-Worker-1/ERROR] (Minecraft) Chunk [14, -1] stream is truncated: expected 1694721 but read 8187
[21:00:45] [IO-Worker-2/WARN] (Minecraft) Chunk has both internal and external streams
[21:00:45] [IO-Worker-2/ERROR] (Minecraft) External chunk path /Users/magje/code/mods/jade-modded-entities/fabric/runs/client/saves/New World/region/c.15.-1.mcc is not file
[21:00:45] [IO-Worker-1/WARN] (Minecraft) Chunk has both internal and external streams
[21:00:45] [IO-Worker-1/ERROR] (Minecraft) External chunk path /Users/magje/code/mods/jade-modded-entities/fabric/runs/client/saves/New World/region/c.16.-1.mcc is not file
[21:00:45] [IO-Worker-2/ERROR] (Minecraft) Chunk [17, -1] stream is truncated: expected 393740239 but read 12283
[21:00:45] [IO-Worker-1/WARN] (Minecraft) Chunk has both internal and external streams
[21:00:45] [IO-Worker-1/ERROR] (Minecraft) External chunk path /Users/magje/code/mods/jade-modded-entities/fabric/runs/client/saves/New World/region/c.18.-1.mcc is not file
[21:00:45] [IO-Worker-2/ERROR] (Minecraft) Chunk [19, -1] stream is truncated: expected 1187978 but read 4091
[21:00:45] [IO-Worker-1/ERROR] (Minecraft) Chunk [20, -1] stream is truncated: expected 27973667 but read 4091
[21:00:45] [IO-Worker-2/ERROR] (Minecraft) Chunk [21, -1] stream is truncated: expected 78144146 but read 4091
[21:00:45] [IO-Worker-1/ERROR] (Minecraft) Chunk [22, -1] stream is truncated: expected 78144146 but read 4091
[21:00:45] [IO-Worker-2/ERROR] (Minecraft) Chunk [23, -1] stream is truncated: expected 27973667 but read 4091
[21:00:45] [IO-Worker-1/WARN] (Minecraft) Chunk has both internal and external streams
[21:00:45] [IO-Worker-1/ERROR] (Minecraft) External chunk path /Users/magje/code/mods/jade-modded-entities/fabric/runs/client/saves/New World/region/c.24.-1.mcc is not file
[21:00:45] [IO-Worker-2/WARN] (Minecraft) Chunk has both internal and external streams
[21:00:45] [IO-Worker-2/ERROR] (Minecraft) External chunk path /Users/magje/code/mods/jade-modded-entities/fabric/runs/client/saves/New World/region/c.25.-1.mcc is not file
[21:00:45] [IO-Worker-1/WARN] (Minecraft) Chunk has both internal and external streams
[21:00:45] [IO-Worker-1/ERROR] (Minecraft) External chunk path /Users/magje/code/mods/jade-modded-entities/fabric/runs/client/saves/New World/region/c.26.-1.mcc is not file
[21:00:45] [IO-Worker-2/ERROR] (Minecraft) Chunk [27, -1] stream is truncated: expected 27973667 but read 4091
[21:00:46] [Server thread/INFO] (Minecraft) Preparing spawn area: 16%
[21:00:46] [Server thread/INFO] (Minecraft) Preparing spawn area: 16%
[21:00:47] [Server thread/INFO] (Minecraft) Preparing spawn area: 27%
[21:00:47] [IO-Worker-3/WARN] (Minecraft) Chunk has both internal and external streams
[21:00:47] [IO-Worker-3/ERROR] (Minecraft) External chunk path /Users/magje/code/mods/jade-modded-entities/fabric/runs/client/saves/New World/region/c.0.0.mcc is not file
[21:00:47] [IO-Worker-3/WARN] (Minecraft) Chunk has both internal and external streams
[21:00:47] [IO-Worker-3/ERROR] (Minecraft) External chunk path /Users/magje/code/mods/jade-modded-entities/fabric/runs/client/saves/New World/region/c.2.0.mcc is not file
[21:00:47] [IO-Worker-1/ERROR] (Minecraft) Declared size -1723967598 of chunk [3, 0] is negative
[21:00:47] [IO-Worker-3/WARN] (Minecraft) Chunk has both internal and external streams
[21:00:47] [IO-Worker-3/ERROR] (Minecraft) External chunk path /Users/magje/code/mods/jade-modded-entities/fabric/runs/client/saves/New World/region/c.4.0.mcc is not file
[21:00:47] [IO-Worker-1/WARN] (Minecraft) Chunk has both internal and external streams
[21:00:47] [IO-Worker-1/ERROR] (Minecraft) External chunk path /Users/magje/code/mods/jade-modded-entities/fabric/runs/client/saves/New World/region/c.5.0.mcc is not file
[21:00:47] [IO-Worker-3/WARN] (Minecraft) Chunk has both internal and external streams
[21:00:47] [IO-Worker-3/ERROR] (Minecraft) External chunk path /Users/magje/code/mods/jade-modded-entities/fabric/runs/client/saves/New World/region/c.6.0.mcc is not file
[21:00:47] [IO-Worker-1/ERROR] (Minecraft) Chunk [7, 0] stream is truncated: expected 2023550300 but read 8187
[21:00:47] [IO-Worker-3/WARN] (Minecraft) Chunk has both internal and external streams
[21:00:47] [IO-Worker-3/ERROR] (Minecraft) External chunk path /Users/magje/code/mods/jade-modded-entities/fabric/runs/client/saves/New World/region/c.8.0.mcc is not file
[21:00:47] [IO-Worker-1/ERROR] (Minecraft) Declared size -940052414 of chunk [9, 0] is negative
[21:00:47] [IO-Worker-3/WARN] (Minecraft) Chunk has both internal and external streams
[21:00:47] [IO-Worker-3/ERROR] (Minecraft) External chunk path /Users/magje/code/mods/jade-modded-entities/fabric/runs/client/saves/New World/region/c.10.0.mcc is not file
[21:00:47] [IO-Worker-1/ERROR] (Minecraft) Chunk [11, 0] stream is truncated: expected 2023550300 but read 8187
[21:00:47] [IO-Worker-3/WARN] (Minecraft) Chunk has both internal and external streams
[21:00:47] [IO-Worker-3/ERROR] (Minecraft) External chunk path /Users/magje/code/mods/jade-modded-entities/fabric/runs/client/saves/New World/region/c.12.0.mcc is not file
[21:00:47] [IO-Worker-1/ERROR] (Minecraft) Chunk [13, 0] stream is truncated: expected 2104253398 but read 8187
[21:00:47] [IO-Worker-3/WARN] (Minecraft) Chunk has both internal and external streams
[21:00:47] [IO-Worker-3/ERROR] (Minecraft) External chunk path /Users/magje/code/mods/jade-modded-entities/fabric/runs/client/saves/New World/region/c.14.0.mcc is not file
[21:00:47] [IO-Worker-1/ERROR] (Minecraft) Declared size -887121518 of chunk [15, 0] is negative
[21:00:47] [IO-Worker-3/WARN] (Minecraft) Chunk has both internal and external streams
[21:00:47] [IO-Worker-3/ERROR] (Minecraft) External chunk path /Users/magje/code/mods/jade-modded-entities/fabric/runs/client/saves/New World/region/c.16.0.mcc is not file
[21:00:47] [IO-Worker-1/ERROR] (Minecraft) Declared size -1729494905 of chunk [17, 0] is negative
[21:00:47] [IO-Worker-3/ERROR] (Minecraft) Chunk [18, 0] stream is truncated: expected 1150145216 but read 8187
[21:00:47] [IO-Worker-1/WARN] (Minecraft) Chunk has both internal and external streams
[21:00:47] [IO-Worker-1/ERROR] (Minecraft) External chunk path /Users/magje/code/mods/jade-modded-entities/fabric/runs/client/saves/New World/region/c.19.0.mcc is not file
[21:00:47] [IO-Worker-1/ERROR] (Minecraft) Chunk [20, 0] stream is truncated: expected 277856788 but read 4091
[21:00:47] [IO-Worker-1/ERROR] (Minecraft) Chunk [21, 0] stream is truncated: expected 1111231062 but read 4091
[21:00:47] [IO-Worker-1/ERROR] (Minecraft) Chunk [22, 0] stream is truncated: expected 173488255 but read 4091
[21:00:47] [IO-Worker-1/WARN] (Minecraft) Chunk has both internal and external streams
[21:00:47] [IO-Worker-1/ERROR] (Minecraft) External chunk path /Users/magje/code/mods/jade-modded-entities/fabric/runs/client/saves/New World/region/c.23.0.mcc is not file
[21:00:47] [IO-Worker-3/WARN] (Minecraft) Chunk has both internal and external streams
[21:00:47] [IO-Worker-3/ERROR] (Minecraft) External chunk path /Users/magje/code/mods/jade-modded-entities/fabric/runs/client/saves/New World/region/c.24.0.mcc is not file
[21:00:47] [IO-Worker-3/ERROR] (Minecraft) Declared size -531515198 of chunk [25, 0] is negative
[21:00:47] [IO-Worker-3/WARN] (Minecraft) Chunk has both internal and external streams
[21:00:47] [IO-Worker-3/ERROR] (Minecraft) External chunk path /Users/magje/code/mods/jade-modded-entities/fabric/runs/client/saves/New World/region/c.26.0.mcc is not file
[21:00:47] [IO-Worker-1/ERROR] (Minecraft) Chunk [27, 0] stream is truncated: expected 1620512466 but read 4091
[21:00:47] [IO-Worker-3/WARN] (Minecraft) Chunk has both internal and external streams
[21:00:47] [IO-Worker-3/ERROR] (Minecraft) External chunk path /Users/magje/code/mods/jade-modded-entities/fabric/runs/client/saves/New World/region/c.0.1.mcc is not file
[21:00:47] [IO-Worker-1/WARN] (Minecraft) Chunk has both internal and external streams
[21:00:47] [IO-Worker-1/ERROR] (Minecraft) External chunk path /Users/magje/code/mods/jade-modded-entities/fabric/runs/client/saves/New World/region/c.1.1.mcc is not file
[21:00:47] [IO-Worker-3/ERROR] (Minecraft) Chunk [2, 1] stream is truncated: expected 2040472918 but read 8187
[21:00:47] [IO-Worker-1/ERROR] (Minecraft) Chunk [4, 1] stream is truncated: expected 1659649 but read 8187
[21:00:47] [IO-Worker-3/WARN] (Minecraft) Chunk has both internal and external streams
[21:00:47] [IO-Worker-3/ERROR] (Minecraft) External chunk path /Users/magje/code/mods/jade-modded-entities/fabric/runs/client/saves/New World/region/c.5.1.mcc is not file
[21:00:47] [IO-Worker-1/WARN] (Minecraft) Chunk has both internal and external streams
[21:00:47] [IO-Worker-1/ERROR] (Minecraft) External chunk path /Users/magje/code/mods/jade-modded-entities/fabric/runs/client/saves/New World/region/c.6.1.mcc is not file
[21:00:47] [IO-Worker-3/ERROR] (Minecraft) Declared size -1104918766 of chunk [7, 1] is negative
[21:00:47] [IO-Worker-1/ERROR] (Minecraft) Chunk [8, 1] stream is truncated: expected 1567366358 but read 8187
[21:00:47] [IO-Worker-3/ERROR] (Minecraft) Declared size -1723934830 of chunk [9, 1] is negative
[21:00:47] [IO-Worker-1/ERROR] (Minecraft) Chunk [10, 1] stream is truncated: expected 2070698966 but read 8187
[21:00:47] [IO-Worker-3/ERROR] (Minecraft) Declared size -310547088 of chunk [11, 1] is negative
[21:00:47] [IO-Worker-1/WARN] (Minecraft) Chunk has both internal and external streams
[21:00:47] [IO-Worker-1/ERROR] (Minecraft) External chunk path /Users/magje/code/mods/jade-modded-entities/fabric/runs/client/saves/New World/region/c.12.1.mcc is not file
[21:00:47] [IO-Worker-3/WARN] (Minecraft) Chunk has both internal and external streams
[21:00:47] [IO-Worker-3/ERROR] (Minecraft) External chunk path /Users/magje/code/mods/jade-modded-entities/fabric/runs/client/saves/New World/region/c.13.1.mcc is not file
[21:00:47] [IO-Worker-1/WARN] (Minecraft) Chunk has both internal and external streams
[21:00:47] [IO-Worker-1/ERROR] (Minecraft) External chunk path /Users/magje/code/mods/jade-modded-entities/fabric/runs/client/saves/New World/region/c.14.1.mcc is not file
[21:00:47] [IO-Worker-3/ERROR] (Minecraft) Chunk [15, 1] stream is truncated: expected 623479185 but read 8187
[21:00:47] [IO-Worker-1/WARN] (Minecraft) Chunk has both internal and external streams
[21:00:47] [IO-Worker-1/ERROR] (Minecraft) External chunk path /Users/magje/code/mods/jade-modded-entities/fabric/runs/client/saves/New World/region/c.16.1.mcc is not file
[21:00:47] [IO-Worker-3/ERROR] (Minecraft) Chunk [17, 1] stream is truncated: expected 714590495 but read 8187
[21:00:47] [IO-Worker-3/WARN] (Minecraft) Chunk has both internal and external streams
[21:00:47] [IO-Worker-3/ERROR] (Minecraft) External chunk path /Users/magje/code/mods/jade-modded-entities/fabric/runs/client/saves/New World/region/c.18.1.mcc is not file
[21:00:47] [IO-Worker-1/WARN] (Minecraft) Chunk has both internal and external streams
[21:00:47] [IO-Worker-1/ERROR] (Minecraft) External chunk path /Users/magje/code/mods/jade-modded-entities/fabric/runs/client/saves/New World/region/c.19.1.mcc is not file
[21:00:47] [IO-Worker-3/ERROR] (Minecraft) Declared size -1038807520 of chunk [20, 1] is negative
[21:00:47] [IO-Worker-1/ERROR] (Minecraft) Chunk [21, 1] stream is truncated: expected 1111231062 but read 4091
[21:00:47] [IO-Worker-3/ERROR] (Minecraft) Chunk [22, 1] stream is truncated: expected 173488255 but read 4091
[21:00:47] [IO-Worker-1/ERROR] (Minecraft) Declared size -1883106034 of chunk [23, 1] is negative
[21:00:47] [IO-Worker-3/ERROR] (Minecraft) Declared size -2008063733 of chunk [24, 1] is negative
[21:00:47] [IO-Worker-1/ERROR] (Minecraft) Declared size -531515198 of chunk [25, 1] is negative
[21:00:47] [IO-Worker-3/WARN] (Minecraft) Chunk has both internal and external streams
[21:00:47] [IO-Worker-3/ERROR] (Minecraft) External chunk path /Users/magje/code/mods/jade-modded-entities/fabric/runs/client/saves/New World/region/c.26.1.mcc is not file
[21:00:47] [IO-Worker-1/ERROR] (Minecraft) Declared size -1174333692 of chunk [27, 1] is negative
[21:00:47] [IO-Worker-3/ERROR] (Minecraft) Chunk [0, 2] stream is truncated: expected 910849 but read 4091
[21:00:47] [IO-Worker-1/WARN] (Minecraft) Chunk has both internal and external streams
[21:00:47] [IO-Worker-1/ERROR] (Minecraft) External chunk path /Users/magje/code/mods/jade-modded-entities/fabric/runs/client/saves/New World/region/c.1.2.mcc is not file
[21:00:47] [IO-Worker-3/WARN] (Minecraft) Chunk has both internal and external streams
[21:00:47] [IO-Worker-3/ERROR] (Minecraft) External chunk path /Users/magje/code/mods/jade-modded-entities/fabric/runs/client/saves/New World/region/c.2.2.mcc is not file
[21:00:47] [IO-Worker-1/ERROR] (Minecraft) Chunk [3, 2] stream is truncated: expected 1509889 but read 8187
[21:00:47] [IO-Worker-3/ERROR] (Minecraft) Chunk [4, 2] stream is truncated: expected 1757441 but read 8187
[21:00:47] [IO-Worker-1/WARN] (Minecraft) Chunk has both internal and external streams
[21:00:47] [IO-Worker-1/ERROR] (Minecraft) External chunk path /Users/magje/code/mods/jade-modded-entities/fabric/runs/client/saves/New World/region/c.5.2.mcc is not file
[21:00:47] [IO-Worker-3/WARN] (Minecraft) Chunk has both internal and external streams
[21:00:47] [IO-Worker-3/ERROR] (Minecraft) External chunk path /Users/magje/code/mods/jade-modded-entities/fabric/runs/client/saves/New World/region/c.6.2.mcc is not file
[21:00:47] [IO-Worker-1/WARN] (Minecraft) Chunk has both internal and external streams
[21:00:47] [IO-Worker-1/ERROR] (Minecraft) External chunk path /Users/magje/code/mods/jade-modded-entities/fabric/runs/client/saves/New World/region/c.7.2.mcc is not file
[21:00:47] [IO-Worker-3/ERROR] (Minecraft) Chunk [8, 2] stream is truncated: expected 1836063702 but read 12283
[21:00:47] [IO-Worker-1/ERROR] (Minecraft) Chunk [9, 2] stream is truncated: expected 191896534 but read 12283
[21:00:47] [IO-Worker-3/ERROR] (Minecraft) Declared size -611123423 of chunk [10, 2] is negative
[21:00:47] [IO-Worker-1/ERROR] (Minecraft) Chunk [11, 2] stream is truncated: expected 3916344 but read 24571
[21:00:47] [IO-Worker-3/WARN] (Minecraft) Chunk has both internal and external streams
[21:00:47] [IO-Worker-3/ERROR] (Minecraft) External chunk path /Users/magje/code/mods/jade-modded-entities/fabric/runs/client/saves/New World/region/c.12.2.mcc is not file
[21:00:47] [IO-Worker-1/WARN] (Minecraft) Chunk has both internal and external streams
[21:00:47] [IO-Worker-1/ERROR] (Minecraft) External chunk path /Users/magje/code/mods/jade-modded-entities/fabric/runs/client/saves/New World/region/c.13.2.mcc is not file
[21:00:47] [IO-Worker-3/WARN] (Minecraft) Chunk has both internal and external streams
[21:00:47] [IO-Worker-3/ERROR] (Minecraft) External chunk path /Users/magje/code/mods/jade-modded-entities/fabric/runs/client/saves/New World/region/c.14.2.mcc is not file
[21:00:47] [IO-Worker-1/WARN] (Minecraft) Chunk has both internal and external streams
[21:00:47] [IO-Worker-1/ERROR] (Minecraft) External chunk path /Users/magje/code/mods/jade-modded-entities/fabric/runs/client/saves/New World/region/c.15.2.mcc is not file
[21:00:47] [IO-Worker-3/ERROR] (Minecraft) Chunk [16, 2] stream is truncated: expected 873812845 but read 12283
[21:00:47] [IO-Worker-1/WARN] (Minecraft) Chunk has both internal and external streams
[21:00:47] [IO-Worker-1/ERROR] (Minecraft) External chunk path /Users/magje/code/mods/jade-modded-entities/fabric/runs/client/saves/New World/region/c.17.2.mcc is not file
[21:00:47] [IO-Worker-3/ERROR] (Minecraft) Declared size -259765523 of chunk [18, 2] is negative
[21:00:47] [IO-Worker-1/WARN] (Minecraft) Chunk has both internal and external streams
[21:00:47] [IO-Worker-1/ERROR] (Minecraft) External chunk path /Users/magje/code/mods/jade-modded-entities/fabric/runs/client/saves/New World/region/c.19.2.mcc is not file
[21:00:47] [IO-Worker-3/ERROR] (Minecraft) Chunk [20, 2] stream is truncated: expected 723271681 but read 4091
[21:00:47] [IO-Worker-1/ERROR] (Minecraft) Declared size -1368391671 of chunk [21, 2] is negative
[21:00:47] [IO-Worker-3/ERROR] (Minecraft) Declared size -1368391671 of chunk [22, 2] is negative
[21:00:47] [IO-Worker-1/ERROR] (Minecraft) Chunk [23, 2] stream is truncated: expected 512043803 but read 4091
[21:00:47] [IO-Worker-3/ERROR] (Minecraft) Declared size -2008555254 of chunk [24, 2] is negative
[21:00:47] [IO-Worker-1/WARN] (Minecraft) Chunk has both internal and external streams
[21:00:47] [IO-Worker-1/ERROR] (Minecraft) External chunk path /Users/magje/code/mods/jade-modded-entities/fabric/runs/client/saves/New World/region/c.25.2.mcc is not file
[21:00:47] [IO-Worker-3/ERROR] (Minecraft) Chunk [26, 2] stream is truncated: expected 1346340140 but read 4091
[21:00:47] [IO-Worker-1/ERROR] (Minecraft) Chunk [27, 2] stream is truncated: expected 148800554 but read 4091
[21:00:47] [IO-Worker-3/WARN] (Minecraft) Chunk has both internal and external streams
[21:00:47] [IO-Worker-3/ERROR] (Minecraft) External chunk path /Users/magje/code/mods/jade-modded-entities/fabric/runs/client/saves/New World/region/c.0.3.mcc is not file
[21:00:47] [IO-Worker-1/WARN] (Minecraft) Chunk has both internal and external streams
[21:00:47] [IO-Worker-1/ERROR] (Minecraft) External chunk path /Users/magje/code/mods/jade-modded-entities/fabric/runs/client/saves/New World/region/c.1.3.mcc is not file
[21:00:47] [IO-Worker-3/WARN] (Minecraft) Chunk has both internal and external streams
[21:00:47] [IO-Worker-3/ERROR] (Minecraft) External chunk path /Users/magje/code/mods/jade-modded-entities/fabric/runs/client/saves/New World/region/c.2.3.mcc is not file
[21:00:47] [IO-Worker-1/WARN] (Minecraft) Chunk has both internal and external streams
[21:00:47] [IO-Worker-1/ERROR] (Minecraft) External chunk path /Users/magje/code/mods/jade-modded-entities/fabric/runs/client/saves/New World/region/c.3.3.mcc is not file
[21:00:47] [IO-Worker-3/WARN] (Minecraft) Chunk has both internal and external streams
[21:00:47] [IO-Worker-3/ERROR] (Minecraft) External chunk path /Users/magje/code/mods/jade-modded-entities/fabric/runs/client/saves/New World/region/c.4.3.mcc is not file
[21:00:47] [IO-Worker-1/WARN] (Minecraft) Chunk has both internal and external streams
[21:00:47] [IO-Worker-1/ERROR] (Minecraft) External chunk path /Users/magje/code/mods/jade-modded-entities/fabric/runs/client/saves/New World/region/c.5.3.mcc is not file
[21:00:47] [IO-Worker-3/WARN] (Minecraft) Chunk has both internal and external streams
[21:00:47] [IO-Worker-3/ERROR] (Minecraft) External chunk path /Users/magje/code/mods/jade-modded-entities/fabric/runs/client/saves/New World/region/c.6.3.mcc is not file
[21:00:47] [IO-Worker-1/WARN] (Minecraft) Chunk has both internal and external streams
[21:00:47] [IO-Worker-1/ERROR] (Minecraft) External chunk path /Users/magje/code/mods/jade-modded-entities/fabric/runs/client/saves/New World/region/c.7.3.mcc is not file
[21:00:47] [IO-Worker-3/ERROR] (Minecraft) Chunk [8, 3] stream is truncated: expected 1423414718 but read 8187
[21:00:47] [IO-Worker-1/WARN] (Minecraft) Chunk has both internal and external streams
[21:00:47] [IO-Worker-1/ERROR] (Minecraft) External chunk path /Users/magje/code/mods/jade-modded-entities/fabric/runs/client/saves/New World/region/c.9.3.mcc is not file
[21:00:47] [IO-Worker-3/ERROR] (Minecraft) Chunk [10, 3] stream is truncated: expected 2104237030 but read 8187
[21:00:47] [IO-Worker-1/ERROR] (Minecraft) Chunk [11, 3] stream is truncated: expected 2023550332 but read 12283
[21:00:47] [IO-Worker-3/ERROR] (Minecraft) Declared size -525004722 of chunk [12, 3] is negative
[21:00:47] [IO-Worker-1/WARN] (Minecraft) Chunk has both internal and external streams
[21:00:47] [IO-Worker-1/ERROR] (Minecraft) External chunk path /Users/magje/code/mods/jade-modded-entities/fabric/runs/client/saves/New World/region/c.13.3.mcc is not file
[21:00:47] [IO-Worker-3/WARN] (Minecraft) Chunk has both internal and external streams
[21:00:47] [IO-Worker-3/ERROR] (Minecraft) External chunk path /Users/magje/code/mods/jade-modded-entities/fabric/runs/client/saves/New World/region/c.14.3.mcc is not file
[21:00:47] [IO-Worker-1/ERROR] (Minecraft) Chunk [15, 3] stream is truncated: expected 1129404382 but read 8187
[21:00:47] [IO-Worker-3/WARN] (Minecraft) Chunk has both internal and external streams
[21:00:47] [IO-Worker-3/ERROR] (Minecraft) External chunk path /Users/magje/code/mods/jade-modded-entities/fabric/runs/client/saves/New World/region/c.16.3.mcc is not file
[21:00:47] [IO-Worker-1/WARN] (Minecraft) Chunk has both internal and external streams
[21:00:47] [IO-Worker-1/ERROR] (Minecraft) External chunk path /Users/magje/code/mods/jade-modded-entities/fabric/runs/client/saves/New World/region/c.17.3.mcc is not file
[21:00:47] [IO-Worker-3/ERROR] (Minecraft) Chunk [18, 3] stream is truncated: expected 411658163 but read 4091
[21:00:47] [IO-Worker-1/WARN] (Minecraft) Chunk has both internal and external streams
[21:00:47] [IO-Worker-1/ERROR] (Minecraft) External chunk path /Users/magje/code/mods/jade-modded-entities/fabric/runs/client/saves/New World/region/c.19.3.mcc is not file
[21:00:47] [IO-Worker-3/ERROR] (Minecraft) Chunk [20, 3] stream is truncated: expected 277856788 but read 4091
[21:00:47] [IO-Worker-1/ERROR] (Minecraft) Chunk [21, 3] stream is truncated: expected 173488255 but read 4091
[21:00:47] [IO-Worker-3/ERROR] (Minecraft) Chunk [22, 3] stream is truncated: expected 173488255 but read 4091
[21:00:47] [IO-Worker-1/ERROR] (Minecraft) Chunk [23, 3] stream is truncated: expected 277856788 but read 4091
[21:00:47] [IO-Worker-3/ERROR] (Minecraft) Chunk [24, 3] stream is truncated: expected 185307135 but read 4091
[21:00:47] [IO-Worker-1/ERROR] (Minecraft) Declared size -531515198 of chunk [25, 3] is negative
[21:00:47] [IO-Worker-3/ERROR] (Minecraft) Declared size -1602352549 of chunk [26, 3] is negative
[21:00:47] [IO-Worker-1/ERROR] (Minecraft) Chunk [27, 3] stream is truncated: expected 74433044 but read 4091
[21:00:47] [IO-Worker-1/ERROR] (Minecraft) Declared size -1662149169 of chunk [0, 4] is negative
[21:00:47] [IO-Worker-3/WARN] (Minecraft) Chunk has both internal and external streams
[21:00:47] [IO-Worker-3/ERROR] (Minecraft) External chunk path /Users/magje/code/mods/jade-modded-entities/fabric/runs/client/saves/New World/region/c.1.4.mcc is not file
[21:00:47] [IO-Worker-1/ERROR] (Minecraft) Chunk [2, 4] stream is truncated: expected 1567382342 but read 8187
[21:00:47] [IO-Worker-3/WARN] (Minecraft) Chunk has both internal and external streams
[21:00:47] [IO-Worker-3/ERROR] (Minecraft) External chunk path /Users/magje/code/mods/jade-modded-entities/fabric/runs/client/saves/New World/region/c.3.4.mcc is not file
[21:00:47] [IO-Worker-1/WARN] (Minecraft) Chunk has both internal and external streams
[21:00:47] [IO-Worker-1/ERROR] (Minecraft) External chunk path /Users/magje/code/mods/jade-modded-entities/fabric/runs/client/saves/New World/region/c.4.4.mcc is not file
[21:00:47] [IO-Worker-3/WARN] (Minecraft) Chunk has both internal and external streams
[21:00:47] [IO-Worker-3/ERROR] (Minecraft) External chunk path /Users/magje/code/mods/jade-modded-entities/fabric/runs/client/saves/New World/region/c.5.4.mcc is not file
[21:00:47] [IO-Worker-1/ERROR] (Minecraft) Chunk [6, 4] stream is truncated: expected 1835817942 but read 8187
[21:00:47] [IO-Worker-3/WARN] (Minecraft) Chunk has both internal and external streams
[21:00:47] [IO-Worker-3/ERROR] (Minecraft) External chunk path /Users/magje/code/mods/jade-modded-entities/fabric/runs/client/saves/New World/region/c.7.4.mcc is not file
[21:00:47] [IO-Worker-1/WARN] (Minecraft) Chunk has both internal and external streams
[21:00:47] [IO-Worker-1/ERROR] (Minecraft) External chunk path /Users/magje/code/mods/jade-modded-entities/fabric/runs/client/saves/New World/region/c.8.4.mcc is not file
[21:00:47] [IO-Worker-3/ERROR] (Minecraft) Chunk [9, 4] stream is truncated: expected 2023550364 but read 8187
[21:00:47] [IO-Worker-1/ERROR] (Minecraft) Declared size -308453524 of chunk [10, 4] is negative
[21:00:47] [IO-Worker-3/ERROR] (Minecraft) Chunk [11, 4] stream is truncated: expected 2070682822 but read 8187
[21:00:47] [IO-Worker-1/ERROR] (Minecraft) Declared size -1788414561 of chunk [12, 4] is negative
[21:00:47] [IO-Worker-3/WARN] (Minecraft) Chunk has both internal and external streams
[21:00:47] [IO-Worker-3/ERROR] (Minecraft) External chunk path /Users/magje/code/mods/jade-modded-entities/fabric/runs/client/saves/New World/region/c.13.4.mcc is not file
[21:00:47] [IO-Worker-1/ERROR] (Minecraft) Declared size -1354465845 of chunk [14, 4] is negative
[21:00:47] [IO-Worker-3/WARN] (Minecraft) Chunk has both internal and external streams
[21:00:47] [IO-Worker-3/ERROR] (Minecraft) External chunk path /Users/magje/code/mods/jade-modded-entities/fabric/runs/client/saves/New World/region/c.15.4.mcc is not file
[21:00:47] [IO-Worker-1/ERROR] (Minecraft) Declared size -789083293 of chunk [16, 4] is negative
[21:00:47] [IO-Worker-3/WARN] (Minecraft) Chunk has both internal and external streams
[21:00:47] [IO-Worker-3/ERROR] (Minecraft) External chunk path /Users/magje/code/mods/jade-modded-entities/fabric/runs/client/saves/New World/region/c.17.4.mcc is not file
[21:00:47] [IO-Worker-1/WARN] (Minecraft) Chunk has both internal and external streams
[21:00:47] [IO-Worker-1/ERROR] (Minecraft) External chunk path /Users/magje/code/mods/jade-modded-entities/fabric/runs/client/saves/New World/region/c.18.4.mcc is not file
[21:00:47] [IO-Worker-3/ERROR] (Minecraft) Declared size -1368391671 of chunk [19, 4] is negative
[21:00:47] [IO-Worker-1/ERROR] (Minecraft) Chunk [20, 4] stream is truncated: expected 277856788 but read 4091
[21:00:47] [IO-Worker-3/WARN] (Minecraft) Chunk has both internal and external streams
[21:00:47] [IO-Worker-3/ERROR] (Minecraft) External chunk path /Users/magje/code/mods/jade-modded-entities/fabric/runs/client/saves/New World/region/c.21.4.mcc is not file
[21:00:47] [IO-Worker-1/ERROR] (Minecraft) Chunk [22, 4] stream is truncated: expected 1111231062 but read 4091
[21:00:47] [IO-Worker-3/WARN] (Minecraft) Chunk has both internal and external streams
[21:00:47] [IO-Worker-3/ERROR] (Minecraft) External chunk path /Users/magje/code/mods/jade-modded-entities/fabric/runs/client/saves/New World/region/c.23.4.mcc is not file
[21:00:47] [IO-Worker-1/ERROR] (Minecraft) Declared size -1368391671 of chunk [24, 4] is negative
[21:00:47] [IO-Worker-3/WARN] (Minecraft) Chunk has both internal and external streams
[21:00:47] [IO-Worker-3/ERROR] (Minecraft) External chunk path /Users/magje/code/mods/jade-modded-entities/fabric/runs/client/saves/New World/region/c.25.4.mcc is not file
[21:00:47] [IO-Worker-1/ERROR] (Minecraft) Declared size -733486838 of chunk [26, 4] is negative
[21:00:47] [IO-Worker-3/ERROR] (Minecraft) Chunk [27, 4] stream is truncated: expected 74433044 but read 4091
[21:00:47] [IO-Worker-1/ERROR] (Minecraft) Chunk [0, 5] stream is truncated: expected 970241 but read 4091
[21:00:47] [IO-Worker-3/WARN] (Minecraft) Chunk has both internal and external streams
[21:00:47] [IO-Worker-3/ERROR] (Minecraft) External chunk path /Users/magje/code/mods/jade-modded-entities/fabric/runs/client/saves/New World/region/c.1.5.mcc is not file
[21:00:47] [IO-Worker-1/WARN] (Minecraft) Chunk has both internal and external streams
[21:00:47] [IO-Worker-1/ERROR] (Minecraft) External chunk path /Users/magje/code/mods/jade-modded-entities/fabric/runs/client/saves/New World/region/c.2.5.mcc is not file
[21:00:47] [IO-Worker-3/ERROR] (Minecraft) Declared size -940605812 of chunk [3, 5] is negative
[21:00:47] [IO-Worker-1/WARN] (Minecraft) Chunk has both internal and external streams
[21:00:47] [IO-Worker-1/ERROR] (Minecraft) External chunk path /Users/magje/code/mods/jade-modded-entities/fabric/runs/client/saves/New World/region/c.4.5.mcc is not file
[21:00:47] [IO-Worker-3/ERROR] (Minecraft) Chunk [5, 5] stream is truncated: expected 2070698966 but read 8187
[21:00:47] [IO-Worker-1/ERROR] (Minecraft) Chunk [6, 5] stream is truncated: expected 1835801798 but read 8187
[21:00:47] [IO-Worker-3/ERROR] (Minecraft) Chunk [7, 5] stream is truncated: expected 1802247382 but read 8187
[21:00:47] [IO-Worker-1/ERROR] (Minecraft) Chunk [8, 5] stream is truncated: expected 1567366358 but read 8187
[21:00:47] [IO-Worker-3/ERROR] (Minecraft) Declared size -1662149283 of chunk [9, 5] is negative
[21:00:47] [IO-Worker-1/ERROR] (Minecraft) Declared size -312644756 of chunk [10, 5] is negative
[21:00:47] [IO-Worker-3/ERROR] (Minecraft) Chunk [11, 5] stream is truncated: expected 1533811542 but read 8187
[21:00:47] [IO-Worker-1/ERROR] (Minecraft) Chunk [12, 5] stream is truncated: expected 1869372246 but read 12283
[21:00:47] [IO-Worker-3/WARN] (Minecraft) Chunk has both internal and external streams
[21:00:47] [IO-Worker-3/ERROR] (Minecraft) External chunk path /Users/magje/code/mods/jade-modded-entities/fabric/runs/client/saves/New World/region/c.13.5.mcc is not file
[21:00:47] [IO-Worker-1/WARN] (Minecraft) Chunk has both internal and external streams
[21:00:47] [IO-Worker-1/ERROR] (Minecraft) External chunk path /Users/magje/code/mods/jade-modded-entities/fabric/runs/client/saves/New World/region/c.14.5.mcc is not file
[21:00:47] [IO-Worker-3/WARN] (Minecraft) Chunk has both internal and external streams
[21:00:47] [IO-Worker-3/ERROR] (Minecraft) External chunk path /Users/magje/code/mods/jade-modded-entities/fabric/runs/client/saves/New World/region/c.15.5.mcc is not file
[21:00:47] [IO-Worker-1/ERROR] (Minecraft) Declared size -2098993938 of chunk [16, 5] is negative
[21:00:47] [IO-Worker-3/WARN] (Minecraft) Chunk has both internal and external streams
[21:00:47] [IO-Worker-3/ERROR] (Minecraft) External chunk path /Users/magje/code/mods/jade-modded-entities/fabric/runs/client/saves/New World/region/c.17.5.mcc is not file
[21:00:47] [IO-Worker-1/WARN] (Minecraft) Chunk has both internal and external streams
[21:00:47] [IO-Worker-1/ERROR] (Minecraft) External chunk path /Users/magje/code/mods/jade-modded-entities/fabric/runs/client/saves/New World/region/c.18.5.mcc is not file
[21:00:47] [IO-Worker-3/ERROR] (Minecraft) Declared size -1635439844 of chunk [19, 5] is negative
[21:00:47] [IO-Worker-1/ERROR] (Minecraft) Declared size -2060772288 of chunk [20, 5] is negative
[21:00:47] [IO-Worker-3/ERROR] (Minecraft) Declared size -1368391671 of chunk [21, 5] is negative
[21:00:47] [IO-Worker-1/ERROR] (Minecraft) Declared size -2072505170 of chunk [22, 5] is negative
[21:00:47] [IO-Worker-3/ERROR] (Minecraft) Declared size -2060772288 of chunk [23, 5] is negative
[21:00:47] [IO-Worker-1/ERROR] (Minecraft) Declared size -2008555254 of chunk [24, 5] is negative
[21:00:47] [IO-Worker-3/ERROR] (Minecraft) Declared size -1063030651 of chunk [25, 5] is negative
[21:00:47] [IO-Worker-1/ERROR] (Minecraft) Chunk [26, 5] stream is truncated: expected 1346340140 but read 4091
[21:00:47] [IO-Worker-3/ERROR] (Minecraft) Chunk [27, 5] stream is truncated: expected 148800554 but read 4091
[21:00:47] [IO-Worker-1/WARN] (Minecraft) Chunk has both internal and external streams
[21:00:47] [IO-Worker-1/ERROR] (Minecraft) External chunk path /Users/magje/code/mods/jade-modded-entities/fabric/runs/client/saves/New World/region/c.0.6.mcc is not file
[21:00:47] [IO-Worker-3/WARN] (Minecraft) Chunk has both internal and external streams
[21:00:47] [IO-Worker-3/ERROR] (Minecraft) External chunk path /Users/magje/code/mods/jade-modded-entities/fabric/runs/client/saves/New World/region/c.1.6.mcc is not file
[21:00:47] [IO-Worker-1/ERROR] (Minecraft) Chunk [2, 6] stream is truncated: expected 41458924 but read 4091
[21:00:47] [IO-Worker-3/ERROR] (Minecraft) Chunk [3, 6] stream is truncated: expected 41458924 but read 8187
[21:00:47] [IO-Worker-1/ERROR] (Minecraft) Chunk [4, 6] stream is truncated: expected 41458924 but read 4091
[21:00:47] [IO-Worker-3/ERROR] (Minecraft) Declared size -296569282 of chunk [5, 6] is negative
[21:00:47] [IO-Worker-1/WARN] (Minecraft) Chunk has both internal and external streams
[21:00:47] [IO-Worker-1/ERROR] (Minecraft) External chunk path /Users/magje/code/mods/jade-modded-entities/fabric/runs/client/saves/New World/region/c.6.6.mcc is not file
[21:00:47] [IO-Worker-3/ERROR] (Minecraft) Chunk [7, 6] stream is truncated: expected 41458924 but read 8187
[21:00:47] [IO-Worker-1/WARN] (Minecraft) Chunk has both internal and external streams
[21:00:47] [IO-Worker-1/ERROR] (Minecraft) External chunk path /Users/magje/code/mods/jade-modded-entities/fabric/runs/client/saves/New World/region/c.8.6.mcc is not file
[21:00:47] [IO-Worker-3/WARN] (Minecraft) Chunk has both internal and external streams
[21:00:47] [IO-Worker-3/ERROR] (Minecraft) External chunk path /Users/magje/code/mods/jade-modded-entities/fabric/runs/client/saves/New World/region/c.9.6.mcc is not file
[21:00:47] [IO-Worker-1/ERROR] (Minecraft) Declared size -308454548 of chunk [10, 6] is negative
[21:00:47] [IO-Worker-3/ERROR] (Minecraft) Chunk [11, 6] stream is truncated: expected 1869372374 but read 8187
[21:00:47] [IO-Worker-1/WARN] (Minecraft) Chunk has both internal and external streams
[21:00:47] [IO-Worker-1/ERROR] (Minecraft) External chunk path /Users/magje/code/mods/jade-modded-entities/fabric/runs/client/saves/New World/region/c.12.6.mcc is not file
[21:00:47] [IO-Worker-3/ERROR] (Minecraft) Chunk [13, 6] stream is truncated: expected 1124800101 but read 12283
[21:00:47] [IO-Worker-1/ERROR] (Minecraft) Declared size -312648852 of chunk [14, 6] is negative
[21:00:47] [IO-Worker-3/ERROR] (Minecraft) Chunk [15, 6] stream is truncated: expected 642108053 but read 8187
[21:00:47] [IO-Worker-1/WARN] (Minecraft) Chunk has both internal and external streams
[21:00:47] [IO-Worker-1/ERROR] (Minecraft) External chunk path /Users/magje/code/mods/jade-modded-entities/fabric/runs/client/saves/New World/region/c.16.6.mcc is not file
[21:00:47] [IO-Worker-3/WARN] (Minecraft) Chunk has both internal and external streams
[21:00:47] [IO-Worker-3/ERROR] (Minecraft) External chunk path /Users/magje/code/mods/jade-modded-entities/fabric/runs/client/saves/New World/region/c.17.6.mcc is not file
[21:00:47] [IO-Worker-1/WARN] (Minecraft) Chunk has both internal and external streams
[21:00:47] [IO-Worker-1/ERROR] (Minecraft) External chunk path /Users/magje/code/mods/jade-modded-entities/fabric/runs/client/saves/New World/region/c.18.6.mcc is not file
[21:00:47] [IO-Worker-3/WARN] (Minecraft) Chunk has both internal and external streams
[21:00:47] [IO-Worker-3/ERROR] (Minecraft) External chunk path /Users/magje/code/mods/jade-modded-entities/fabric/runs/client/saves/New World/region/c.19.6.mcc is not file
[21:00:47] [IO-Worker-1/WARN] (Minecraft) Chunk has both internal and external streams
[21:00:47] [IO-Worker-1/ERROR] (Minecraft) External chunk path /Users/magje/code/mods/jade-modded-entities/fabric/runs/client/saves/New World/region/c.20.6.mcc is not file
[21:00:47] [IO-Worker-3/ERROR] (Minecraft) Chunk [21, 6] stream is truncated: expected 1111231062 but read 4091
[21:00:47] [IO-Worker-1/WARN] (Minecraft) Chunk has both internal and external streams
[21:00:47] [IO-Worker-1/ERROR] (Minecraft) External chunk path /Users/magje/code/mods/jade-modded-entities/fabric/runs/client/saves/New World/region/c.22.6.mcc is not file
[21:00:47] [IO-Worker-3/WARN] (Minecraft) Chunk has both internal and external streams
[21:00:47] [IO-Worker-3/ERROR] (Minecraft) External chunk path /Users/magje/code/mods/jade-modded-entities/fabric/runs/client/saves/New World/region/c.23.6.mcc is not file
[21:00:47] [IO-Worker-1/ERROR] (Minecraft) Declared size -995921787 of chunk [24, 6] is negative
[21:00:47] [IO-Worker-3/ERROR] (Minecraft) Declared size -531515198 of chunk [25, 6] is negative
[21:00:47] [IO-Worker-1/ERROR] (Minecraft) Declared size -524340060 of chunk [26, 6] is negative
[21:00:47] [IO-Worker-3/ERROR] (Minecraft) Chunk [27, 6] stream is truncated: expected 74433044 but read 4091
[21:00:47] [IO-Worker-1/ERROR] (Minecraft) Chunk [0, 7] stream is truncated: expected 2023550364 but read 8187
[21:00:47] [IO-Worker-3/ERROR] (Minecraft) Chunk [1, 7] stream is truncated: expected 2023550299 but read 8187
[21:00:47] [IO-Worker-1/ERROR] (Minecraft) Chunk [2, 7] stream is truncated: expected 902401 but read 4091
[21:00:47] [IO-Worker-3/WARN] (Minecraft) Chunk has both internal and external streams
[21:00:47] [IO-Worker-3/ERROR] (Minecraft) External chunk path /Users/magje/code/mods/jade-modded-entities/fabric/runs/client/saves/New World/region/c.3.7.mcc is not file
[21:00:47] [IO-Worker-1/WARN] (Minecraft) Chunk has both internal and external streams
[21:00:47] [IO-Worker-1/ERROR] (Minecraft) External chunk path /Users/magje/code/mods/jade-modded-entities/fabric/runs/client/saves/New World/region/c.4.7.mcc is not file
[21:00:47] [IO-Worker-3/ERROR] (Minecraft) Chunk [5, 7] stream is truncated: expected 2104253398 but read 8187
[21:00:47] [IO-Worker-1/ERROR] (Minecraft) Chunk [6, 7] stream is truncated: expected 1869356006 but read 8187
[21:00:47] [IO-Worker-3/WARN] (Minecraft) Chunk has both internal and external streams
[21:00:47] [IO-Worker-3/ERROR] (Minecraft) External chunk path /Users/magje/code/mods/jade-modded-entities/fabric/runs/client/saves/New World/region/c.7.7.mcc is not file
[21:00:47] [IO-Worker-1/ERROR] (Minecraft) Chunk [8, 7] stream is truncated: expected 1567365974 but read 8187
[21:00:47] [IO-Worker-3/ERROR] (Minecraft) Declared size -1662149249 of chunk [9, 7] is negative
[21:00:47] [IO-Worker-1/ERROR] (Minecraft) Declared size -310547092 of chunk [10, 7] is negative
[21:00:47] [IO-Worker-3/ERROR] (Minecraft) Chunk [11, 7] stream is truncated: expected 1869634518 but read 8187
[21:00:47] [IO-Worker-1/WARN] (Minecraft) Chunk has both internal and external streams
[21:00:47] [IO-Worker-1/ERROR] (Minecraft) External chunk path /Users/magje/code/mods/jade-modded-entities/fabric/runs/client/saves/New World/region/c.12.7.mcc is not file
[21:00:47] [IO-Worker-3/WARN] (Minecraft) Chunk has both internal and external streams
[21:00:47] [IO-Worker-3/ERROR] (Minecraft) External chunk path /Users/magje/code/mods/jade-modded-entities/fabric/runs/client/saves/New World/region/c.13.7.mcc is not file
[21:00:47] [IO-Worker-1/ERROR] (Minecraft) Declared size -1130348852 of chunk [14, 7] is negative
[21:00:47] [IO-Worker-3/ERROR] (Minecraft) Declared size -545393785 of chunk [15, 7] is negative
[21:00:47] [IO-Worker-1/WARN] (Minecraft) Chunk has both internal and external streams
[21:00:47] [IO-Worker-1/ERROR] (Minecraft) External chunk path /Users/magje/code/mods/jade-modded-entities/fabric/runs/client/saves/New World/region/c.16.7.mcc is not file
[21:00:47] [IO-Worker-3/ERROR] (Minecraft) Chunk [17, 7] stream is truncated: expected 1753849984 but read 12283
[21:00:47] [IO-Worker-1/WARN] (Minecraft) Chunk has both internal and external streams
[21:00:47] [IO-Worker-1/ERROR] (Minecraft) External chunk path /Users/magje/code/mods/jade-modded-entities/fabric/runs/client/saves/New World/region/c.18.7.mcc is not file
[21:00:47] [IO-Worker-3/ERROR] (Minecraft) Chunk [19, 7] stream is truncated: expected 168267775 but read 4091
[21:00:47] [IO-Worker-1/WARN] (Minecraft) Chunk has both internal and external streams
[21:00:47] [IO-Worker-1/ERROR] (Minecraft) External chunk path /Users/magje/code/mods/jade-modded-entities/fabric/runs/client/saves/New World/region/c.20.7.mcc is not file
[21:00:47] [IO-Worker-3/ERROR] (Minecraft) Chunk [21, 7] stream is truncated: expected 1111231062 but read 4091
[21:00:47] [IO-Worker-1/WARN] (Minecraft) Chunk has both internal and external streams
[21:00:47] [IO-Worker-1/ERROR] (Minecraft) External chunk path /Users/magje/code/mods/jade-modded-entities/fabric/runs/client/saves/New World/region/c.22.7.mcc is not file
[21:00:47] [IO-Worker-3/ERROR] (Minecraft) Chunk [23, 7] stream is truncated: expected 277856788 but read 4091
[21:00:47] [IO-Worker-1/ERROR] (Minecraft) Declared size -2063382400 of chunk [24, 7] is negative
[21:00:47] [IO-Worker-3/ERROR] (Minecraft) Declared size -531515198 of chunk [25, 7] is negative
[21:00:47] [IO-Worker-1/ERROR] (Minecraft) Declared size -733486838 of chunk [26, 7] is negative
[21:00:47] [IO-Worker-3/WARN] (Minecraft) Chunk has both internal and external streams
[21:00:47] [IO-Worker-3/ERROR] (Minecraft) External chunk path /Users/magje/code/mods/jade-modded-entities/fabric/runs/client/saves/New World/region/c.27.7.mcc is not file
[21:00:47] [IO-Worker-3/WARN] (Minecraft) Chunk has both internal and external streams
[21:00:47] [IO-Worker-3/ERROR] (Minecraft) External chunk path /Users/magje/code/mods/jade-modded-entities/fabric/runs/client/saves/New World/region/c.0.8.mcc is not file
[21:00:47] [IO-Worker-1/ERROR] (Minecraft) Chunk [1, 8] stream is truncated: expected 41458924 but read 8187
[21:00:47] [IO-Worker-3/WARN] (Minecraft) Chunk has both internal and external streams
[21:00:47] [IO-Worker-3/ERROR] (Minecraft) External chunk path /Users/magje/code/mods/jade-modded-entities/fabric/runs/client/saves/New World/region/c.2.8.mcc is not file
[21:00:47] [IO-Worker-1/ERROR] (Minecraft) Chunk [3, 8] stream is truncated: expected 1038849 but read 4091
[21:00:47] [IO-Worker-3/WARN] (Minecraft) Chunk has both internal and external streams
[21:00:47] [IO-Worker-3/ERROR] (Minecraft) External chunk path /Users/magje/code/mods/jade-modded-entities/fabric/runs/client/saves/New World/region/c.4.8.mcc is not file
[21:00:47] [IO-Worker-1/ERROR] (Minecraft) Chunk [5, 8] stream is truncated: expected 2104237030 but read 8187
[21:00:47] [IO-Worker-3/ERROR] (Minecraft) Chunk [6, 8] stream is truncated: expected 1835817942 but read 8187
[21:00:47] [IO-Worker-1/ERROR] (Minecraft) Chunk [7, 8] stream is truncated: expected 1869356006 but read 8187
[21:00:47] [IO-Worker-3/WARN] (Minecraft) Chunk has both internal and external streams
[21:00:47] [IO-Worker-3/ERROR] (Minecraft) External chunk path /Users/magje/code/mods/jade-modded-entities/fabric/runs/client/saves/New World/region/c.8.8.mcc is not file
[21:00:47] [IO-Worker-1/ERROR] (Minecraft) Declared size -312648340 of chunk [9, 8] is negative
[21:00:47] [IO-Worker-3/ERROR] (Minecraft) Declared size -310546580 of chunk [10, 8] is negative
[21:00:47] [IO-Worker-1/ERROR] (Minecraft) Chunk [11, 8] stream is truncated: expected 1802263766 but read 12283
[21:00:47] [IO-Worker-3/WARN] (Minecraft) Chunk has both internal and external streams
[21:00:47] [IO-Worker-3/ERROR] (Minecraft) External chunk path /Users/magje/code/mods/jade-modded-entities/fabric/runs/client/saves/New World/region/c.12.8.mcc is not file
[21:00:47] [IO-Worker-1/ERROR] (Minecraft) Chunk [13, 8] stream is truncated: expected 1533811926 but read 8187
[21:00:47] [IO-Worker-3/WARN] (Minecraft) Chunk has both internal and external streams
[21:00:47] [IO-Worker-3/ERROR] (Minecraft) External chunk path /Users/magje/code/mods/jade-modded-entities/fabric/runs/client/saves/New World/region/c.14.8.mcc is not file
[21:00:47] [IO-Worker-1/WARN] (Minecraft) Chunk has both internal and external streams
[21:00:47] [IO-Worker-1/ERROR] (Minecraft) External chunk path /Users/magje/code/mods/jade-modded-entities/fabric/runs/client/saves/New World/region/c.15.8.mcc is not file
[21:00:47] [IO-Worker-3/ERROR] (Minecraft) Chunk [16, 8] stream is truncated: expected 692216557 but read 12283
[21:00:47] [IO-Worker-1/WARN] (Minecraft) Chunk has both internal and external streams
[21:00:47] [IO-Worker-1/ERROR] (Minecraft) External chunk path /Users/magje/code/mods/jade-modded-entities/fabric/runs/client/saves/New World/region/c.17.8.mcc is not file
[21:00:47] [IO-Worker-3/WARN] (Minecraft) Chunk has both internal and external streams
[21:00:47] [IO-Worker-3/ERROR] (Minecraft) External chunk path /Users/magje/code/mods/jade-modded-entities/fabric/runs/client/saves/New World/region/c.18.8.mcc is not file
[21:00:47] [IO-Worker-1/WARN] (Minecraft) Chunk has both internal and external streams
[21:00:47] [IO-Worker-1/ERROR] (Minecraft) External chunk path /Users/magje/code/mods/jade-modded-entities/fabric/runs/client/saves/New World/region/c.19.8.mcc is not file
[21:00:47] [IO-Worker-3/ERROR] (Minecraft) Declared size -1038807520 of chunk [20, 8] is negative
[21:00:47] [IO-Worker-1/ERROR] (Minecraft) Chunk [21, 8] stream is truncated: expected 173488255 but read 4091
[21:00:47] [IO-Worker-3/ERROR] (Minecraft) Chunk [22, 8] stream is truncated: expected 1111231062 but read 4091
[21:00:47] [IO-Worker-1/ERROR] (Minecraft) Chunk [23, 8] stream is truncated: expected 277856788 but read 4091
[21:00:47] [IO-Worker-3/ERROR] (Minecraft) Chunk [24, 8] stream is truncated: expected 2014621295 but read 4091
[21:00:47] [IO-Worker-1/ERROR] (Minecraft) Declared size -531515198 of chunk [25, 8] is negative
[21:00:47] [IO-Worker-3/ERROR] (Minecraft) Declared size -733486838 of chunk [26, 8] is negative
[21:00:47] [IO-Worker-1/WARN] (Minecraft) Chunk has both internal and external streams
[21:00:47] [IO-Worker-1/ERROR] (Minecraft) External chunk path /Users/magje/code/mods/jade-modded-entities/fabric/runs/client/saves/New World/region/c.27.8.mcc is not file
[21:00:47] [IO-Worker-3/ERROR] (Minecraft) Declared size -1931753963 of chunk [0, 9] is negative
[21:00:47] [IO-Worker-1/WARN] (Minecraft) Chunk has both internal and external streams
[21:00:47] [IO-Worker-1/ERROR] (Minecraft) External chunk path /Users/magje/code/mods/jade-modded-entities/fabric/runs/client/saves/New World/region/c.1.9.mcc is not file
[21:00:47] [IO-Worker-3/WARN] (Minecraft) Chunk has both internal and external streams
[21:00:47] [IO-Worker-3/ERROR] (Minecraft) External chunk path /Users/magje/code/mods/jade-modded-entities/fabric/runs/client/saves/New World/region/c.2.9.mcc is not file
[21:00:47] [IO-Worker-1/ERROR] (Minecraft) Chunk [3, 9] stream is truncated: expected 1869372374 but read 8187
[21:00:47] [IO-Worker-3/WARN] (Minecraft) Chunk has both internal and external streams
[21:00:47] [IO-Worker-3/ERROR] (Minecraft) External chunk path /Users/magje/code/mods/jade-modded-entities/fabric/runs/client/saves/New World/region/c.4.9.mcc is not file
[21:00:47] [IO-Worker-1/ERROR] (Minecraft) Chunk [5, 9] stream is truncated: expected 1534073814 but read 8187
[21:00:47] [IO-Worker-3/ERROR] (Minecraft) Chunk [6, 9] stream is truncated: expected 2104253398 but read 8187
[21:00:47] [IO-Worker-1/ERROR] (Minecraft) Chunk [7, 9] stream is truncated: expected 1569463254 but read 8187
[21:00:47] [IO-Worker-3/WARN] (Minecraft) Chunk has both internal and external streams
[21:00:47] [IO-Worker-3/ERROR] (Minecraft) External chunk path /Users/magje/code/mods/jade-modded-entities/fabric/runs/client/saves/New World/region/c.8.9.mcc is not file
[21:00:47] [IO-Worker-1/ERROR] (Minecraft) Chunk [9, 9] stream is truncated: expected 2138069974 but read 12283
[21:00:47] [IO-Worker-3/ERROR] (Minecraft) Chunk [10, 9] stream is truncated: expected 1835801798 but read 8187
[21:00:47] [IO-Worker-1/ERROR] (Minecraft) Chunk [11, 9] stream is truncated: expected 1802509270 but read 12283
[21:00:47] [IO-Worker-3/WARN] (Minecraft) Chunk has both internal and external streams
[21:00:47] [IO-Worker-3/ERROR] (Minecraft) External chunk path /Users/magje/code/mods/jade-modded-entities/fabric/runs/client/saves/New World/region/c.12.9.mcc is not file
[21:00:47] [IO-Worker-1/WARN] (Minecraft) Chunk has both internal and external streams
[21:00:47] [IO-Worker-1/ERROR] (Minecraft) External chunk path /Users/magje/code/mods/jade-modded-entities/fabric/runs/client/saves/New World/region/c.13.9.mcc is not file
[21:00:47] [IO-Worker-3/ERROR] (Minecraft) Chunk [14, 9] stream is truncated: expected 1992225551 but read 8187
[21:00:47] [IO-Worker-1/WARN] (Minecraft) Chunk has both internal and external streams
[21:00:47] [IO-Worker-1/ERROR] (Minecraft) External chunk path /Users/magje/code/mods/jade-modded-entities/fabric/runs/client/saves/New World/region/c.15.9.mcc is not file
[21:00:47] [IO-Worker-3/WARN] (Minecraft) Chunk has both internal and external streams
[21:00:47] [IO-Worker-3/ERROR] (Minecraft) External chunk path /Users/magje/code/mods/jade-modded-entities/fabric/runs/client/saves/New World/region/c.16.9.mcc is not file
[21:00:47] [IO-Worker-1/ERROR] (Minecraft) Chunk [17, 9] stream is truncated: expected 809395865 but read 12283
[21:00:47] [IO-Worker-3/ERROR] (Minecraft) Chunk [18, 9] stream is truncated: expected 1121105136 but read 4091
[21:00:47] [IO-Worker-1/ERROR] (Minecraft) Declared size -1047712996 of chunk [19, 9] is negative
[21:00:47] [IO-Worker-3/ERROR] (Minecraft) Chunk [20, 9] stream is truncated: expected 81921102 but read 4091
[21:00:47] [IO-Worker-1/WARN] (Minecraft) Chunk has both internal and external streams
[21:00:47] [IO-Worker-1/ERROR] (Minecraft) External chunk path /Users/magje/code/mods/jade-modded-entities/fabric/runs/client/saves/New World/region/c.21.9.mcc is not file
[21:00:47] [IO-Worker-3/WARN] (Minecraft) Chunk has both internal and external streams
[21:00:47] [IO-Worker-3/ERROR] (Minecraft) External chunk path /Users/magje/code/mods/jade-modded-entities/fabric/runs/client/saves/New World/region/c.22.9.mcc is not file
[21:00:47] [IO-Worker-1/ERROR] (Minecraft) Declared size -1038807520 of chunk [23, 9] is negative
[21:00:47] [IO-Worker-3/ERROR] (Minecraft) Declared size -1552907005 of chunk [24, 9] is negative
[21:00:47] [IO-Worker-1/WARN] (Minecraft) Chunk has both internal and external streams
[21:00:47] [IO-Worker-1/ERROR] (Minecraft) External chunk path /Users/magje/code/mods/jade-modded-entities/fabric/runs/client/saves/New World/region/c.25.9.mcc is not file
[21:00:47] [IO-Worker-3/ERROR] (Minecraft) Declared size -733486838 of chunk [26, 9] is negative
[21:00:47] [IO-Worker-1/ERROR] (Minecraft) Chunk [27, 9] stream is truncated: expected 74433044 but read 4091
[21:00:47] [IO-Worker-1/WARN] (Minecraft) Chunk has both internal and external streams
[21:00:47] [IO-Worker-1/ERROR] (Minecraft) External chunk path /Users/magje/code/mods/jade-modded-entities/fabric/runs/client/saves/New World/region/c.0.10.mcc is not file
[21:00:47] [IO-Worker-3/ERROR] (Minecraft) Declared size -312648340 of chunk [1, 10] is negative
[21:00:47] [IO-Worker-1/ERROR] (Minecraft) Chunk [2, 10] stream is truncated: expected 2137791446 but read 8187
[21:00:47] [IO-Worker-3/ERROR] (Minecraft) Chunk [3, 10] stream is truncated: expected 1869356006 but read 8187
[21:00:47] [IO-Worker-1/WARN] (Minecraft) Chunk has both internal and external streams
[21:00:47] [IO-Worker-1/ERROR] (Minecraft) External chunk path /Users/magje/code/mods/jade-modded-entities/fabric/runs/client/saves/New World/region/c.4.10.mcc is not file
[21:00:47] [IO-Worker-3/WARN] (Minecraft) Chunk has both internal and external streams
[21:00:47] [IO-Worker-3/ERROR] (Minecraft) External chunk path /Users/magje/code/mods/jade-modded-entities/fabric/runs/client/saves/New World/region/c.5.10.mcc is not file
[21:00:47] [IO-Worker-1/WARN] (Minecraft) Chunk has both internal and external streams
[21:00:47] [IO-Worker-1/ERROR] (Minecraft) External chunk path /Users/magje/code/mods/jade-modded-entities/fabric/runs/client/saves/New World/region/c.6.10.mcc is not file
[21:00:47] [IO-Worker-3/ERROR] (Minecraft) Chunk [7, 10] stream is truncated: expected 1869372374 but read 8187
[21:00:47] [IO-Worker-1/ERROR] (Minecraft) Chunk [8, 10] stream is truncated: expected 1835817942 but read 8187
[21:00:47] [IO-Worker-3/WARN] (Minecraft) Chunk has both internal and external streams
[21:00:47] [IO-Worker-3/ERROR] (Minecraft) External chunk path /Users/magje/code/mods/jade-modded-entities/fabric/runs/client/saves/New World/region/c.9.10.mcc is not file
[21:00:47] [IO-Worker-1/WARN] (Minecraft) Chunk has both internal and external streams
[21:00:47] [IO-Worker-1/ERROR] (Minecraft) External chunk path /Users/magje/code/mods/jade-modded-entities/fabric/runs/client/saves/New World/region/c.10.10.mcc is not file
[21:00:47] [IO-Worker-3/ERROR] (Minecraft) Chunk [11, 10] stream is truncated: expected 1835817942 but read 12283
[21:00:47] [IO-Worker-1/ERROR] (Minecraft) Declared size -678052100 of chunk [12, 10] is negative
[21:00:47] [IO-Worker-3/ERROR] (Minecraft) Chunk [13, 10] stream is truncated: expected 466057693 but read 12283
[21:00:47] [IO-Worker-3/WARN] (Minecraft) Chunk has both internal and external streams
[21:00:47] [IO-Worker-3/ERROR] (Minecraft) External chunk path /Users/magje/code/mods/jade-modded-entities/fabric/runs/client/saves/New World/region/c.14.10.mcc is not file
[21:00:47] [IO-Worker-1/ERROR] (Minecraft) Chunk [15, 10] stream is truncated: expected 2113741238 but read 12283
[21:00:47] [IO-Worker-3/WARN] (Minecraft) Chunk has both internal and external streams
[21:00:47] [IO-Worker-3/ERROR] (Minecraft) External chunk path /Users/magje/code/mods/jade-modded-entities/fabric/runs/client/saves/New World/region/c.16.10.mcc is not file
[21:00:47] [IO-Worker-1/WARN] (Minecraft) Chunk has both internal and external streams
[21:00:47] [IO-Worker-1/ERROR] (Minecraft) External chunk path /Users/magje/code/mods/jade-modded-entities/fabric/runs/client/saves/New World/region/c.17.10.mcc is not file
[21:00:47] [IO-Worker-3/ERROR] (Minecraft) Chunk [18, 10] stream is truncated: expected 1125748692 but read 4091
[21:00:47] [IO-Worker-1/WARN] (Minecraft) Chunk has both internal and external streams
[21:00:47] [IO-Worker-1/ERROR] (Minecraft) External chunk path /Users/magje/code/mods/jade-modded-entities/fabric/runs/client/saves/New World/region/c.19.10.mcc is not file
[21:00:47] [IO-Worker-3/ERROR] (Minecraft) Declared size -2139614034 of chunk [20, 10] is negative
[21:00:47] [IO-Worker-1/WARN] (Minecraft) Chunk has both internal and external streams
[21:00:47] [IO-Worker-1/ERROR] (Minecraft) External chunk path /Users/magje/code/mods/jade-modded-entities/fabric/runs/client/saves/New World/region/c.21.10.mcc is not file
[21:00:47] [IO-Worker-3/ERROR] (Minecraft) Chunk [22, 10] stream is truncated: expected 1406714369 but read 4091
[21:00:47] [IO-Worker-1/WARN] (Minecraft) Chunk has both internal and external streams
[21:00:47] [IO-Worker-1/ERROR] (Minecraft) External chunk path /Users/magje/code/mods/jade-modded-entities/fabric/runs/client/saves/New World/region/c.23.10.mcc is not file
[21:00:47] [IO-Worker-3/ERROR] (Minecraft) Declared size -2063382400 of chunk [24, 10] is negative
[21:00:47] [IO-Worker-1/WARN] (Minecraft) Chunk has both internal and external streams
[21:00:47] [IO-Worker-1/ERROR] (Minecraft) External chunk path /Users/magje/code/mods/jade-modded-entities/fabric/runs/client/saves/New World/region/c.25.10.mcc is not file
[21:00:47] [IO-Worker-3/ERROR] (Minecraft) Declared size -1602352549 of chunk [26, 10] is negative
[21:00:47] [IO-Worker-1/WARN] (Minecraft) Chunk has both internal and external streams
[21:00:47] [IO-Worker-1/ERROR] (Minecraft) External chunk path /Users/magje/code/mods/jade-modded-entities/fabric/runs/client/saves/New World/region/c.27.10.mcc is not file
[21:00:47] [IO-Worker-3/WARN] (Minecraft) Chunk has both internal and external streams
[21:00:47] [IO-Worker-3/ERROR] (Minecraft) External chunk path /Users/magje/code/mods/jade-modded-entities/fabric/runs/client/saves/New World/region/c.0.11.mcc is not file
[21:00:47] [IO-Worker-1/WARN] (Minecraft) Chunk has both internal and external streams
[21:00:47] [IO-Worker-1/ERROR] (Minecraft) External chunk path /Users/magje/code/mods/jade-modded-entities/fabric/runs/client/saves/New World/region/c.1.11.mcc is not file
[21:00:47] [IO-Worker-3/WARN] (Minecraft) Chunk has both internal and external streams
[21:00:47] [IO-Worker-3/ERROR] (Minecraft) External chunk path /Users/magje/code/mods/jade-modded-entities/fabric/runs/client/saves/New World/region/c.2.11.mcc is not file
[21:00:47] [IO-Worker-1/ERROR] (Minecraft) Chunk [3, 11] stream is truncated: expected 467114301 but read 8187
[21:00:47] [IO-Worker-3/ERROR] (Minecraft) Chunk [4, 11] stream is truncated: expected 1414897350 but read 8187
[21:00:47] [IO-Worker-1/ERROR] (Minecraft) Chunk [5, 11] stream is truncated: expected 259003606 but read 8187
[21:00:47] [IO-Worker-3/ERROR] (Minecraft) Chunk [6, 11] stream is truncated: expected 1532467518 but read 8187
[21:00:47] [IO-Worker-1/ERROR] (Minecraft) Chunk [7, 11] stream is truncated: expected 458716861 but read 8187
[21:00:47] [IO-Worker-3/WARN] (Minecraft) Chunk has both internal and external streams
[21:00:47] [IO-Worker-3/ERROR] (Minecraft) External chunk path /Users/magje/code/mods/jade-modded-entities/fabric/runs/client/saves/New World/region/c.8.11.mcc is not file
[21:00:47] [IO-Worker-1/WARN] (Minecraft) Chunk has both internal and external streams
[21:00:47] [IO-Worker-1/ERROR] (Minecraft) External chunk path /Users/magje/code/mods/jade-modded-entities/fabric/runs/client/saves/New World/region/c.9.11.mcc is not file
[21:00:47] [IO-Worker-3/WARN] (Minecraft) Chunk has both internal and external streams
[21:00:47] [IO-Worker-3/ERROR] (Minecraft) External chunk path /Users/magje/code/mods/jade-modded-entities/fabric/runs/client/saves/New World/region/c.10.11.mcc is not file
[21:00:47] [IO-Worker-1/WARN] (Minecraft) Chunk has both internal and external streams
[21:00:47] [IO-Worker-1/ERROR] (Minecraft) External chunk path /Users/magje/code/mods/jade-modded-entities/fabric/runs/client/saves/New World/region/c.11.11.mcc is not file
[21:00:47] [IO-Worker-3/WARN] (Minecraft) Chunk has both internal and external streams
[21:00:47] [IO-Worker-3/ERROR] (Minecraft) External chunk path /Users/magje/code/mods/jade-modded-entities/fabric/runs/client/saves/New World/region/c.12.11.mcc is not file
[21:00:47] [IO-Worker-1/WARN] (Minecraft) Chunk has both internal and external streams
[21:00:47] [IO-Worker-1/ERROR] (Minecraft) External chunk path /Users/magje/code/mods/jade-modded-entities/fabric/runs/client/saves/New World/region/c.13.11.mcc is not file
[21:00:47] [IO-Worker-3/WARN] (Minecraft) Chunk has both internal and external streams
[21:00:47] [IO-Worker-3/ERROR] (Minecraft) External chunk path /Users/magje/code/mods/jade-modded-entities/fabric/runs/client/saves/New World/region/c.14.11.mcc is not file
[21:00:47] [IO-Worker-1/ERROR] (Minecraft) Chunk [15, 11] stream is truncated: expected 1437155628 but read 12283
[21:00:47] [IO-Worker-3/WARN] (Minecraft) Chunk has both internal and external streams
[21:00:47] [IO-Worker-3/ERROR] (Minecraft) External chunk path /Users/magje/code/mods/jade-modded-entities/fabric/runs/client/saves/New World/region/c.16.11.mcc is not file
[21:00:47] [IO-Worker-1/ERROR] (Minecraft) Chunk [17, 11] stream is truncated: expected 1196478877 but read 12283
[21:00:47] [IO-Worker-3/ERROR] (Minecraft) Chunk [18, 11] stream is truncated: expected 2054619827 but read 8187
[21:00:47] [IO-Worker-1/ERROR] (Minecraft) Declared size -249643549 of chunk [19, 11] is negative
[21:00:47] [IO-Worker-3/ERROR] (Minecraft) Declared size -1038807520 of chunk [20, 11] is negative
[21:00:47] [IO-Worker-1/ERROR] (Minecraft) Chunk [21, 11] stream is truncated: expected 1111231062 but read 4091
[21:00:47] [IO-Worker-3/ERROR] (Minecraft) Chunk [22, 11] stream is truncated: expected 173488255 but read 4091
[21:00:47] [IO-Worker-1/WARN] (Minecraft) Chunk has both internal and external streams
[21:00:47] [IO-Worker-1/ERROR] (Minecraft) External chunk path /Users/magje/code/mods/jade-modded-entities/fabric/runs/client/saves/New World/region/c.23.11.mcc is not file
[21:00:47] [IO-Worker-3/ERROR] (Minecraft) Declared size -995921787 of chunk [24, 11] is negative
[21:00:47] [IO-Worker-1/WARN] (Minecraft) Chunk has both internal and external streams
[21:00:47] [IO-Worker-1/ERROR] (Minecraft) External chunk path /Users/magje/code/mods/jade-modded-entities/fabric/runs/client/saves/New World/region/c.25.11.mcc is not file
[21:00:47] [IO-Worker-3/ERROR] (Minecraft) Chunk [26, 11] stream is truncated: expected 1321414671 but read 4091
[21:00:47] [IO-Worker-1/ERROR] (Minecraft) Chunk [27, 11] stream is truncated: expected 74433044 but read 4091
[21:00:47] [IO-Worker-1/ERROR] (Minecraft) Declared size -1090743512 of chunk [0, 12] is negative
[21:00:47] [IO-Worker-3/WARN] (Minecraft) Chunk has both internal and external streams
[21:00:47] [IO-Worker-3/ERROR] (Minecraft) External chunk path /Users/magje/code/mods/jade-modded-entities/fabric/runs/client/saves/New World/region/c.1.12.mcc is not file
[21:00:47] [IO-Worker-1/WARN] (Minecraft) Chunk has both internal and external streams
[21:00:47] [IO-Worker-1/ERROR] (Minecraft) External chunk path /Users/magje/code/mods/jade-modded-entities/fabric/runs/client/saves/New World/region/c.2.12.mcc is not file
[21:00:47] [IO-Worker-3/WARN] (Minecraft) Chunk has both internal and external streams
[21:00:47] [IO-Worker-3/ERROR] (Minecraft) External chunk path /Users/magje/code/mods/jade-modded-entities/fabric/runs/client/saves/New World/region/c.3.12.mcc is not file
[21:00:47] [IO-Worker-3/WARN] (Minecraft) Chunk has both internal and external streams
[21:00:47] [IO-Worker-3/ERROR] (Minecraft) External chunk path /Users/magje/code/mods/jade-modded-entities/fabric/runs/client/saves/New World/region/c.4.12.mcc is not file
[21:00:47] [IO-Worker-1/ERROR] (Minecraft) Chunk [5, 12] stream is truncated: expected 1978105087 but read 12283
[21:00:47] [IO-Worker-3/WARN] (Minecraft) Chunk has both internal and external streams
[21:00:47] [IO-Worker-3/ERROR] (Minecraft) External chunk path /Users/magje/code/mods/jade-modded-entities/fabric/runs/client/saves/New World/region/c.6.12.mcc is not file
[21:00:47] [IO-Worker-1/WARN] (Minecraft) Chunk has both internal and external streams
[21:00:47] [IO-Worker-1/ERROR] (Minecraft) External chunk path /Users/magje/code/mods/jade-modded-entities/fabric/runs/client/saves/New World/region/c.7.12.mcc is not file
[21:00:47] [IO-Worker-3/WARN] (Minecraft) Chunk has both internal and external streams
[21:00:47] [IO-Worker-3/ERROR] (Minecraft) External chunk path /Users/magje/code/mods/jade-modded-entities/fabric/runs/client/saves/New World/region/c.8.12.mcc is not file
[21:00:47] [IO-Worker-1/WARN] (Minecraft) Chunk has both internal and external streams
[21:00:47] [IO-Worker-1/ERROR] (Minecraft) External chunk path /Users/magje/code/mods/jade-modded-entities/fabric/runs/client/saves/New World/region/c.9.12.mcc is not file
[21:00:47] [IO-Worker-3/WARN] (Minecraft) Chunk has both internal and external streams
[21:00:47] [IO-Worker-3/ERROR] (Minecraft) External chunk path /Users/magje/code/mods/jade-modded-entities/fabric/runs/client/saves/New World/region/c.10.12.mcc is not file
[21:00:47] [IO-Worker-3/WARN] (Minecraft) Chunk has both internal and external streams
[21:00:47] [IO-Worker-3/ERROR] (Minecraft) External chunk path /Users/magje/code/mods/jade-modded-entities/fabric/runs/client/saves/New World/region/c.11.12.mcc is not file
[21:00:47] [IO-Worker-1/ERROR] (Minecraft) Declared size -948891097 of chunk [12, 12] is negative
[21:00:47] [IO-Worker-3/WARN] (Minecraft) Chunk has both internal and external streams
[21:00:47] [IO-Worker-3/ERROR] (Minecraft) External chunk path /Users/magje/code/mods/jade-modded-entities/fabric/runs/client/saves/New World/region/c.13.12.mcc is not file
[21:00:47] [IO-Worker-1/ERROR] (Minecraft) Declared size -715308957 of chunk [14, 12] is negative
[21:00:47] [IO-Worker-3/ERROR] (Minecraft) Declared size -372142892 of chunk [15, 12] is negative
[21:00:47] [IO-Worker-1/ERROR] (Minecraft) Chunk [16, 12] stream is truncated: expected 640750829 but read 12283
[21:00:47] [IO-Worker-3/WARN] (Minecraft) Chunk has both internal and external streams
[21:00:47] [IO-Worker-3/ERROR] (Minecraft) External chunk path /Users/magje/code/mods/jade-modded-entities/fabric/runs/client/saves/New World/region/c.17.12.mcc is not file
[21:00:47] [IO-Worker-1/WARN] (Minecraft) Chunk has both internal and external streams
[21:00:47] [IO-Worker-1/ERROR] (Minecraft) External chunk path /Users/magje/code/mods/jade-modded-entities/fabric/runs/client/saves/New World/region/c.18.12.mcc is not file
[21:00:47] [IO-Worker-3/WARN] (Minecraft) Chunk has both internal and external streams
[21:00:47] [IO-Worker-3/ERROR] (Minecraft) External chunk path /Users/magje/code/mods/jade-modded-entities/fabric/runs/client/saves/New World/region/c.19.12.mcc is not file
[21:00:47] [IO-Worker-1/WARN] (Minecraft) Chunk has both internal and external streams
[21:00:47] [IO-Worker-1/ERROR] (Minecraft) External chunk path /Users/magje/code/mods/jade-modded-entities/fabric/runs/client/saves/New World/region/c.20.12.mcc is not file
[21:00:47] [IO-Worker-3/ERROR] (Minecraft) Chunk [21, 12] stream is truncated: expected 173488255 but read 4091
[21:00:47] [IO-Worker-1/ERROR] (Minecraft) Chunk [22, 12] stream is truncated: expected 1111231062 but read 4091
[21:00:47] [IO-Worker-3/ERROR] (Minecraft) Declared size -1038807520 of chunk [23, 12] is negative
[21:00:47] [IO-Worker-1/ERROR] (Minecraft) Declared size -2008063733 of chunk [24, 12] is negative
[21:00:47] [IO-Worker-3/WARN] (Minecraft) Chunk has both internal and external streams
[21:00:47] [IO-Worker-3/ERROR] (Minecraft) External chunk path /Users/magje/code/mods/jade-modded-entities/fabric/runs/client/saves/New World/region/c.25.12.mcc is not file
[21:00:47] [IO-Worker-1/ERROR] (Minecraft) Chunk [26, 12] stream is truncated: expected 532678388 but read 4091
[21:00:47] [IO-Worker-3/ERROR] (Minecraft) Chunk [27, 12] stream is truncated: expected 74433044 but read 4091
[21:00:47] [IO-Worker-3/WARN] (Minecraft) Chunk has both internal and external streams
[21:00:47] [IO-Worker-3/ERROR] (Minecraft) External chunk path /Users/magje/code/mods/jade-modded-entities/fabric/runs/client/saves/New World/region/c.0.13.mcc is not file
[21:00:47] [IO-Worker-1/ERROR] (Minecraft) Chunk [1, 13] stream is truncated: expected 139596468 but read 8187
[21:00:47] [IO-Worker-3/ERROR] (Minecraft) Declared size -1869337397 of chunk [2, 13] is negative
[21:00:47] [IO-Worker-1/WARN] (Minecraft) Chunk has both internal and external streams
[21:00:47] [IO-Worker-1/ERROR] (Minecraft) External chunk path /Users/magje/code/mods/jade-modded-entities/fabric/runs/client/saves/New World/region/c.3.13.mcc is not file
[21:00:47] [IO-Worker-3/ERROR] (Minecraft) Chunk [4, 13] stream is truncated: expected 625653348 but read 8187
[21:00:47] [IO-Worker-1/WARN] (Minecraft) Chunk has both internal and external streams
[21:00:47] [IO-Worker-1/ERROR] (Minecraft) External chunk path /Users/magje/code/mods/jade-modded-entities/fabric/runs/client/saves/New World/region/c.5.13.mcc is not file
[21:00:47] [IO-Worker-3/WARN] (Minecraft) Chunk has both internal and external streams
[21:00:47] [IO-Worker-3/ERROR] (Minecraft) External chunk path /Users/magje/code/mods/jade-modded-entities/fabric/runs/client/saves/New World/region/c.6.13.mcc is not file
[21:00:47] [IO-Worker-1/WARN] (Minecraft) Chunk has both internal and external streams
[21:00:47] [IO-Worker-1/ERROR] (Minecraft) External chunk path /Users/magje/code/mods/jade-modded-entities/fabric/runs/client/saves/New World/region/c.7.13.mcc is not file
[21:00:47] [IO-Worker-3/ERROR] (Minecraft) Declared size -1852560167 of chunk [8, 13] is negative
[21:00:47] [IO-Worker-1/WARN] (Minecraft) Chunk has both internal and external streams
[21:00:47] [IO-Worker-1/ERROR] (Minecraft) External chunk path /Users/magje/code/mods/jade-modded-entities/fabric/runs/client/saves/New World/region/c.9.13.mcc is not file
[21:00:47] [IO-Worker-3/WARN] (Minecraft) Chunk has both internal and external streams
[21:00:47] [IO-Worker-3/ERROR] (Minecraft) External chunk path /Users/magje/code/mods/jade-modded-entities/fabric/runs/client/saves/New World/region/c.10.13.mcc is not file
[21:00:47] [IO-Worker-1/WARN] (Minecraft) Chunk has both internal and external streams
[21:00:47] [IO-Worker-1/ERROR] (Minecraft) External chunk path /Users/magje/code/mods/jade-modded-entities/fabric/runs/client/saves/New World/region/c.11.13.mcc is not file
[21:00:47] [IO-Worker-3/ERROR] (Minecraft) Declared size -1589327569 of chunk [12, 13] is negative
[21:00:47] [IO-Worker-1/ERROR] (Minecraft) Chunk [13, 13] stream is truncated: expected 629806308 but read 8187
[21:00:47] [IO-Worker-3/WARN] (Minecraft) Chunk has both internal and external streams
[21:00:47] [IO-Worker-3/ERROR] (Minecraft) External chunk path /Users/magje/code/mods/jade-modded-entities/fabric/runs/client/saves/New World/region/c.14.13.mcc is not file
[21:00:47] [IO-Worker-1/ERROR] (Minecraft) Chunk [15, 13] stream is truncated: expected 549553955 but read 12283
[21:00:47] [IO-Worker-3/WARN] (Minecraft) Chunk has both internal and external streams
[21:00:47] [IO-Worker-3/ERROR] (Minecraft) External chunk path /Users/magje/code/mods/jade-modded-entities/fabric/runs/client/saves/New World/region/c.16.13.mcc is not file
[21:00:47] [IO-Worker-1/WARN] (Minecraft) Chunk has both internal and external streams
[21:00:47] [IO-Worker-1/ERROR] (Minecraft) External chunk path /Users/magje/code/mods/jade-modded-entities/fabric/runs/client/saves/New World/region/c.17.13.mcc is not file
[21:00:47] [IO-Worker-3/WARN] (Minecraft) Chunk has both internal and external streams
[21:00:47] [IO-Worker-3/ERROR] (Minecraft) External chunk path /Users/magje/code/mods/jade-modded-entities/fabric/runs/client/saves/New World/region/c.18.13.mcc is not file
[21:00:47] [IO-Worker-1/WARN] (Minecraft) Chunk has both internal and external streams
[21:00:47] [IO-Worker-1/ERROR] (Minecraft) External chunk path /Users/magje/code/mods/jade-modded-entities/fabric/runs/client/saves/New World/region/c.19.13.mcc is not file
[21:00:47] [IO-Worker-3/WARN] (Minecraft) Chunk has both internal and external streams
[21:00:47] [IO-Worker-3/ERROR] (Minecraft) External chunk path /Users/magje/code/mods/jade-modded-entities/fabric/runs/client/saves/New World/region/c.20.13.mcc is not file
[21:00:47] [IO-Worker-1/ERROR] (Minecraft) Declared size -1883106034 of chunk [21, 13] is negative
[21:00:47] [IO-Worker-3/ERROR] (Minecraft) Declared size -1883106034 of chunk [22, 13] is negative
[21:00:47] [IO-Worker-1/WARN] (Minecraft) Chunk has both internal and external streams
[21:00:47] [IO-Worker-1/ERROR] (Minecraft) External chunk path /Users/magje/code/mods/jade-modded-entities/fabric/runs/client/saves/New World/region/c.23.13.mcc is not file
[21:00:47] [IO-Worker-3/ERROR] (Minecraft) Chunk [24, 13] stream is truncated: expected 1427085991 but read 4091
[21:00:47] [IO-Worker-1/ERROR] (Minecraft) Chunk [25, 13] stream is truncated: expected 91755693 but read 4091
[21:00:47] [IO-Worker-3/ERROR] (Minecraft) Declared size -2036342187 of chunk [26, 13] is negative
[21:00:47] [IO-Worker-1/ERROR] (Minecraft) Declared size -917585104 of chunk [27, 13] is negative
[21:00:47] [IO-Worker-1/ERROR] (Minecraft) Chunk [0, 14] stream is truncated: expected 1865930875 but read 8187
[21:00:47] [IO-Worker-3/WARN] (Minecraft) Chunk has both internal and external streams
[21:00:47] [IO-Worker-3/ERROR] (Minecraft) External chunk path /Users/magje/code/mods/jade-modded-entities/fabric/runs/client/saves/New World/region/c.1.14.mcc is not file
[21:00:47] [IO-Worker-1/WARN] (Minecraft) Chunk has both internal and external streams
[21:00:47] [IO-Worker-1/ERROR] (Minecraft) External chunk path /Users/magje/code/mods/jade-modded-entities/fabric/runs/client/saves/New World/region/c.2.14.mcc is not file
[21:00:47] [IO-Worker-3/ERROR] (Minecraft) Declared size -2144397049 of chunk [3, 14] is negative
[21:00:47] [IO-Worker-1/WARN] (Minecraft) Chunk has both internal and external streams
[21:00:47] [IO-Worker-1/ERROR] (Minecraft) External chunk path /Users/magje/code/mods/jade-modded-entities/fabric/runs/client/saves/New World/region/c.4.14.mcc is not file
[21:00:47] [IO-Worker-3/ERROR] (Minecraft) Declared size -462021452 of chunk [5, 14] is negative
[21:00:47] [IO-Worker-1/ERROR] (Minecraft) Declared size -1412037036 of chunk [6, 14] is negative
[21:00:47] [IO-Worker-3/ERROR] (Minecraft) Declared size -1598237648 of chunk [7, 14] is negative
[21:00:47] [IO-Worker-1/WARN] (Minecraft) Chunk has both internal and external streams
[21:00:47] [IO-Worker-1/ERROR] (Minecraft) External chunk path /Users/magje/code/mods/jade-modded-entities/fabric/runs/client/saves/New World/region/c.8.14.mcc is not file
[21:00:47] [IO-Worker-3/ERROR] (Minecraft) Chunk [9, 14] stream is truncated: expected 290469645 but read 12283
[21:00:47] [IO-Worker-1/ERROR] (Minecraft) Declared size -653684842 of chunk [10, 14] is negative
[21:00:47] [IO-Worker-3/ERROR] (Minecraft) Declared size -885876723 of chunk [11, 14] is negative
[21:00:47] [IO-Worker-1/ERROR] (Minecraft) Chunk [12, 14] stream is truncated: expected 313359001 but read 8187
[21:00:47] [IO-Worker-3/ERROR] (Minecraft) Chunk [13, 14] stream is truncated: expected 911083690 but read 8187
[21:00:47] [IO-Worker-1/WARN] (Minecraft) Chunk has both internal and external streams
[21:00:47] [IO-Worker-1/ERROR] (Minecraft) External chunk path /Users/magje/code/mods/jade-modded-entities/fabric/runs/client/saves/New World/region/c.14.14.mcc is not file
[21:00:47] [IO-Worker-3/WARN] (Minecraft) Chunk has both internal and external streams
[21:00:47] [IO-Worker-3/ERROR] (Minecraft) External chunk path /Users/magje/code/mods/jade-modded-entities/fabric/runs/client/saves/New World/region/c.15.14.mcc is not file
[21:00:47] [IO-Worker-1/ERROR] (Minecraft) Declared size -2066700883 of chunk [16, 14] is negative
[21:00:47] [IO-Worker-3/WARN] (Minecraft) Chunk has both internal and external streams
[21:00:47] [IO-Worker-3/ERROR] (Minecraft) External chunk path /Users/magje/code/mods/jade-modded-entities/fabric/runs/client/saves/New World/region/c.17.14.mcc is not file
[21:00:47] [IO-Worker-1/ERROR] (Minecraft) Chunk [18, 14] stream is truncated: expected 1432733544 but read 4091
[21:00:47] [IO-Worker-3/ERROR] (Minecraft) Declared size -326552793 of chunk [19, 14] is negative
[21:00:47] [IO-Worker-1/WARN] (Minecraft) Chunk has both internal and external streams
[21:00:47] [IO-Worker-1/ERROR] (Minecraft) External chunk path /Users/magje/code/mods/jade-modded-entities/fabric/runs/client/saves/New World/region/c.20.14.mcc is not file
[21:00:47] [IO-Worker-3/ERROR] (Minecraft) Chunk [21, 14] stream is truncated: expected 277856788 but read 4091
[21:00:47] [IO-Worker-1/ERROR] (Minecraft) Chunk [22, 14] stream is truncated: expected 277856788 but read 4091
[21:00:47] [IO-Worker-3/WARN] (Minecraft) Chunk has both internal and external streams
[21:00:47] [IO-Worker-3/ERROR] (Minecraft) External chunk path /Users/magje/code/mods/jade-modded-entities/fabric/runs/client/saves/New World/region/c.23.14.mcc is not file
[21:00:47] [IO-Worker-1/WARN] (Minecraft) Chunk has both internal and external streams
[21:00:47] [IO-Worker-1/ERROR] (Minecraft) External chunk path /Users/magje/code/mods/jade-modded-entities/fabric/runs/client/saves/New World/region/c.24.14.mcc is not file
[21:00:47] [IO-Worker-3/ERROR] (Minecraft) Chunk [25, 14] stream is truncated: expected 91755693 but read 4091
[21:00:47] [IO-Worker-1/ERROR] (Minecraft) Chunk [26, 14] stream is truncated: expected 410946134 but read 4091
[21:00:47] [IO-Worker-3/WARN] (Minecraft) Chunk has both internal and external streams
[21:00:47] [IO-Worker-3/ERROR] (Minecraft) External chunk path /Users/magje/code/mods/jade-modded-entities/fabric/runs/client/saves/New World/region/c.27.14.mcc is not file
[21:00:47] [IO-Worker-3/WARN] (Minecraft) Chunk has both internal and external streams
[21:00:47] [IO-Worker-3/ERROR] (Minecraft) External chunk path /Users/magje/code/mods/jade-modded-entities/fabric/runs/client/saves/New World/region/c.0.15.mcc is not file
[21:00:47] [IO-Worker-1/WARN] (Minecraft) Chunk has both internal and external streams
[21:00:47] [IO-Worker-1/ERROR] (Minecraft) External chunk path /Users/magje/code/mods/jade-modded-entities/fabric/runs/client/saves/New World/region/c.1.15.mcc is not file
[21:00:47] [IO-Worker-3/WARN] (Minecraft) Chunk has both internal and external streams
[21:00:47] [IO-Worker-3/ERROR] (Minecraft) External chunk path /Users/magje/code/mods/jade-modded-entities/fabric/runs/client/saves/New World/region/c.2.15.mcc is not file
[21:00:47] [IO-Worker-1/ERROR] (Minecraft) Declared size -1981646835 of chunk [3, 15] is negative
[21:00:47] [IO-Worker-3/ERROR] (Minecraft) Declared size -2123537013 of chunk [4, 15] is negative
[21:00:47] [IO-Worker-1/ERROR] (Minecraft) Chunk [5, 15] stream is truncated: expected 732783490 but read 8187
[21:00:47] [IO-Worker-3/WARN] (Minecraft) Chunk has both internal and external streams
[21:00:47] [IO-Worker-3/ERROR] (Minecraft) External chunk path /Users/magje/code/mods/jade-modded-entities/fabric/runs/client/saves/New World/region/c.6.15.mcc is not file
[21:00:47] [IO-Worker-1/WARN] (Minecraft) Chunk has both internal and external streams
[21:00:47] [IO-Worker-1/ERROR] (Minecraft) External chunk path /Users/magje/code/mods/jade-modded-entities/fabric/runs/client/saves/New World/region/c.7.15.mcc is not file
[21:00:47] [IO-Worker-3/ERROR] (Minecraft) Declared size -1559344267 of chunk [8, 15] is negative
[21:00:47] [IO-Worker-1/ERROR] (Minecraft) Chunk [9, 15] stream is truncated: expected 1930707570 but read 8187
[21:00:47] [IO-Worker-3/ERROR] (Minecraft) Chunk [10, 15] stream is truncated: expected 153101341 but read 12283
[21:00:47] [IO-Worker-1/WARN] (Minecraft) Chunk has both internal and external streams
[21:00:47] [IO-Worker-1/ERROR] (Minecraft) External chunk path /Users/magje/code/mods/jade-modded-entities/fabric/runs/client/saves/New World/region/c.11.15.mcc is not file
[21:00:47] [IO-Worker-3/WARN] (Minecraft) Chunk has both internal and external streams
[21:00:47] [IO-Worker-3/ERROR] (Minecraft) External chunk path /Users/magje/code/mods/jade-modded-entities/fabric/runs/client/saves/New World/region/c.12.15.mcc is not file
[21:00:47] [IO-Worker-1/ERROR] (Minecraft) Chunk [13, 15] stream is truncated: expected 1517132547 but read 12283
[21:00:47] [IO-Worker-3/ERROR] (Minecraft) Declared size -986172752 of chunk [14, 15] is negative
[21:00:47] [IO-Worker-1/WARN] (Minecraft) Chunk has both internal and external streams
[21:00:47] [IO-Worker-1/ERROR] (Minecraft) External chunk path /Users/magje/code/mods/jade-modded-entities/fabric/runs/client/saves/New World/region/c.15.15.mcc is not file
[21:00:47] [IO-Worker-3/WARN] (Minecraft) Chunk has both internal and external streams
[21:00:47] [IO-Worker-3/ERROR] (Minecraft) External chunk path /Users/magje/code/mods/jade-modded-entities/fabric/runs/client/saves/New World/region/c.16.15.mcc is not file
[21:00:47] [IO-Worker-1/ERROR] (Minecraft) Chunk [17, 15] stream is truncated: expected 2060850571 but read 8187
[21:00:47] [IO-Worker-3/WARN] (Minecraft) Chunk has both internal and external streams
[21:00:47] [IO-Worker-3/ERROR] (Minecraft) External chunk path /Users/magje/code/mods/jade-modded-entities/fabric/runs/client/saves/New World/region/c.18.15.mcc is not file
[21:00:47] [IO-Worker-1/WARN] (Minecraft) Chunk has both internal and external streams
[21:00:47] [IO-Worker-1/ERROR] (Minecraft) External chunk path /Users/magje/code/mods/jade-modded-entities/fabric/runs/client/saves/New World/region/c.19.15.mcc is not file
[21:00:47] [IO-Worker-3/ERROR] (Minecraft) Declared size -1038807520 of chunk [20, 15] is negative
[21:00:47] [IO-Worker-1/WARN] (Minecraft) Chunk has both internal and external streams
[21:00:47] [IO-Worker-1/ERROR] (Minecraft) External chunk path /Users/magje/code/mods/jade-modded-entities/fabric/runs/client/saves/New World/region/c.21.15.mcc is not file
[21:00:47] [IO-Worker-3/ERROR] (Minecraft) Chunk [22, 15] stream is truncated: expected 1111231062 but read 4091
[21:00:47] [IO-Worker-1/WARN] (Minecraft) Chunk has both internal and external streams
[21:00:47] [IO-Worker-1/ERROR] (Minecraft) External chunk path /Users/magje/code/mods/jade-modded-entities/fabric/runs/client/saves/New World/region/c.23.15.mcc is not file
[21:00:47] [IO-Worker-3/ERROR] (Minecraft) Chunk [24, 15] stream is truncated: expected 2014621295 but read 4091
[21:00:47] [IO-Worker-1/ERROR] (Minecraft) Declared size -531515198 of chunk [25, 15] is negative
[21:00:47] [IO-Worker-3/WARN] (Minecraft) Chunk has both internal and external streams
[21:00:47] [IO-Worker-3/ERROR] (Minecraft) External chunk path /Users/magje/code/mods/jade-modded-entities/fabric/runs/client/saves/New World/region/c.26.15.mcc is not file
[21:00:47] [IO-Worker-1/ERROR] (Minecraft) Chunk [27, 15] stream is truncated: expected 74433044 but read 4091
[21:00:47] [IO-Worker-1/ERROR] (Minecraft) Declared size -1729823742 of chunk [0, 16] is negative
[21:00:47] [IO-Worker-3/WARN] (Minecraft) Chunk has both internal and external streams
[21:00:47] [IO-Worker-3/ERROR] (Minecraft) External chunk path /Users/magje/code/mods/jade-modded-entities/fabric/runs/client/saves/New World/region/c.1.16.mcc is not file
[21:00:47] [IO-Worker-1/ERROR] (Minecraft) Chunk [2, 16] stream is truncated: expected 1683174033 but read 8187
[21:00:47] [IO-Worker-3/WARN] (Minecraft) Chunk has both internal and external streams
[21:00:47] [IO-Worker-3/ERROR] (Minecraft) External chunk path /Users/magje/code/mods/jade-modded-entities/fabric/runs/client/saves/New World/region/c.3.16.mcc is not file
[21:00:47] [IO-Worker-1/ERROR] (Minecraft) Chunk [4, 16] stream is truncated: expected 174086197 but read 4091
[21:00:47] [IO-Worker-3/ERROR] (Minecraft) Declared size -1669034959 of chunk [5, 16] is negative
[21:00:47] [IO-Worker-1/ERROR] (Minecraft) Chunk [6, 16] stream is truncated: expected 298440451 but read 4091
[21:00:47] [IO-Worker-3/WARN] (Minecraft) Chunk has both internal and external streams
[21:00:47] [IO-Worker-3/ERROR] (Minecraft) External chunk path /Users/magje/code/mods/jade-modded-entities/fabric/runs/client/saves/New World/region/c.7.16.mcc is not file
[21:00:47] [IO-Worker-1/ERROR] (Minecraft) Chunk [8, 16] stream is truncated: expected 580397716 but read 4091
[21:00:47] [IO-Worker-3/ERROR] (Minecraft) Chunk [9, 16] stream is truncated: expected 1213341102 but read 4091
[21:00:47] [IO-Worker-1/WARN] (Minecraft) Chunk has both internal and external streams
[21:00:47] [IO-Worker-1/ERROR] (Minecraft) External chunk path /Users/magje/code/mods/jade-modded-entities/fabric/runs/client/saves/New World/region/c.10.16.mcc is not file
[21:00:47] [IO-Worker-3/WARN] (Minecraft) Chunk has both internal and external streams
[21:00:47] [IO-Worker-3/ERROR] (Minecraft) External chunk path /Users/magje/code/mods/jade-modded-entities/fabric/runs/client/saves/New World/region/c.11.16.mcc is not file
[21:00:47] [IO-Worker-1/ERROR] (Minecraft) Chunk [12, 16] stream is truncated: expected 899262515 but read 8187
[21:00:47] [IO-Worker-3/WARN] (Minecraft) Chunk has both internal and external streams
[21:00:47] [IO-Worker-3/ERROR] (Minecraft) External chunk path /Users/magje/code/mods/jade-modded-entities/fabric/runs/client/saves/New World/region/c.13.16.mcc is not file
[21:00:47] [IO-Worker-3/ERROR] (Minecraft) Chunk [14, 16] stream is truncated: expected 1624495244 but read 8187
[21:00:47] [IO-Worker-3/WARN] (Minecraft) Chunk has both internal and external streams
[21:00:47] [IO-Worker-3/ERROR] (Minecraft) External chunk path /Users/magje/code/mods/jade-modded-entities/fabric/runs/client/saves/New World/region/c.15.16.mcc is not file
[21:00:47] [IO-Worker-1/ERROR] (Minecraft) Declared size -387767129 of chunk [16, 16] is negative
[21:00:47] [IO-Worker-3/WARN] (Minecraft) Chunk has both internal and external streams
[21:00:47] [IO-Worker-3/ERROR] (Minecraft) External chunk path /Users/magje/code/mods/jade-modded-entities/fabric/runs/client/saves/New World/region/c.17.16.mcc is not file
[21:00:47] [IO-Worker-1/ERROR] (Minecraft) Chunk [18, 16] stream is truncated: expected 543545749 but read 8187
[21:00:47] [IO-Worker-3/ERROR] (Minecraft) Chunk [19, 16] stream is truncated: expected 1950465025 but read 4091
[21:00:47] [IO-Worker-1/WARN] (Minecraft) Chunk has both internal and external streams
[21:00:47] [IO-Worker-1/ERROR] (Minecraft) External chunk path /Users/magje/code/mods/jade-modded-entities/fabric/runs/client/saves/New World/region/c.20.16.mcc is not file
[21:00:47] [IO-Worker-3/ERROR] (Minecraft) Chunk [21, 16] stream is truncated: expected 1111231062 but read 4091
[21:00:47] [IO-Worker-1/ERROR] (Minecraft) Chunk [22, 16] stream is truncated: expected 173488255 but read 4091
[21:00:47] [IO-Worker-3/WARN] (Minecraft) Chunk has both internal and external streams
[21:00:47] [IO-Worker-3/ERROR] (Minecraft) External chunk path /Users/magje/code/mods/jade-modded-entities/fabric/runs/client/saves/New World/region/c.23.16.mcc is not file
[21:00:47] [IO-Worker-1/ERROR] (Minecraft) Declared size -995921787 of chunk [24, 16] is negative
[21:00:47] [IO-Worker-3/ERROR] (Minecraft) Declared size -531515198 of chunk [25, 16] is negative
[21:00:47] [IO-Worker-1/ERROR] (Minecraft) Chunk [26, 16] stream is truncated: expected 1321414671 but read 4091
[21:00:47] [IO-Worker-3/ERROR] (Minecraft) Chunk [27, 16] stream is truncated: expected 74433044 but read 4091
[21:00:47] [IO-Worker-1/WARN] (Minecraft) Chunk has both internal and external streams
[21:00:47] [IO-Worker-1/ERROR] (Minecraft) External chunk path /Users/magje/code/mods/jade-modded-entities/fabric/runs/client/saves/New World/region/c.0.17.mcc is not file
[21:00:47] [IO-Worker-3/ERROR] (Minecraft) Declared size -1216700023 of chunk [1, 17] is negative
[21:00:47] [IO-Worker-1/ERROR] (Minecraft) Chunk [2, 17] stream is truncated: expected 1445934160 but read 4091
[21:00:47] [IO-Worker-3/ERROR] (Minecraft) Declared size -540928490 of chunk [3, 17] is negative
[21:00:47] [IO-Worker-1/ERROR] (Minecraft) Declared size -1424516440 of chunk [4, 17] is negative
[21:00:47] [IO-Worker-3/WARN] (Minecraft) Chunk has both internal and external streams
[21:00:47] [IO-Worker-3/ERROR] (Minecraft) External chunk path /Users/magje/code/mods/jade-modded-entities/fabric/runs/client/saves/New World/region/c.5.17.mcc is not file
[21:00:47] [IO-Worker-1/ERROR] (Minecraft) Declared size -540928490 of chunk [6, 17] is negative
[21:00:47] [IO-Worker-3/WARN] (Minecraft) Chunk has both internal and external streams
[21:00:47] [IO-Worker-3/ERROR] (Minecraft) External chunk path /Users/magje/code/mods/jade-modded-entities/fabric/runs/client/saves/New World/region/c.7.17.mcc is not file
[21:00:47] [IO-Worker-1/WARN] (Minecraft) Chunk has both internal and external streams
[21:00:47] [IO-Worker-1/ERROR] (Minecraft) External chunk path /Users/magje/code/mods/jade-modded-entities/fabric/runs/client/saves/New World/region/c.8.17.mcc is not file
[21:00:47] [IO-Worker-3/ERROR] (Minecraft) Chunk [9, 17] stream is truncated: expected 371196329 but read 4091
[21:00:47] [IO-Worker-1/ERROR] (Minecraft) Declared size -540928490 of chunk [10, 17] is negative
[21:00:47] [IO-Worker-3/WARN] (Minecraft) Chunk has both internal and external streams
[21:00:47] [IO-Worker-3/ERROR] (Minecraft) External chunk path /Users/magje/code/mods/jade-modded-entities/fabric/runs/client/saves/New World/region/c.11.17.mcc is not file
[21:00:47] [IO-Worker-1/WARN] (Minecraft) Chunk has both internal and external streams
[21:00:47] [IO-Worker-1/ERROR] (Minecraft) External chunk path /Users/magje/code/mods/jade-modded-entities/fabric/runs/client/saves/New World/region/c.12.17.mcc is not file
[21:00:47] [IO-Worker-3/ERROR] (Minecraft) Declared size -1274569083 of chunk [13, 17] is negative
[21:00:47] [IO-Worker-1/ERROR] (Minecraft) Declared size -1038807520 of chunk [14, 17] is negative
[21:00:47] [IO-Worker-3/WARN] (Minecraft) Chunk has both internal and external streams
[21:00:47] [IO-Worker-3/ERROR] (Minecraft) External chunk path /Users/magje/code/mods/jade-modded-entities/fabric/runs/client/saves/New World/region/c.15.17.mcc is not file
[21:00:47] [IO-Worker-1/ERROR] (Minecraft) Chunk [16, 17] stream is truncated: expected 126811400 but read 4091
[21:00:47] [IO-Worker-3/ERROR] (Minecraft) Chunk [17, 17] stream is truncated: expected 2023540117 but read 4091
[21:00:47] [IO-Worker-1/ERROR] (Minecraft) Chunk [18, 17] stream is truncated: expected 1474349588 but read 4091
[21:00:47] [IO-Worker-3/ERROR] (Minecraft) Declared size -1369644800 of chunk [19, 17] is negative
[21:00:47] [IO-Worker-1/ERROR] (Minecraft) Declared size -995921787 of chunk [20, 17] is negative
[21:00:47] [IO-Worker-3/ERROR] (Minecraft) Chunk [21, 17] stream is truncated: expected 277856788 but read 4091
[21:00:47] [IO-Worker-1/ERROR] (Minecraft) Declared size -1038807520 of chunk [22, 17] is negative
[21:00:47] [IO-Worker-3/ERROR] (Minecraft) Declared size -995921787 of chunk [23, 17] is negative
[21:00:47] [IO-Worker-1/WARN] (Minecraft) Chunk has both internal and external streams
[21:00:47] [IO-Worker-1/ERROR] (Minecraft) External chunk path /Users/magje/code/mods/jade-modded-entities/fabric/runs/client/saves/New World/region/c.24.17.mcc is not file
[21:00:47] [IO-Worker-3/ERROR] (Minecraft) Declared size -524340060 of chunk [25, 17] is negative
[21:00:47] [IO-Worker-1/ERROR] (Minecraft) Declared size -358109051 of chunk [26, 17] is negative
[21:00:47] [IO-Worker-3/WARN] (Minecraft) Chunk has both internal and external streams
[21:00:47] [IO-Worker-3/ERROR] (Minecraft) External chunk path /Users/magje/code/mods/jade-modded-entities/fabric/runs/client/saves/New World/region/c.27.17.mcc is not file
[21:00:47] [IO-Worker-1/ERROR] (Minecraft) Chunk [0, 18] stream is truncated: expected 540968236 but read 4091
[21:00:47] [IO-Worker-3/WARN] (Minecraft) Chunk has both internal and external streams
[21:00:47] [IO-Worker-3/ERROR] (Minecraft) External chunk path /Users/magje/code/mods/jade-modded-entities/fabric/runs/client/saves/New World/region/c.1.18.mcc is not file
[21:00:47] [IO-Worker-1/ERROR] (Minecraft) Declared size -2060637120 of chunk [2, 18] is negative
[21:00:47] [IO-Worker-3/WARN] (Minecraft) Chunk has both internal and external streams
[21:00:47] [IO-Worker-3/ERROR] (Minecraft) External chunk path /Users/magje/code/mods/jade-modded-entities/fabric/runs/client/saves/New World/region/c.3.18.mcc is not file
[21:00:47] [IO-Worker-1/ERROR] (Minecraft) Chunk [4, 18] stream is truncated: expected 168267775 but read 4091
[21:00:47] [IO-Worker-3/ERROR] (Minecraft) Chunk [5, 18] stream is truncated: expected 757874689 but read 4091
[21:00:47] [IO-Worker-1/WARN] (Minecraft) Chunk has both internal and external streams
[21:00:47] [IO-Worker-1/ERROR] (Minecraft) External chunk path /Users/magje/code/mods/jade-modded-entities/fabric/runs/client/saves/New World/region/c.6.18.mcc is not file
[21:00:47] [IO-Worker-3/ERROR] (Minecraft) Declared size -519436400 of chunk [7, 18] is negative
[21:00:47] [IO-Worker-1/WARN] (Minecraft) Chunk has both internal and external streams
[21:00:47] [IO-Worker-1/ERROR] (Minecraft) External chunk path /Users/magje/code/mods/jade-modded-entities/fabric/runs/client/saves/New World/region/c.8.18.mcc is not file
[21:00:47] [IO-Worker-3/ERROR] (Minecraft) Declared size -519436400 of chunk [9, 18] is negative
[21:00:47] [IO-Worker-3/ERROR] (Minecraft) Chunk [10, 18] stream is truncated: expected 1098648154 but read 4091
[21:00:47] [IO-Worker-1/ERROR] (Minecraft) Declared size -519436400 of chunk [11, 18] is negative
[21:00:47] [IO-Worker-3/ERROR] (Minecraft) Declared size -1038739936 of chunk [12, 18] is negative
[21:00:47] [IO-Worker-1/WARN] (Minecraft) Chunk has both internal and external streams
[21:00:47] [IO-Worker-1/ERROR] (Minecraft) External chunk path /Users/magje/code/mods/jade-modded-entities/fabric/runs/client/saves/New World/region/c.13.18.mcc is not file
[21:00:47] [IO-Worker-3/WARN] (Minecraft) Chunk has both internal and external streams
[21:00:47] [IO-Worker-3/ERROR] (Minecraft) External chunk path /Users/magje/code/mods/jade-modded-entities/fabric/runs/client/saves/New World/region/c.14.18.mcc is not file
[21:00:47] [IO-Worker-1/ERROR] (Minecraft) Chunk [15, 18] stream is truncated: expected 168267775 but read 4091
[21:00:47] [IO-Worker-3/ERROR] (Minecraft) Declared size -519436400 of chunk [16, 18] is negative
[21:00:47] [IO-Worker-1/ERROR] (Minecraft) Declared size -1229979639 of chunk [17, 18] is negative
[21:00:47] [IO-Worker-3/ERROR] (Minecraft) Chunk [18, 18] stream is truncated: expected 2060469260 but read 4091
[21:00:47] [IO-Worker-1/ERROR] (Minecraft) Declared size -2060637120 of chunk [19, 18] is negative
[21:00:47] [IO-Worker-3/ERROR] (Minecraft) Declared size -524340060 of chunk [20, 18] is negative
[21:00:47] [IO-Worker-1/ERROR] (Minecraft) Chunk [21, 18] stream is truncated: expected 346976255 but read 4091
[21:00:47] [IO-Worker-3/ERROR] (Minecraft) Declared size -2072505170 of chunk [22, 18] is negative
[21:00:47] [IO-Worker-1/ERROR] (Minecraft) Chunk [23, 18] stream is truncated: expected 538871082 but read 4091
[21:00:47] [IO-Worker-3/ERROR] (Minecraft) Declared size -2008555254 of chunk [24, 18] is negative
[21:00:47] [IO-Worker-1/ERROR] (Minecraft) Declared size -1063030651 of chunk [25, 18] is negative
[21:00:47] [IO-Worker-3/ERROR] (Minecraft) Chunk [26, 18] stream is truncated: expected 1346340140 but read 4091
[21:00:47] [IO-Worker-1/ERROR] (Minecraft) Chunk [27, 18] stream is truncated: expected 148800554 but read 4091
[21:00:47] [IO-Worker-3/ERROR] (Minecraft) Declared size -2060637120 of chunk [0, 19] is negative
[21:00:47] [IO-Worker-1/ERROR] (Minecraft) Chunk [1, 19] stream is truncated: expected 278905365 but read 4091
[21:00:47] [IO-Worker-3/ERROR] (Minecraft) Chunk [2, 19] stream is truncated: expected 757874689 but read 4091
[21:00:47] [IO-Worker-1/ERROR] (Minecraft) Chunk [3, 19] stream is truncated: expected 173758591 but read 4091
[21:00:47] [IO-Worker-3/ERROR] (Minecraft) Declared size -2008555254 of chunk [4, 19] is negative
[21:00:47] [IO-Worker-1/ERROR] (Minecraft) Chunk [5, 19] stream is truncated: expected 540968236 but read 4091
[21:00:47] [IO-Worker-3/ERROR] (Minecraft) Declared size -2008555254 of chunk [6, 19] is negative
[21:00:47] [IO-Worker-1/ERROR] (Minecraft) Chunk [7, 19] stream is truncated: expected 168267775 but read 4091
[21:00:47] [IO-Worker-3/ERROR] (Minecraft) Declared size -2008555254 of chunk [8, 19] is negative
[21:00:47] [IO-Worker-1/ERROR] (Minecraft) Declared size -2008555254 of chunk [9, 19] is negative
[21:00:47] [IO-Worker-3/ERROR] (Minecraft) Chunk [10, 19] stream is truncated: expected 173758591 but read 4091
[21:00:47] [IO-Worker-1/ERROR] (Minecraft) Chunk [11, 19] stream is truncated: expected 168267775 but read 4091
[21:00:47] [IO-Worker-3/ERROR] (Minecraft) Declared size -658374108 of chunk [12, 19] is negative
[21:00:47] [IO-Worker-1/ERROR] (Minecraft) Chunk [13, 19] stream is truncated: expected 1427085991 but read 4091
[21:00:47] [IO-Worker-3/ERROR] (Minecraft) Chunk [14, 19] stream is truncated: expected 411011670 but read 4091
[21:00:47] [IO-Worker-1/ERROR] (Minecraft) Chunk [15, 19] stream is truncated: expected 168267775 but read 4091
[21:00:47] [IO-Worker-3/ERROR] (Minecraft) Chunk [16, 19] stream is truncated: expected 168267775 but read 4091
[21:00:47] [IO-Worker-1/ERROR] (Minecraft) Declared size -2063251328 of chunk [17, 19] is negative
[21:00:47] [IO-Worker-3/ERROR] (Minecraft) Chunk [18, 19] stream is truncated: expected 540968236 but read 4091
[21:00:47] [IO-Worker-1/WARN] (Minecraft) Chunk has both internal and external streams
[21:00:47] [IO-Worker-1/ERROR] (Minecraft) External chunk path /Users/magje/code/mods/jade-modded-entities/fabric/runs/client/saves/New World/region/c.19.19.mcc is not file
[21:00:47] [IO-Worker-3/ERROR] (Minecraft) Declared size -2060772288 of chunk [20, 19] is negative
[21:00:47] [IO-Worker-1/ERROR] (Minecraft) Declared size -1368391671 of chunk [21, 19] is negative
[21:00:47] [IO-Worker-3/ERROR] (Minecraft) Declared size -2072505170 of chunk [22, 19] is negative
[21:00:47] [IO-Worker-1/ERROR] (Minecraft) Chunk [23, 19] stream is truncated: expected 253763204 but read 4091
[21:00:47] [IO-Worker-3/ERROR] (Minecraft) Declared size -2008555254 of chunk [24, 19] is negative
[21:00:47] [IO-Worker-1/ERROR] (Minecraft) Declared size -1063030651 of chunk [25, 19] is negative
[21:00:47] [IO-Worker-3/ERROR] (Minecraft) Chunk [26, 19] stream is truncated: expected 1346340140 but read 4091
[21:00:47] [IO-Worker-1/ERROR] (Minecraft) Chunk [27, 19] stream is truncated: expected 148800554 but read 4091
[21:00:47] [IO-Worker-3/WARN] (Minecraft) Chunk has both internal and external streams
[21:00:47] [IO-Worker-3/ERROR] (Minecraft) External chunk path /Users/magje/code/mods/jade-modded-entities/fabric/runs/client/saves/New World/region/c.0.20.mcc is not file
[21:00:47] [IO-Worker-1/ERROR] (Minecraft) Declared size -1883106034 of chunk [1, 20] is negative
[21:00:47] [IO-Worker-3/ERROR] (Minecraft) Chunk [2, 20] stream is truncated: expected 538871082 but read 4091
[21:00:47] [IO-Worker-1/ERROR] (Minecraft) Chunk [3, 20] stream is truncated: expected 277856788 but read 4091
[21:00:47] [IO-Worker-3/ERROR] (Minecraft) Chunk [4, 20] stream is truncated: expected 277856788 but read 4091
[21:00:47] [IO-Worker-1/ERROR] (Minecraft) Chunk [5, 20] stream is truncated: expected 538871082 but read 4091
[21:00:47] [IO-Worker-3/ERROR] (Minecraft) Chunk [6, 20] stream is truncated: expected 277856788 but read 4091
[21:00:47] [IO-Worker-1/ERROR] (Minecraft) Chunk [7, 20] stream is truncated: expected 277856788 but read 4091
[21:00:47] [IO-Worker-3/ERROR] (Minecraft) Declared size -1038807520 of chunk [8, 20] is negative
[21:00:47] [IO-Worker-1/ERROR] (Minecraft) Chunk [9, 20] stream is truncated: expected 277856788 but read 4091
[21:00:47] [IO-Worker-3/ERROR] (Minecraft) Declared size -2139614034 of chunk [10, 20] is negative
[21:00:47] [IO-Worker-1/ERROR] (Minecraft) Chunk [11, 20] stream is truncated: expected 277856788 but read 4091
[21:00:47] [IO-Worker-3/ERROR] (Minecraft) Chunk [12, 20] stream is truncated: expected 277856788 but read 4091
[21:00:47] [IO-Worker-1/WARN] (Minecraft) Chunk has both internal and external streams
[21:00:47] [IO-Worker-1/ERROR] (Minecraft) External chunk path /Users/magje/code/mods/jade-modded-entities/fabric/runs/client/saves/New World/region/c.13.20.mcc is not file
[21:00:47] [IO-Worker-3/WARN] (Minecraft) Chunk has both internal and external streams
[21:00:47] [IO-Worker-3/ERROR] (Minecraft) External chunk path /Users/magje/code/mods/jade-modded-entities/fabric/runs/client/saves/New World/region/c.14.20.mcc is not file
[21:00:47] [IO-Worker-1/ERROR] (Minecraft) Declared size -1038807520 of chunk [15, 20] is negative
[21:00:47] [IO-Worker-3/ERROR] (Minecraft) Chunk [16, 20] stream is truncated: expected 277856788 but read 4091
[21:00:47] [IO-Worker-1/WARN] (Minecraft) Chunk has both internal and external streams
[21:00:47] [IO-Worker-1/ERROR] (Minecraft) External chunk path /Users/magje/code/mods/jade-modded-entities/fabric/runs/client/saves/New World/region/c.17.20.mcc is not file
[21:00:47] [IO-Worker-3/ERROR] (Minecraft) Chunk [18, 20] stream is truncated: expected 538871082 but read 4091
[21:00:47] [IO-Worker-1/ERROR] (Minecraft) Chunk [19, 20] stream is truncated: expected 723271681 but read 4091
[21:00:47] [IO-Worker-3/ERROR] (Minecraft) Declared size -968363606 of chunk [20, 20] is negative
[21:00:47] [IO-Worker-1/ERROR] (Minecraft) Declared size -2008555254 of chunk [21, 20] is negative
[21:00:47] [IO-Worker-3/ERROR] (Minecraft) Declared size -2060772288 of chunk [22, 20] is negative
[21:00:47] [IO-Worker-1/WARN] (Minecraft) Chunk has both internal and external streams
[21:00:47] [IO-Worker-1/ERROR] (Minecraft) External chunk path /Users/magje/code/mods/jade-modded-entities/fabric/runs/client/saves/New World/region/c.23.20.mcc is not file
[21:00:47] [IO-Worker-3/ERROR] (Minecraft) Chunk [24, 20] stream is truncated: expected 470847425 but read 4091
[21:00:47] [IO-Worker-1/ERROR] (Minecraft) Declared size -2142772982 of chunk [25, 20] is negative
[21:00:47] [IO-Worker-3/ERROR] (Minecraft) Chunk [26, 20] stream is truncated: expected 475012996 but read 4091
[21:00:47] [IO-Worker-1/WARN] (Minecraft) Chunk has both internal and external streams
[21:00:47] [IO-Worker-1/ERROR] (Minecraft) External chunk path /Users/magje/code/mods/jade-modded-entities/fabric/runs/client/saves/New World/region/c.27.20.mcc is not file
[21:00:47] [IO-Worker-3/ERROR] (Minecraft) Chunk [0, 21] stream is truncated: expected 166799723 but read 4091
[21:00:47] [IO-Worker-1/ERROR] (Minecraft) Chunk [1, 21] stream is truncated: expected 1111231062 but read 4091
[21:00:47] [IO-Worker-3/ERROR] (Minecraft) Declared size -2072505170 of chunk [2, 21] is negative
[21:00:47] [IO-Worker-1/WARN] (Minecraft) Chunk has both internal and external streams
[21:00:47] [IO-Worker-1/ERROR] (Minecraft) External chunk path /Users/magje/code/mods/jade-modded-entities/fabric/runs/client/saves/New World/region/c.3.21.mcc is not file
[21:00:47] [IO-Worker-3/WARN] (Minecraft) Chunk has both internal and external streams
[21:00:47] [IO-Worker-3/ERROR] (Minecraft) External chunk path /Users/magje/code/mods/jade-modded-entities/fabric/runs/client/saves/New World/region/c.4.21.mcc is not file
[21:00:47] [IO-Worker-1/ERROR] (Minecraft) Declared size -2072505170 of chunk [5, 21] is negative
[21:00:47] [IO-Worker-3/ERROR] (Minecraft) Chunk [6, 21] stream is truncated: expected 1111231062 but read 4091
[21:00:47] [IO-Worker-1/ERROR] (Minecraft) Chunk [7, 21] stream is truncated: expected 1111637001 but read 4091
[21:00:47] [IO-Worker-3/ERROR] (Minecraft) Declared size -524340060 of chunk [8, 21] is negative
[21:00:47] [IO-Worker-1/ERROR] (Minecraft) Chunk [9, 21] stream is truncated: expected 1111231062 but read 4091
[21:00:47] [IO-Worker-3/WARN] (Minecraft) Chunk has both internal and external streams
[21:00:47] [IO-Worker-3/ERROR] (Minecraft) External chunk path /Users/magje/code/mods/jade-modded-entities/fabric/runs/client/saves/New World/region/c.10.21.mcc is not file
[21:00:47] [IO-Worker-1/ERROR] (Minecraft) Chunk [11, 21] stream is truncated: expected 1111231062 but read 4091
[21:00:47] [IO-Worker-3/ERROR] (Minecraft) Chunk [12, 21] stream is truncated: expected 1111231062 but read 4091
[21:00:47] [IO-Worker-1/ERROR] (Minecraft) Declared size -1877962814 of chunk [13, 21] is negative
[21:00:47] [IO-Worker-3/WARN] (Minecraft) Chunk has both internal and external streams
[21:00:47] [IO-Worker-3/ERROR] (Minecraft) External chunk path /Users/magje/code/mods/jade-modded-entities/fabric/runs/client/saves/New World/region/c.14.21.mcc is not file
[21:00:47] [IO-Worker-1/ERROR] (Minecraft) Chunk [15, 21] stream is truncated: expected 1111231062 but read 4091
[21:00:47] [IO-Worker-3/ERROR] (Minecraft) Chunk [16, 21] stream is truncated: expected 1111231062 but read 4091
[21:00:47] [IO-Worker-1/WARN] (Minecraft) Chunk has both internal and external streams
[21:00:47] [IO-Worker-1/ERROR] (Minecraft) External chunk path /Users/magje/code/mods/jade-modded-entities/fabric/runs/client/saves/New World/region/c.17.21.mcc is not file
[21:00:47] [IO-Worker-3/ERROR] (Minecraft) Chunk [18, 21] stream is truncated: expected 883186105 but read 4091
[21:00:47] [IO-Worker-1/ERROR] (Minecraft) Declared size -2072505170 of chunk [19, 21] is negative
[21:00:47] [IO-Worker-3/ERROR] (Minecraft) Declared size -2008555254 of chunk [20, 21] is negative
[21:00:47] [IO-Worker-1/WARN] (Minecraft) Chunk has both internal and external streams
[21:00:47] [IO-Worker-1/ERROR] (Minecraft) External chunk path /Users/magje/code/mods/jade-modded-entities/fabric/runs/client/saves/New World/region/c.21.21.mcc is not file
[21:00:47] [IO-Worker-3/ERROR] (Minecraft) Declared size -917585104 of chunk [22, 21] is negative
[21:00:47] [IO-Worker-1/WARN] (Minecraft) Chunk has both internal and external streams
[21:00:47] [IO-Worker-1/ERROR] (Minecraft) External chunk path /Users/magje/code/mods/jade-modded-entities/fabric/runs/client/saves/New World/region/c.23.21.mcc is not file
[21:00:47] [IO-Worker-3/ERROR] (Minecraft) Chunk [24, 21] stream is truncated: expected 1111231062 but read 4091
[21:00:47] [IO-Worker-1/ERROR] (Minecraft) Chunk [25, 21] stream is truncated: expected 35554602 but read 4091
[21:00:47] [IO-Worker-3/ERROR] (Minecraft) Chunk [26, 21] stream is truncated: expected 883186105 but read 4091
[21:00:47] [IO-Worker-1/WARN] (Minecraft) Chunk has both internal and external streams
[21:00:47] [IO-Worker-1/ERROR] (Minecraft) External chunk path /Users/magje/code/mods/jade-modded-entities/fabric/runs/client/saves/New World/region/c.27.21.mcc is not file
[21:00:47] [IO-Worker-1/ERROR] (Minecraft) Chunk [0, 22] stream is truncated: expected 150022507 but read 4091
[21:00:47] [IO-Worker-3/ERROR] (Minecraft) Chunk [1, 22] stream is truncated: expected 1111231062 but read 4091
[21:00:47] [IO-Worker-1/ERROR] (Minecraft) Chunk [2, 22] stream is truncated: expected 346976255 but read 4091
[21:00:47] [IO-Worker-3/ERROR] (Minecraft) Declared size -524344156 of chunk [3, 22] is negative
[21:00:47] [IO-Worker-1/ERROR] (Minecraft) Chunk [4, 22] stream is truncated: expected 173488255 but read 4091
[21:00:47] [IO-Worker-3/ERROR] (Minecraft) Declared size -2072505170 of chunk [5, 22] is negative
[21:00:47] [IO-Worker-1/ERROR] (Minecraft) Chunk [6, 22] stream is truncated: expected 1111231062 but read 4091
[21:00:47] [IO-Worker-3/ERROR] (Minecraft) Chunk [7, 22] stream is truncated: expected 1111231062 but read 4091
[21:00:47] [IO-Worker-1/ERROR] (Minecraft) Chunk [8, 22] stream is truncated: expected 17973819 but read 4091
[21:00:47] [IO-Worker-3/ERROR] (Minecraft) Chunk [9, 22] stream is truncated: expected 1111231062 but read 4091
[21:00:47] [IO-Worker-1/WARN] (Minecraft) Chunk has both internal and external streams
[21:00:47] [IO-Worker-1/ERROR] (Minecraft) External chunk path /Users/magje/code/mods/jade-modded-entities/fabric/runs/client/saves/New World/region/c.10.22.mcc is not file
[21:00:47] [IO-Worker-3/ERROR] (Minecraft) Chunk [11, 22] stream is truncated: expected 1111231062 but read 4091
[21:00:47] [IO-Worker-1/ERROR] (Minecraft) Chunk [12, 22] stream is truncated: expected 306330633 but read 4091
[21:00:47] [IO-Worker-3/WARN] (Minecraft) Chunk has both internal and external streams
[21:00:47] [IO-Worker-3/ERROR] (Minecraft) External chunk path /Users/magje/code/mods/jade-modded-entities/fabric/runs/client/saves/New World/region/c.13.22.mcc is not file
[21:00:47] [IO-Worker-1/ERROR] (Minecraft) Declared size -2079289406 of chunk [14, 22] is negative
[21:00:47] [IO-Worker-3/ERROR] (Minecraft) Chunk [15, 22] stream is truncated: expected 1111231062 but read 4091
[21:00:47] [IO-Worker-1/ERROR] (Minecraft) Chunk [16, 22] stream is truncated: expected 17973819 but read 4091
[21:00:47] [IO-Worker-3/ERROR] (Minecraft) Declared size -524340060 of chunk [17, 22] is negative
[21:00:47] [IO-Worker-1/WARN] (Minecraft) Chunk has both internal and external streams
[21:00:47] [IO-Worker-1/ERROR] (Minecraft) External chunk path /Users/magje/code/mods/jade-modded-entities/fabric/runs/client/saves/New World/region/c.18.22.mcc is not file
[21:00:47] [IO-Worker-3/ERROR] (Minecraft) Chunk [19, 22] stream is truncated: expected 1092977783 but read 4091
[21:00:47] [IO-Worker-1/ERROR] (Minecraft) Chunk [20, 22] stream is truncated: expected 555648298 but read 4091
[21:00:47] [IO-Worker-3/ERROR] (Minecraft) Chunk [21, 22] stream is truncated: expected 555648298 but read 4091
[21:00:47] [IO-Worker-1/WARN] (Minecraft) Chunk has both internal and external streams
[21:00:47] [IO-Worker-1/ERROR] (Minecraft) External chunk path /Users/magje/code/mods/jade-modded-entities/fabric/runs/client/saves/New World/region/c.22.22.mcc is not file
[21:00:47] [IO-Worker-3/ERROR] (Minecraft) Chunk [23, 22] stream is truncated: expected 538871082 but read 4091
[21:00:47] [IO-Worker-1/ERROR] (Minecraft) Chunk [24, 22] stream is truncated: expected 1111231062 but read 4091
[21:00:47] [IO-Worker-3/ERROR] (Minecraft) Declared size -1174334974 of chunk [25, 22] is negative
[21:00:47] [IO-Worker-1/ERROR] (Minecraft) Chunk [26, 22] stream is truncated: expected 17973884 but read 4091
[21:00:47] [IO-Worker-3/ERROR] (Minecraft) Chunk [27, 22] stream is truncated: expected 306376741 but read 4091
[21:00:47] [IO-Worker-1/ERROR] (Minecraft) Chunk [0, 23] stream is truncated: expected 1081870938 but read 4091
[21:00:47] [IO-Worker-3/WARN] (Minecraft) Chunk has both internal and external streams
[21:00:47] [IO-Worker-3/ERROR] (Minecraft) External chunk path /Users/magje/code/mods/jade-modded-entities/fabric/runs/client/saves/New World/region/c.1.23.mcc is not file
[21:00:47] [IO-Worker-1/WARN] (Minecraft) Chunk has both internal and external streams
[21:00:47] [IO-Worker-1/ERROR] (Minecraft) External chunk path /Users/magje/code/mods/jade-modded-entities/fabric/runs/client/saves/New World/region/c.2.23.mcc is not file
[21:00:47] [IO-Worker-3/WARN] (Minecraft) Chunk has both internal and external streams
[21:00:47] [IO-Worker-3/ERROR] (Minecraft) External chunk path /Users/magje/code/mods/jade-modded-entities/fabric/runs/client/saves/New World/region/c.3.23.mcc is not file
[21:00:47] [IO-Worker-1/ERROR] (Minecraft) Declared size -1883106034 of chunk [4, 23] is negative
[21:00:47] [IO-Worker-3/ERROR] (Minecraft) Chunk [5, 23] stream is truncated: expected 538871082 but read 4091
[21:00:47] [IO-Worker-1/WARN] (Minecraft) Chunk has both internal and external streams
[21:00:47] [IO-Worker-1/ERROR] (Minecraft) External chunk path /Users/magje/code/mods/jade-modded-entities/fabric/runs/client/saves/New World/region/c.6.23.mcc is not file
[21:00:47] [IO-Worker-3/ERROR] (Minecraft) Chunk [7, 23] stream is truncated: expected 277856788 but read 4091
[21:00:47] [IO-Worker-3/ERROR] (Minecraft) Chunk [8, 23] stream is truncated: expected 277856788 but read 4091
[21:00:47] [IO-Worker-1/ERROR] (Minecraft) Declared size -917585104 of chunk [9, 23] is negative
[21:00:47] [IO-Worker-3/WARN] (Minecraft) Chunk has both internal and external streams
[21:00:47] [IO-Worker-3/ERROR] (Minecraft) External chunk path /Users/magje/code/mods/jade-modded-entities/fabric/runs/client/saves/New World/region/c.10.23.mcc is not file
[21:00:47] [IO-Worker-1/ERROR] (Minecraft) Chunk [11, 23] stream is truncated: expected 277856788 but read 4091
[21:00:47] [IO-Worker-3/WARN] (Minecraft) Chunk has both internal and external streams
[21:00:47] [IO-Worker-3/ERROR] (Minecraft) External chunk path /Users/magje/code/mods/jade-modded-entities/fabric/runs/client/saves/New World/region/c.12.23.mcc is not file
[21:00:47] [IO-Worker-1/WARN] (Minecraft) Chunk has both internal and external streams
[21:00:47] [IO-Worker-1/ERROR] (Minecraft) External chunk path /Users/magje/code/mods/jade-modded-entities/fabric/runs/client/saves/New World/region/c.13.23.mcc is not file
[21:00:47] [IO-Worker-3/WARN] (Minecraft) Chunk has both internal and external streams
[21:00:47] [IO-Worker-3/ERROR] (Minecraft) External chunk path /Users/magje/code/mods/jade-modded-entities/fabric/runs/client/saves/New World/region/c.14.23.mcc is not file
[21:00:47] [IO-Worker-1/WARN] (Minecraft) Chunk has both internal and external streams
[21:00:47] [IO-Worker-1/ERROR] (Minecraft) External chunk path /Users/magje/code/mods/jade-modded-entities/fabric/runs/client/saves/New World/region/c.15.23.mcc is not file
[21:00:47] [IO-Worker-3/ERROR] (Minecraft) Declared size -524340060 of chunk [16, 23] is negative
[21:00:47] [IO-Worker-1/ERROR] (Minecraft) Declared size -995921787 of chunk [17, 23] is negative
[21:00:47] [IO-Worker-3/ERROR] (Minecraft) Chunk [18, 23] stream is truncated: expected 538871082 but read 4091
[21:00:47] [IO-Worker-1/ERROR] (Minecraft) Chunk [19, 23] stream is truncated: expected 538871082 but read 4091
[21:00:47] [IO-Worker-3/ERROR] (Minecraft) Chunk [20, 23] stream is truncated: expected 538871082 but read 4091
[21:00:47] [IO-Worker-1/ERROR] (Minecraft) Chunk [21, 23] stream is truncated: expected 538871082 but read 4091
[21:00:47] [IO-Worker-1/ERROR] (Minecraft) Chunk [22, 23] stream is truncated: expected 538871082 but read 4091
[21:00:47] [IO-Worker-3/ERROR] (Minecraft) Declared size -968363606 of chunk [23, 23] is negative
[21:00:47] [IO-Worker-1/ERROR] (Minecraft) Chunk [24, 23] stream is truncated: expected 277856788 but read 4091
[21:00:47] [IO-Worker-1/ERROR] (Minecraft) Declared size -1773674230 of chunk [25, 23] is negative
[21:00:47] [IO-Worker-3/ERROR] (Minecraft) Chunk [26, 23] stream is truncated: expected 1344242986 but read 4091
[21:00:47] [IO-Worker-1/ERROR] (Minecraft) Chunk [27, 23] stream is truncated: expected 280758614 but read 4091
[21:00:47] [IO-Worker-1/WARN] (Minecraft) Chunk has both internal and external streams
[21:00:47] [IO-Worker-1/ERROR] (Minecraft) External chunk path /Users/magje/code/mods/jade-modded-entities/fabric/runs/client/saves/New World/region/c.0.24.mcc is not file
[21:00:47] [IO-Worker-3/ERROR] (Minecraft) Declared size -2008063733 of chunk [1, 24] is negative
[21:00:47] [IO-Worker-1/ERROR] (Minecraft) Declared size -2008555254 of chunk [2, 24] is negative
[21:00:47] [IO-Worker-1/ERROR] (Minecraft) Chunk [3, 24] stream is truncated: expected 37128270 but read 4091
[21:00:47] [IO-Worker-3/ERROR] (Minecraft) Declared size -995921787 of chunk [4, 24] is negative
[21:00:47] [IO-Worker-1/ERROR] (Minecraft) Declared size -2008555254 of chunk [5, 24] is negative
[21:00:47] [IO-Worker-3/ERROR] (Minecraft) Declared size -917585104 of chunk [6, 24] is negative
[21:00:47] [IO-Worker-1/WARN] (Minecraft) Chunk has both internal and external streams
[21:00:47] [IO-Worker-1/ERROR] (Minecraft) External chunk path /Users/magje/code/mods/jade-modded-entities/fabric/runs/client/saves/New World/region/c.7.24.mcc is not file
[21:00:47] [IO-Worker-3/ERROR] (Minecraft) Declared size -995921787 of chunk [8, 24] is negative
[21:00:47] [IO-Worker-1/WARN] (Minecraft) Chunk has both internal and external streams
[21:00:47] [IO-Worker-1/ERROR] (Minecraft) External chunk path /Users/magje/code/mods/jade-modded-entities/fabric/runs/client/saves/New World/region/c.9.24.mcc is not file
[21:00:47] [IO-Worker-1/ERROR] (Minecraft) Chunk [10, 24] stream is truncated: expected 411011670 but read 4091
[21:00:47] [IO-Worker-3/ERROR] (Minecraft) Chunk [11, 24] stream is truncated: expected 883186105 but read 4091
[21:00:47] [IO-Worker-3/ERROR] (Minecraft) Declared size -2008063733 of chunk [12, 24] is negative
[21:00:47] [IO-Worker-1/ERROR] (Minecraft) Declared size -962600363 of chunk [13, 24] is negative
[21:00:47] [IO-Worker-3/WARN] (Minecraft) Chunk has both internal and external streams
[21:00:47] [IO-Worker-3/ERROR] (Minecraft) External chunk path /Users/magje/code/mods/jade-modded-entities/fabric/runs/client/saves/New World/region/c.14.24.mcc is not file
[21:00:47] [IO-Worker-3/ERROR] (Minecraft) Declared size -524340060 of chunk [15, 24] is negative
[21:00:47] [IO-Worker-1/ERROR] (Minecraft) Declared size -995921787 of chunk [16, 24] is negative
[21:00:47] [IO-Worker-3/ERROR] (Minecraft) Declared size -249013023 of chunk [17, 24] is negative
[21:00:47] [IO-Worker-3/ERROR] (Minecraft) Declared size -2008555254 of chunk [18, 24] is negative
[21:00:47] [IO-Worker-1/ERROR] (Minecraft) Declared size -2008555254 of chunk [19, 24] is negative
[21:00:47] [IO-Worker-3/WARN] (Minecraft) Chunk has both internal and external streams
[21:00:47] [IO-Worker-3/ERROR] (Minecraft) External chunk path /Users/magje/code/mods/jade-modded-entities/fabric/runs/client/saves/New World/region/c.20.24.mcc is not file
[21:00:47] [IO-Worker-1/ERROR] (Minecraft) Chunk [21, 24] stream is truncated: expected 21119547 but read 4091
[21:00:47] [IO-Worker-3/ERROR] (Minecraft) Chunk [22, 24] stream is truncated: expected 1111231062 but read 4091
[21:00:47] [IO-Worker-1/ERROR] (Minecraft) Chunk [23, 24] stream is truncated: expected 277856788 but read 4091
[21:00:47] [IO-Worker-3/ERROR] (Minecraft) Declared size -995921787 of chunk [24, 24] is negative
[21:00:47] [IO-Worker-1/WARN] (Minecraft) Chunk has both internal and external streams
[21:00:47] [IO-Worker-1/ERROR] (Minecraft) External chunk path /Users/magje/code/mods/jade-modded-entities/fabric/runs/client/saves/New World/region/c.25.24.mcc is not file
[21:00:47] [IO-Worker-3/ERROR] (Minecraft) Declared size -733486838 of chunk [26, 24] is negative
[21:00:47] [IO-Worker-1/ERROR] (Minecraft) Chunk [27, 24] stream is truncated: expected 74433044 but read 4091
[21:00:47] [IO-Worker-3/ERROR] (Minecraft) Declared size -2142281461 of chunk [0, 25] is negative
[21:00:47] [IO-Worker-1/ERROR] (Minecraft) Declared size -531515198 of chunk [1, 25] is negative
[21:00:47] [IO-Worker-3/ERROR] (Minecraft) Declared size -1063030651 of chunk [2, 25] is negative
[21:00:47] [IO-Worker-1/ERROR] (Minecraft) Declared size -531515198 of chunk [3, 25] is negative
[21:00:47] [IO-Worker-3/WARN] (Minecraft) Chunk has both internal and external streams
[21:00:47] [IO-Worker-3/ERROR] (Minecraft) External chunk path /Users/magje/code/mods/jade-modded-entities/fabric/runs/client/saves/New World/region/c.4.25.mcc is not file
[21:00:47] [IO-Worker-1/ERROR] (Minecraft) Declared size -917585104 of chunk [5, 25] is negative
[21:00:47] [IO-Worker-3/ERROR] (Minecraft) Declared size -531515198 of chunk [6, 25] is negative
[21:00:47] [IO-Worker-1/ERROR] (Minecraft) Declared size -531515198 of chunk [7, 25] is negative
[21:00:47] [IO-Worker-3/ERROR] (Minecraft) Declared size -531515198 of chunk [8, 25] is negative
[21:00:47] [IO-Worker-1/WARN] (Minecraft) Chunk has both internal and external streams
[21:00:47] [IO-Worker-1/ERROR] (Minecraft) External chunk path /Users/magje/code/mods/jade-modded-entities/fabric/runs/client/saves/New World/region/c.9.25.mcc is not file
[21:00:47] [IO-Worker-3/ERROR] (Minecraft) Declared size -671047742 of chunk [10, 25] is negative
[21:00:47] [IO-Worker-1/ERROR] (Minecraft) Chunk [11, 25] stream is truncated: expected 883186105 but read 4091
[21:00:47] [IO-Worker-3/ERROR] (Minecraft) Declared size -531515198 of chunk [12, 25] is negative
[21:00:47] [IO-Worker-1/ERROR] (Minecraft) Chunk [13, 25] stream is truncated: expected 91755693 but read 4091
[21:00:47] [IO-Worker-3/ERROR] (Minecraft) Chunk [14, 25] stream is truncated: expected 91755693 but read 4091
[21:00:47] [IO-Worker-1/ERROR] (Minecraft) Declared size -531515198 of chunk [15, 25] is negative
[21:00:47] [IO-Worker-3/ERROR] (Minecraft) Declared size -531515198 of chunk [16, 25] is negative
[21:00:47] [IO-Worker-1/ERROR] (Minecraft) Chunk [17, 25] stream is truncated: expected 2014621295 but read 4091
[21:00:47] [IO-Worker-3/ERROR] (Minecraft) Declared size -1063030651 of chunk [18, 25] is negative
[21:00:47] [IO-Worker-1/ERROR] (Minecraft) Declared size -1063030651 of chunk [19, 25] is negative
[21:00:47] [IO-Worker-3/ERROR] (Minecraft) Declared size -2142772982 of chunk [20, 25] is negative
[21:00:47] [IO-Worker-1/ERROR] (Minecraft) Chunk [21, 25] stream is truncated: expected 35554602 but read 4091
[21:00:47] [IO-Worker-3/ERROR] (Minecraft) Chunk [22, 25] stream is truncated: expected 35554602 but read 4091
[21:00:47] [IO-Worker-1/ERROR] (Minecraft) Chunk [23, 25] stream is truncated: expected 127289312 but read 4091
[21:00:47] [IO-Worker-3/WARN] (Minecraft) Chunk has both internal and external streams
[21:00:47] [IO-Worker-3/ERROR] (Minecraft) External chunk path /Users/magje/code/mods/jade-modded-entities/fabric/runs/client/saves/New World/region/c.24.25.mcc is not file
[21:00:47] [IO-Worker-1/WARN] (Minecraft) Chunk has both internal and external streams
[21:00:47] [IO-Worker-1/ERROR] (Minecraft) External chunk path /Users/magje/code/mods/jade-modded-entities/fabric/runs/client/saves/New World/region/c.25.25.mcc is not file
[21:00:47] [IO-Worker-3/WARN] (Minecraft) Chunk has both internal and external streams
[21:00:47] [IO-Worker-3/ERROR] (Minecraft) External chunk path /Users/magje/code/mods/jade-modded-entities/fabric/runs/client/saves/New World/region/c.26.25.mcc is not file
[21:00:47] [IO-Worker-1/ERROR] (Minecraft) Declared size -1774722806 of chunk [27, 25] is negative
[21:00:47] [Server thread/INFO] (Minecraft) Preparing spawn area: 52%
[21:00:48] [Server thread/INFO] (Minecraft) Preparing spawn area: 59%
[21:00:48] [Server thread/INFO] (Minecraft) Time elapsed: 4739 ms
[21:00:48] [Server thread/INFO] (Minecraft) Player765[local:E:956bfc99] logged in with entity id 64 at (44.995246415636856, 68.0, 12.832333568880827)
[21:00:48] [Server thread/INFO] (Minecraft) Player765 joined the game
[21:00:48] [Render thread/INFO] (Minecraft) Resizing Dynamic Transforms UBO, capacity limit of 2 reached during a single frame. New capacity will be 4.
[21:00:48] [Server thread/INFO] (Minecraft) Changing view distance to 12, from 10
[21:00:48] [Server thread/INFO] (Minecraft) Changing simulation distance to 12, from 0
[21:00:48] [Render thread/INFO] (Minecraft) Resizing Dynamic Transforms UBO, capacity limit of 4 reached during a single frame. New capacity will be 8.
[21:00:48] [Render thread/INFO] (Minecraft) Loaded 2 advancements
[21:00:48] [Render thread/INFO] (Jade) Received config from the server: {}
[21:00:48] [Render thread/INFO] (Minecraft) Resizing Chunk Sections UBO, capacity limit of 2 reached during a single frame. New capacity will be 4.
[21:00:48] [IO-Worker-2/WARN] (Minecraft) Chunk has both internal and external streams
[21:00:48] [IO-Worker-2/ERROR] (Minecraft) External chunk path /Users/magje/code/mods/jade-modded-entities/fabric/runs/client/saves/New World/region/c.-13.-11.mcc is not file
[21:00:48] [IO-Worker-3/ERROR] (Minecraft) Chunk [-13, -10] stream is truncated: expected 308605255 but read 12283
[21:00:48] [IO-Worker-1/ERROR] (Minecraft) Declared size -732540640 of chunk [-13, -9] is negative
[21:00:48] [IO-Worker-2/ERROR] (Minecraft) Chunk [-13, -8] stream is truncated: expected 1900048598 but read 12283
[21:00:48] [IO-Worker-1/WARN] (Minecraft) Chunk has both internal and external streams
[21:00:48] [IO-Worker-1/ERROR] (Minecraft) External chunk path /Users/magje/code/mods/jade-modded-entities/fabric/runs/client/saves/New World/region/c.-13.-7.mcc is not file
[21:00:48] [IO-Worker-3/WARN] (Minecraft) Chunk has both internal and external streams
[21:00:48] [IO-Worker-3/ERROR] (Minecraft) External chunk path /Users/magje/code/mods/jade-modded-entities/fabric/runs/client/saves/New World/region/c.-13.-6.mcc is not file
[21:00:48] [IO-Worker-2/WARN] (Minecraft) Chunk has both internal and external streams
[21:00:48] [IO-Worker-2/ERROR] (Minecraft) External chunk path /Users/magje/code/mods/jade-modded-entities/fabric/runs/client/saves/New World/region/c.-13.-5.mcc is not file
[21:00:48] [IO-Worker-3/WARN] (Minecraft) Chunk has both internal and external streams
[21:00:48] [IO-Worker-3/ERROR] (Minecraft) External chunk path /Users/magje/code/mods/jade-modded-entities/fabric/runs/client/saves/New World/region/c.-13.-4.mcc is not file
[21:00:48] [IO-Worker-2/ERROR] (Minecraft) Declared size -1820276696 of chunk [-13, -3] is negative
[21:00:48] [IO-Worker-1/ERROR] (Minecraft) Chunk [-13, -2] stream is truncated: expected 1905555767 but read 8187
[21:00:48] [IO-Worker-2/WARN] (Minecraft) Chunk has both internal and external streams
[21:00:48] [IO-Worker-2/ERROR] (Minecraft) External chunk path /Users/magje/code/mods/jade-modded-entities/fabric/runs/client/saves/New World/region/c.-13.-1.mcc is not file
[21:00:48] [IO-Worker-3/WARN] (Minecraft) Chunk has both internal and external streams
[21:00:48] [IO-Worker-3/ERROR] (Minecraft) External chunk path /Users/magje/code/mods/jade-modded-entities/fabric/runs/client/saves/New World/region/c.-13.0.mcc is not file
[21:00:48] [IO-Worker-2/ERROR] (Minecraft) Chunk [-13, 1] stream is truncated: expected 2010105997 but read 12283
[21:00:48] [IO-Worker-4/ERROR] (Minecraft) Declared size -290788813 of chunk [-13, 2] is negative
[21:00:48] [IO-Worker-1/ERROR] (Minecraft) Declared size -1650872973 of chunk [-13, 3] is negative
[21:00:48] [IO-Worker-4/ERROR] (Minecraft) Chunk [-13, 4] stream is truncated: expected 758362930 but read 12283
[21:00:48] [IO-Worker-1/WARN] (Minecraft) Chunk has both internal and external streams
[21:00:48] [IO-Worker-1/ERROR] (Minecraft) External chunk path /Users/magje/code/mods/jade-modded-entities/fabric/runs/client/saves/New World/region/c.-13.5.mcc is not file
[21:00:48] [IO-Worker-4/WARN] (Minecraft) Chunk has both internal and external streams
[21:00:48] [IO-Worker-4/ERROR] (Minecraft) External chunk path /Users/magje/code/mods/jade-modded-entities/fabric/runs/client/saves/New World/region/c.-13.6.mcc is not file
[21:00:48] [IO-Worker-1/WARN] (Minecraft) Chunk has both internal and external streams
[21:00:48] [IO-Worker-1/ERROR] (Minecraft) External chunk path /Users/magje/code/mods/jade-modded-entities/fabric/runs/client/saves/New World/region/c.-13.7.mcc is not file
[21:00:48] [IO-Worker-4/WARN] (Minecraft) Chunk has both internal and external streams
[21:00:48] [IO-Worker-4/ERROR] (Minecraft) External chunk path /Users/magje/code/mods/jade-modded-entities/fabric/runs/client/saves/New World/region/c.-13.8.mcc is not file
[21:00:48] [IO-Worker-1/ERROR] (Minecraft) Declared size -1717718373 of chunk [-13, 9] is negative
[21:00:48] [IO-Worker-4/WARN] (Minecraft) Chunk has both internal and external streams
[21:00:48] [IO-Worker-4/ERROR] (Minecraft) External chunk path /Users/magje/code/mods/jade-modded-entities/fabric/runs/client/saves/New World/region/c.-13.10.mcc is not file
[21:00:48] [IO-Worker-1/WARN] (Minecraft) Chunk has both internal and external streams
[21:00:48] [IO-Worker-1/ERROR] (Minecraft) External chunk path /Users/magje/code/mods/jade-modded-entities/fabric/runs/client/saves/New World/region/c.-13.11.mcc is not file
[21:00:48] [IO-Worker-4/ERROR] (Minecraft) Declared size -1183331731 of chunk [-13, 12] is negative
[21:00:48] [IO-Worker-1/ERROR] (Minecraft) Chunk [-13, 13] stream is truncated: expected 1936406047 but read 12283
[21:00:48] [IO-Worker-4/ERROR] (Minecraft) Chunk [-13, -13] stream is truncated: expected 1139132433 but read 12283
[21:00:48] [IO-Worker-1/ERROR] (Minecraft) Declared size -317313183 of chunk [-13, -12] is negative
[21:00:48] [IO-Worker-2/ERROR] (Minecraft) Declared size -1188394201 of chunk [17, -12] is negative
[21:00:48] [IO-Worker-4/WARN] (Minecraft) Chunk has both internal and external streams
[21:00:48] [IO-Worker-4/ERROR] (Minecraft) External chunk path /Users/magje/code/mods/jade-modded-entities/fabric/runs/client/saves/New World/region/c.17.-11.mcc is not file
[21:00:48] [IO-Worker-2/ERROR] (Minecraft) Chunk [17, -10] stream is truncated: expected 936911031 but read 12283
[21:00:48] [IO-Worker-3/ERROR] (Minecraft) Declared size -1400363888 of chunk [17, -9] is negative
[21:00:48] [IO-Worker-1/ERROR] (Minecraft) Declared size -599727236 of chunk [17, -8] is negative
[21:00:48] [IO-Worker-3/WARN] (Minecraft) Chunk has both internal and external streams
[21:00:48] [IO-Worker-3/ERROR] (Minecraft) External chunk path /Users/magje/code/mods/jade-modded-entities/fabric/runs/client/saves/New World/region/c.17.-7.mcc is not file
[21:00:48] [IO-Worker-4/WARN] (Minecraft) Chunk has both internal and external streams
[21:00:48] [IO-Worker-4/ERROR] (Minecraft) External chunk path /Users/magje/code/mods/jade-modded-entities/fabric/runs/client/saves/New World/region/c.17.-6.mcc is not file
[21:00:48] [IO-Worker-3/ERROR] (Minecraft) Chunk [17, -5] stream is truncated: expected 1856665214 but read 8187
[21:00:48] [IO-Worker-4/ERROR] (Minecraft) Declared size -1788073446 of chunk [17, -4] is negative
[21:00:48] [IO-Worker-3/ERROR] (Minecraft) Chunk [17, -3] stream is truncated: expected 1998341576 but read 8187
[21:00:48] [IO-Worker-4/ERROR] (Minecraft) Declared size -935587127 of chunk [17, -2] is negative
[21:00:48] [IO-Worker-3/ERROR] (Minecraft) Chunk [17, -1] stream is truncated: expected 393740239 but read 12283
[21:00:48] [IO-Worker-4/ERROR] (Minecraft) Declared size -1729494905 of chunk [17, 0] is negative
[21:00:48] [IO-Worker-3/ERROR] (Minecraft) Chunk [17, 1] stream is truncated: expected 714590495 but read 8187
[21:00:48] [IO-Worker-4/WARN] (Minecraft) Chunk has both internal and external streams
[21:00:48] [IO-Worker-4/ERROR] (Minecraft) External chunk path /Users/magje/code/mods/jade-modded-entities/fabric/runs/client/saves/New World/region/c.17.2.mcc is not file
[21:00:48] [IO-Worker-3/WARN] (Minecraft) Chunk has both internal and external streams
[21:00:48] [IO-Worker-3/ERROR] (Minecraft) External chunk path /Users/magje/code/mods/jade-modded-entities/fabric/runs/client/saves/New World/region/c.17.3.mcc is not file
[21:00:48] [IO-Worker-4/WARN] (Minecraft) Chunk has both internal and external streams
[21:00:48] [IO-Worker-4/ERROR] (Minecraft) External chunk path /Users/magje/code/mods/jade-modded-entities/fabric/runs/client/saves/New World/region/c.17.4.mcc is not file
[21:00:48] [IO-Worker-3/WARN] (Minecraft) Chunk has both internal and external streams
[21:00:48] [IO-Worker-3/ERROR] (Minecraft) External chunk path /Users/magje/code/mods/jade-modded-entities/fabric/runs/client/saves/New World/region/c.17.5.mcc is not file
[21:00:48] [IO-Worker-2/WARN] (Minecraft) Chunk has both internal and external streams
[21:00:48] [IO-Worker-2/ERROR] (Minecraft) External chunk path /Users/magje/code/mods/jade-modded-entities/fabric/runs/client/saves/New World/region/c.17.6.mcc is not file
[21:00:48] [IO-Worker-3/ERROR] (Minecraft) Chunk [17, 7] stream is truncated: expected 1753849984 but read 12283
[21:00:48] [IO-Worker-2/WARN] (Minecraft) Chunk has both internal and external streams
[21:00:48] [IO-Worker-2/ERROR] (Minecraft) External chunk path /Users/magje/code/mods/jade-modded-entities/fabric/runs/client/saves/New World/region/c.17.8.mcc is not file
[21:00:48] [IO-Worker-3/ERROR] (Minecraft) Chunk [17, 9] stream is truncated: expected 809395865 but read 12283
[21:00:48] [IO-Worker-4/WARN] (Minecraft) Chunk has both internal and external streams
[21:00:48] [IO-Worker-4/ERROR] (Minecraft) External chunk path /Users/magje/code/mods/jade-modded-entities/fabric/runs/client/saves/New World/region/c.17.10.mcc is not file
[21:00:48] [IO-Worker-3/ERROR] (Minecraft) Chunk [17, 11] stream is truncated: expected 1196478877 but read 12283
[21:00:48] [IO-Worker-4/WARN] (Minecraft) Chunk has both internal and external streams
[21:00:48] [IO-Worker-4/ERROR] (Minecraft) External chunk path /Users/magje/code/mods/jade-modded-entities/fabric/runs/client/saves/New World/region/c.17.12.mcc is not file
[21:00:48] [IO-Worker-3/ERROR] (Minecraft) Chunk [17, -13] stream is truncated: expected 440919726 but read 8187
[21:00:48] [IO-Worker-4/WARN] (Minecraft) Chunk has both internal and external streams
[21:00:48] [IO-Worker-4/ERROR] (Minecraft) External chunk path /Users/magje/code/mods/jade-modded-entities/fabric/runs/client/saves/New World/region/c.17.-14.mcc is not file
[21:00:48] [IO-Worker-3/WARN] (Minecraft) Chunk has both internal and external streams
[21:00:48] [IO-Worker-3/ERROR] (Minecraft) External chunk path /Users/magje/code/mods/jade-modded-entities/fabric/runs/client/saves/New World/region/c.-11.-15.mcc is not file
[21:00:48] [IO-Worker-2/ERROR] (Minecraft) Chunk [-10, -15] stream is truncated: expected 390050874 but read 8187
[21:00:48] [IO-Worker-4/ERROR] (Minecraft) Declared size -1837980463 of chunk [-9, -15] is negative
[21:00:48] [IO-Worker-2/ERROR] (Minecraft) Declared size -1513532810 of chunk [-8, -15] is negative
[21:00:48] [IO-Worker-4/ERROR] (Minecraft) Declared size -1129972072 of chunk [-7, -15] is negative
[21:00:48] [IO-Worker-2/ERROR] (Minecraft) Chunk [-6, -15] stream is truncated: expected 686723731 but read 8187
[21:00:48] [IO-Worker-1/WARN] (Minecraft) Chunk has both internal and external streams
[21:00:48] [IO-Worker-1/ERROR] (Minecraft) External chunk path /Users/magje/code/mods/jade-modded-entities/fabric/runs/client/saves/New World/region/c.-5.-15.mcc is not file
[21:00:48] [IO-Worker-2/WARN] (Minecraft) Chunk has both internal and external streams
[21:00:48] [IO-Worker-2/ERROR] (Minecraft) External chunk path /Users/magje/code/mods/jade-modded-entities/fabric/runs/client/saves/New World/region/c.-4.-15.mcc is not file
[21:00:48] [IO-Worker-3/ERROR] (Minecraft) Declared size -57529246 of chunk [-3, -15] is negative
[21:00:48] [IO-Worker-1/ERROR] (Minecraft) Chunk [-2, -15] stream is truncated: expected 1456693994 but read 8187
[21:00:48] [IO-Worker-4/WARN] (Minecraft) Chunk has both internal and external streams
[21:00:48] [IO-Worker-4/ERROR] (Minecraft) External chunk path /Users/magje/code/mods/jade-modded-entities/fabric/runs/client/saves/New World/region/c.-1.-15.mcc is not file
[21:00:48] [IO-Worker-2/ERROR] (Minecraft) Declared size -891894382 of chunk [0, -15] is negative
[21:00:48] [IO-Worker-4/ERROR] (Minecraft) Chunk [1, -15] stream is truncated: expected 1144736050 but read 8187
[21:00:48] [IO-Worker-2/WARN] (Minecraft) Chunk has both internal and external streams
[21:00:48] [IO-Worker-2/ERROR] (Minecraft) External chunk path /Users/magje/code/mods/jade-modded-entities/fabric/runs/client/saves/New World/region/c.2.-15.mcc is not file
[21:00:48] [IO-Worker-1/ERROR] (Minecraft) Declared size -653726637 of chunk [3, -15] is negative
[21:00:48] [IO-Worker-2/ERROR] (Minecraft) Declared size -1257770910 of chunk [4, -15] is negative
[21:00:48] [IO-Worker-1/ERROR] (Minecraft) Declared size -469479778 of chunk [5, -15] is negative
[21:00:48] [IO-Worker-4/ERROR] (Minecraft) Declared size -1169754167 of chunk [6, -15] is negative
[21:00:48] [IO-Worker-1/ERROR] (Minecraft) Declared size -2004802521 of chunk [7, -15] is negative
[21:00:48] [IO-Worker-4/WARN] (Minecraft) Chunk has both internal and external streams
[21:00:48] [IO-Worker-4/ERROR] (Minecraft) External chunk path /Users/magje/code/mods/jade-modded-entities/fabric/runs/client/saves/New World/region/c.8.-15.mcc is not file
[21:00:48] [IO-Worker-1/WARN] (Minecraft) Chunk has both internal and external streams
[21:00:48] [IO-Worker-1/ERROR] (Minecraft) External chunk path /Users/magje/code/mods/jade-modded-entities/fabric/runs/client/saves/New World/region/c.9.-15.mcc is not file
[21:00:48] [IO-Worker-4/ERROR] (Minecraft) Declared size -1121261547 of chunk [10, -15] is negative
[21:00:48] [IO-Worker-2/ERROR] (Minecraft) Chunk [11, -15] stream is truncated: expected 617675579 but read 12283
[21:00:48] [IO-Worker-4/WARN] (Minecraft) Chunk has both internal and external streams
[21:00:48] [IO-Worker-4/ERROR] (Minecraft) External chunk path /Users/magje/code/mods/jade-modded-entities/fabric/runs/client/saves/New World/region/c.12.-15.mcc is not file
[21:00:48] [IO-Worker-2/WARN] (Minecraft) Chunk has both internal and external streams
[21:00:48] [IO-Worker-2/ERROR] (Minecraft) External chunk path /Users/magje/code/mods/jade-modded-entities/fabric/runs/client/saves/New World/region/c.13.-15.mcc is not file
[21:00:48] [IO-Worker-4/WARN] (Minecraft) Chunk has both internal and external streams
[21:00:48] [IO-Worker-4/ERROR] (Minecraft) External chunk path /Users/magje/code/mods/jade-modded-entities/fabric/runs/client/saves/New World/region/c.-12.-15.mcc is not file
[21:00:48] [IO-Worker-2/WARN] (Minecraft) Chunk has both internal and external streams
[21:00:48] [IO-Worker-2/ERROR] (Minecraft) External chunk path /Users/magje/code/mods/jade-modded-entities/fabric/runs/client/saves/New World/region/c.14.-15.mcc is not file
[21:00:48] [Render thread/INFO] (Minecraft) Resizing Chunk Sections UBO, capacity limit of 4 reached during a single frame. New capacity will be 8.
[21:00:48] [IO-Worker-4/ERROR] (Minecraft) Chunk [15, -15] stream is truncated: expected 1571323274 but read 8187
[21:00:48] [IO-Worker-1/ERROR] (Minecraft) Chunk [16, -15] stream is truncated: expected 1432813396 but read 8187
[21:00:48] [IO-Worker-4/WARN] (Minecraft) Chunk has both internal and external streams
[21:00:48] [IO-Worker-4/ERROR] (Minecraft) External chunk path /Users/magje/code/mods/jade-modded-entities/fabric/runs/client/saves/New World/region/c.17.-15.mcc is not file
[21:00:49] [Render thread/INFO] (Minecraft) Resizing Chunk Sections UBO, capacity limit of 8 reached during a single frame. New capacity will be 16.
[21:00:49] [Render thread/INFO] (Minecraft) Resizing Dynamic Transforms UBO, capacity limit of 8 reached during a single frame. New capacity will be 16.
[21:00:49] [IO-Worker-4/WARN] (Minecraft) Chunk has both internal and external streams
[21:00:49] [IO-Worker-4/ERROR] (Minecraft) External chunk path /Users/magje/code/mods/jade-modded-entities/fabric/runs/client/saves/New World/region/c.17.13.mcc is not file
[21:00:49] [IO-Worker-2/WARN] (Minecraft) Chunk has both internal and external streams
[21:00:49] [IO-Worker-2/ERROR] (Minecraft) External chunk path /Users/magje/code/mods/jade-modded-entities/fabric/runs/client/saves/New World/region/c.17.14.mcc is not file
[21:00:49] [IO-Worker-2/ERROR] (Minecraft) Chunk [-9, 15] stream is truncated: expected 1565908284 but read 8187
[21:00:49] [IO-Worker-3/ERROR] (Minecraft) Declared size -564470456 of chunk [-8, 15] is negative
[21:00:49] [IO-Worker-1/ERROR] (Minecraft) Chunk [-7, 15] stream is truncated: expected 1348535839 but read 12283
[21:00:49] [IO-Worker-3/WARN] (Minecraft) Chunk has both internal and external streams
[21:00:49] [IO-Worker-3/ERROR] (Minecraft) External chunk path /Users/magje/code/mods/jade-modded-entities/fabric/runs/client/saves/New World/region/c.-6.15.mcc is not file
[21:00:49] [IO-Worker-4/WARN] (Minecraft) Chunk has both internal and external streams
[21:00:49] [IO-Worker-4/ERROR] (Minecraft) External chunk path /Users/magje/code/mods/jade-modded-entities/fabric/runs/client/saves/New World/region/c.-5.15.mcc is not file
[21:00:49] [IO-Worker-3/WARN] (Minecraft) Chunk has both internal and external streams
[21:00:49] [IO-Worker-3/ERROR] (Minecraft) External chunk path /Users/magje/code/mods/jade-modded-entities/fabric/runs/client/saves/New World/region/c.-4.15.mcc is not file
[21:00:49] [IO-Worker-4/ERROR] (Minecraft) Chunk [-3, 15] stream is truncated: expected 1467339735 but read 12283
[21:00:49] [IO-Worker-1/ERROR] (Minecraft) Declared size -291924647 of chunk [-2, 15] is negative
[21:00:49] [IO-Worker-2/ERROR] (Minecraft) Declared size -1858849825 of chunk [-1, 15] is negative
[21:00:49] [IO-Worker-1/WARN] (Minecraft) Chunk has both internal and external streams
[21:00:49] [IO-Worker-1/ERROR] (Minecraft) External chunk path /Users/magje/code/mods/jade-modded-entities/fabric/runs/client/saves/New World/region/c.0.15.mcc is not file
[21:00:49] [IO-Worker-4/WARN] (Minecraft) Chunk has both internal and external streams
[21:00:49] [IO-Worker-4/ERROR] (Minecraft) External chunk path /Users/magje/code/mods/jade-modded-entities/fabric/runs/client/saves/New World/region/c.1.15.mcc is not file
[21:00:49] [IO-Worker-3/WARN] (Minecraft) Chunk has both internal and external streams
[21:00:49] [IO-Worker-3/ERROR] (Minecraft) External chunk path /Users/magje/code/mods/jade-modded-entities/fabric/runs/client/saves/New World/region/c.2.15.mcc is not file
[21:00:49] [IO-Worker-4/ERROR] (Minecraft) Declared size -1981646835 of chunk [3, 15] is negative
[21:00:49] [IO-Worker-3/ERROR] (Minecraft) Declared size -2123537013 of chunk [4, 15] is negative
[21:00:49] [IO-Worker-4/ERROR] (Minecraft) Chunk [5, 15] stream is truncated: expected 732783490 but read 8187
[21:00:49] [IO-Worker-2/WARN] (Minecraft) Chunk has both internal and external streams
[21:00:49] [IO-Worker-2/ERROR] (Minecraft) External chunk path /Users/magje/code/mods/jade-modded-entities/fabric/runs/client/saves/New World/region/c.6.15.mcc is not file
[21:00:49] [IO-Worker-4/WARN] (Minecraft) Chunk has both internal and external streams
[21:00:49] [IO-Worker-4/ERROR] (Minecraft) External chunk path /Users/magje/code/mods/jade-modded-entities/fabric/runs/client/saves/New World/region/c.7.15.mcc is not file
[21:00:49] [IO-Worker-2/ERROR] (Minecraft) Declared size -1559344267 of chunk [8, 15] is negative
[21:00:49] [IO-Worker-4/ERROR] (Minecraft) Chunk [9, 15] stream is truncated: expected 1930707570 but read 8187
[21:00:49] [IO-Worker-2/ERROR] (Minecraft) Chunk [10, 15] stream is truncated: expected 153101341 but read 12283
[21:00:49] [IO-Worker-4/WARN] (Minecraft) Chunk has both internal and external streams
[21:00:49] [IO-Worker-4/ERROR] (Minecraft) External chunk path /Users/magje/code/mods/jade-modded-entities/fabric/runs/client/saves/New World/region/c.11.15.mcc is not file
[21:00:49] [IO-Worker-2/WARN] (Minecraft) Chunk has both internal and external streams
[21:00:49] [IO-Worker-2/ERROR] (Minecraft) External chunk path /Users/magje/code/mods/jade-modded-entities/fabric/runs/client/saves/New World/region/c.12.15.mcc is not file
[21:00:49] [IO-Worker-4/ERROR] (Minecraft) Chunk [13, 15] stream is truncated: expected 1517132547 but read 12283
[21:00:49] [IO-Worker-2/ERROR] (Minecraft) Declared size -986172752 of chunk [14, 15] is negative
[21:00:49] [IO-Worker-4/WARN] (Minecraft) Chunk has both internal and external streams
[21:00:49] [IO-Worker-4/ERROR] (Minecraft) External chunk path /Users/magje/code/mods/jade-modded-entities/fabric/runs/client/saves/New World/region/c.15.15.mcc is not file
[21:00:49] [IO-Worker-2/WARN] (Minecraft) Chunk has both internal and external streams
[21:00:49] [IO-Worker-2/ERROR] (Minecraft) External chunk path /Users/magje/code/mods/jade-modded-entities/fabric/runs/client/saves/New World/region/c.-11.15.mcc is not file
[21:00:49] [IO-Worker-4/ERROR] (Minecraft) Declared size -1091856351 of chunk [-10, 15] is negative
[21:00:49] [IO-Worker-2/WARN] (Minecraft) Chunk has both internal and external streams
[21:00:49] [IO-Worker-2/ERROR] (Minecraft) External chunk path /Users/magje/code/mods/jade-modded-entities/fabric/runs/client/saves/New World/region/c.16.15.mcc is not file
[21:00:49] [IO-Worker-4/ERROR] (Minecraft) Chunk [-12, 15] stream is truncated: expected 1432171794 but read 12283
[21:00:49] [IO-Worker-4/WARN] (Minecraft) Chunk has both internal and external streams
[21:00:49] [IO-Worker-4/ERROR] (Minecraft) External chunk path /Users/magje/code/mods/jade-modded-entities/fabric/runs/client/saves/New World/region/c.-13.14.mcc is not file
[21:00:49] [IO-Worker-1/WARN] (Minecraft) Chunk has both internal and external streams
[21:00:49] [IO-Worker-1/ERROR] (Minecraft) External chunk path /Users/magje/code/mods/jade-modded-entities/fabric/runs/client/saves/New World/region/c.-13.15.mcc is not file
[21:00:49] [IO-Worker-4/WARN] (Minecraft) Chunk has both internal and external streams
[21:00:49] [IO-Worker-4/ERROR] (Minecraft) External chunk path /Users/magje/code/mods/jade-modded-entities/fabric/runs/client/saves/New World/region/c.-13.-14.mcc is not file
[21:00:49] [IO-Worker-2/ERROR] (Minecraft) Chunk [17, 15] stream is truncated: expected 2060850571 but read 8187
[21:00:49] [Render thread/INFO] (Minecraft) Resizing Chunk Sections UBO, capacity limit of 16 reached during a single frame. New capacity will be 32.
[21:00:49] [IO-Worker-2/ERROR] (Minecraft) Declared size -1848293413 of chunk [18, -10] is negative
[21:00:49] [IO-Worker-1/ERROR] (Minecraft) Chunk [18, -9] stream is truncated: expected 1431742764 but read 8187
[21:00:49] [IO-Worker-4/ERROR] (Minecraft) Declared size -1304414403 of chunk [18, -8] is negative
[21:00:49] [IO-Worker-1/ERROR] (Minecraft) Chunk [18, -7] stream is truncated: expected 2043440666 but read 8187
[21:00:49] [IO-Worker-3/WARN] (Minecraft) Chunk has both internal and external streams
[21:00:49] [IO-Worker-3/ERROR] (Minecraft) External chunk path /Users/magje/code/mods/jade-modded-entities/fabric/runs/client/saves/New World/region/c.18.-6.mcc is not file
[21:00:49] [IO-Worker-2/ERROR] (Minecraft) Chunk [18, -5] stream is truncated: expected 1640451832 but read 8187
[21:00:49] [IO-Worker-4/ERROR] (Minecraft) Declared size -1864832288 of chunk [18, -4] is negative
[21:00:49] [IO-Worker-2/WARN] (Minecraft) Chunk has both internal and external streams
[21:00:49] [IO-Worker-2/ERROR] (Minecraft) External chunk path /Users/magje/code/mods/jade-modded-entities/fabric/runs/client/saves/New World/region/c.18.-3.mcc is not file
[21:00:49] [IO-Worker-4/WARN] (Minecraft) Chunk has both internal and external streams
[21:00:49] [IO-Worker-4/ERROR] (Minecraft) External chunk path /Users/magje/code/mods/jade-modded-entities/fabric/runs/client/saves/New World/region/c.18.-2.mcc is not file
[21:00:49] [IO-Worker-2/WARN] (Minecraft) Chunk has both internal and external streams
[21:00:49] [IO-Worker-2/ERROR] (Minecraft) External chunk path /Users/magje/code/mods/jade-modded-entities/fabric/runs/client/saves/New World/region/c.18.-1.mcc is not file
[21:00:49] [IO-Worker-3/ERROR] (Minecraft) Chunk [18, 0] stream is truncated: expected 1150145216 but read 8187
[21:00:49] [IO-Worker-1/WARN] (Minecraft) Chunk has both internal and external streams
[21:00:49] [IO-Worker-1/ERROR] (Minecraft) External chunk path /Users/magje/code/mods/jade-modded-entities/fabric/runs/client/saves/New World/region/c.18.1.mcc is not file
[21:00:49] [IO-Worker-4/ERROR] (Minecraft) Declared size -259765523 of chunk [18, 2] is negative
[21:00:49] [IO-Worker-3/ERROR] (Minecraft) Chunk [18, 3] stream is truncated: expected 411658163 but read 4091
[21:00:49] [IO-Worker-1/WARN] (Minecraft) Chunk has both internal and external streams
[21:00:49] [IO-Worker-1/ERROR] (Minecraft) External chunk path /Users/magje/code/mods/jade-modded-entities/fabric/runs/client/saves/New World/region/c.18.4.mcc is not file
[21:00:49] [IO-Worker-4/WARN] (Minecraft) Chunk has both internal and external streams
[21:00:49] [IO-Worker-4/ERROR] (Minecraft) External chunk path /Users/magje/code/mods/jade-modded-entities/fabric/runs/client/saves/New World/region/c.18.5.mcc is not file
[21:00:49] [IO-Worker-3/WARN] (Minecraft) Chunk has both internal and external streams
[21:00:49] [IO-Worker-3/ERROR] (Minecraft) External chunk path /Users/magje/code/mods/jade-modded-entities/fabric/runs/client/saves/New World/region/c.18.6.mcc is not file
[21:00:49] [IO-Worker-4/WARN] (Minecraft) Chunk has both internal and external streams
[21:00:49] [IO-Worker-4/ERROR] (Minecraft) External chunk path /Users/magje/code/mods/jade-modded-entities/fabric/runs/client/saves/New World/region/c.18.7.mcc is not file
[21:00:49] [IO-Worker-3/WARN] (Minecraft) Chunk has both internal and external streams
[21:00:49] [IO-Worker-3/ERROR] (Minecraft) External chunk path /Users/magje/code/mods/jade-modded-entities/fabric/runs/client/saves/New World/region/c.18.8.mcc is not file
[21:00:49] [IO-Worker-4/ERROR] (Minecraft) Chunk [18, 9] stream is truncated: expected 1121105136 but read 4091
[21:00:49] [IO-Worker-3/ERROR] (Minecraft) Chunk [18, 10] stream is truncated: expected 1125748692 but read 4091
[21:00:49] [IO-Worker-4/ERROR] (Minecraft) Chunk [18, 11] stream is truncated: expected 2054619827 but read 8187
[21:00:49] [IO-Worker-3/WARN] (Minecraft) Chunk has both internal and external streams
[21:00:49] [IO-Worker-3/ERROR] (Minecraft) External chunk path /Users/magje/code/mods/jade-modded-entities/fabric/runs/client/saves/New World/region/c.18.12.mcc is not file
[21:00:49] [IO-Worker-4/WARN] (Minecraft) Chunk has both internal and external streams
[21:00:49] [IO-Worker-4/ERROR] (Minecraft) External chunk path /Users/magje/code/mods/jade-modded-entities/fabric/runs/client/saves/New World/region/c.18.13.mcc is not file
[21:00:49] [IO-Worker-3/ERROR] (Minecraft) Chunk [18, 14] stream is truncated: expected 1432733544 but read 4091
[21:00:49] [IO-Worker-4/WARN] (Minecraft) Chunk has both internal and external streams
[21:00:49] [IO-Worker-4/ERROR] (Minecraft) External chunk path /Users/magje/code/mods/jade-modded-entities/fabric/runs/client/saves/New World/region/c.18.-11.mcc is not file
[21:00:49] [IO-Worker-3/WARN] (Minecraft) Chunk has both internal and external streams
[21:00:49] [IO-Worker-3/ERROR] (Minecraft) External chunk path /Users/magje/code/mods/jade-modded-entities/fabric/runs/client/saves/New World/region/c.18.15.mcc is not file
[21:00:49] [IO-Worker-4/ERROR] (Minecraft) Chunk [-14, -12] stream is truncated: expected 659790120 but read 8187
[21:00:49] [IO-Worker-3/WARN] (Minecraft) Chunk has both internal and external streams
[21:00:49] [IO-Worker-3/ERROR] (Minecraft) External chunk path /Users/magje/code/mods/jade-modded-entities/fabric/runs/client/saves/New World/region/c.-14.-11.mcc is not file
[21:00:49] [IO-Worker-1/ERROR] (Minecraft) Chunk [-14, -10] stream is truncated: expected 916597840 but read 8187
[21:00:49] [IO-Worker-4/ERROR] (Minecraft) Declared size -1322220522 of chunk [-14, -9] is negative
[21:00:49] [IO-Worker-1/WARN] (Minecraft) Chunk has both internal and external streams
[21:00:49] [IO-Worker-1/ERROR] (Minecraft) External chunk path /Users/magje/code/mods/jade-modded-entities/fabric/runs/client/saves/New World/region/c.-14.-8.mcc is not file
[21:00:49] [IO-Worker-2/WARN] (Minecraft) Chunk has both internal and external streams
[21:00:49] [IO-Worker-2/ERROR] (Minecraft) External chunk path /Users/magje/code/mods/jade-modded-entities/fabric/runs/client/saves/New World/region/c.-14.-7.mcc is not file
[21:00:49] [IO-Worker-3/WARN] (Minecraft) Chunk has both internal and external streams
[21:00:49] [IO-Worker-3/ERROR] (Minecraft) External chunk path /Users/magje/code/mods/jade-modded-entities/fabric/runs/client/saves/New World/region/c.-14.-6.mcc is not file
[21:00:49] [IO-Worker-4/WARN] (Minecraft) Chunk has both internal and external streams
[21:00:49] [IO-Worker-4/ERROR] (Minecraft) External chunk path /Users/magje/code/mods/jade-modded-entities/fabric/runs/client/saves/New World/region/c.-14.-5.mcc is not file
[21:00:49] [IO-Worker-3/ERROR] (Minecraft) Declared size -1570762770 of chunk [-14, -4] is negative
[21:00:49] [IO-Worker-4/ERROR] (Minecraft) Declared size -1331092348 of chunk [-14, -3] is negative
[21:00:49] [IO-Worker-3/ERROR] (Minecraft) Chunk [-14, -2] stream is truncated: expected 2078258098 but read 8187
[21:00:49] [IO-Worker-2/WARN] (Minecraft) Chunk has both internal and external streams
[21:00:49] [IO-Worker-2/ERROR] (Minecraft) External chunk path /Users/magje/code/mods/jade-modded-entities/fabric/runs/client/saves/New World/region/c.-14.-1.mcc is not file
[21:00:49] [IO-Worker-1/ERROR] (Minecraft) Declared size -679760960 of chunk [-14, 0] is negative
[21:00:49] [IO-Worker-3/ERROR] (Minecraft) Declared size -1356198556 of chunk [-14, 1] is negative
[21:00:49] [IO-Worker-1/WARN] (Minecraft) Chunk has both internal and external streams
[21:00:49] [IO-Worker-1/ERROR] (Minecraft) External chunk path /Users/magje/code/mods/jade-modded-entities/fabric/runs/client/saves/New World/region/c.-14.2.mcc is not file
[21:00:49] [IO-Worker-3/WARN] (Minecraft) Chunk has both internal and external streams
[21:00:49] [IO-Worker-3/ERROR] (Minecraft) External chunk path /Users/magje/code/mods/jade-modded-entities/fabric/runs/client/saves/New World/region/c.-14.3.mcc is not file
[21:00:49] [IO-Worker-1/ERROR] (Minecraft) Declared size -296821347 of chunk [-14, 4] is negative
[21:00:49] [IO-Worker-3/ERROR] (Minecraft) Declared size -1183319363 of chunk [-14, 5] is negative
[21:00:49] [IO-Worker-1/WARN] (Minecraft) Chunk has both internal and external streams
[21:00:49] [IO-Worker-1/ERROR] (Minecraft) External chunk path /Users/magje/code/mods/jade-modded-entities/fabric/runs/client/saves/New World/region/c.-14.6.mcc is not file
[21:00:49] [IO-Worker-3/WARN] (Minecraft) Chunk has both internal and external streams
[21:00:49] [IO-Worker-3/ERROR] (Minecraft) External chunk path /Users/magje/code/mods/jade-modded-entities/fabric/runs/client/saves/New World/region/c.-14.7.mcc is not file
[21:00:49] [IO-Worker-1/ERROR] (Minecraft) Declared size -360022737 of chunk [-14, 8] is negative
[21:00:49] [IO-Worker-3/ERROR] (Minecraft) Declared size -739297262 of chunk [-14, 9] is negative
[21:00:49] [IO-Worker-1/WARN] (Minecraft) Chunk has both internal and external streams
[21:00:49] [IO-Worker-1/ERROR] (Minecraft) External chunk path /Users/magje/code/mods/jade-modded-entities/fabric/runs/client/saves/New World/region/c.-14.10.mcc is not file
[21:00:49] [IO-Worker-3/WARN] (Minecraft) Chunk has both internal and external streams
[21:00:49] [IO-Worker-3/ERROR] (Minecraft) External chunk path /Users/magje/code/mods/jade-modded-entities/fabric/runs/client/saves/New World/region/c.-14.11.mcc is not file
[21:00:49] [IO-Worker-1/ERROR] (Minecraft) Chunk [-14, 12] stream is truncated: expected 1945867510 but read 12283
[21:00:49] [IO-Worker-3/WARN] (Minecraft) Chunk has both internal and external streams
[21:00:49] [IO-Worker-3/ERROR] (Minecraft) External chunk path /Users/magje/code/mods/jade-modded-entities/fabric/runs/client/saves/New World/region/c.-14.13.mcc is not file
[21:00:49] [IO-Worker-1/ERROR] (Minecraft) Declared size -1713526481 of chunk [-14, 14] is negative
[21:00:49] [IO-Worker-3/ERROR] (Minecraft) Declared size -1654723060 of chunk [-11, 16] is negative
[21:00:49] [IO-Worker-1/ERROR] (Minecraft) Declared size -583121937 of chunk [-10, 16] is negative
[21:00:49] [IO-Worker-3/ERROR] (Minecraft) Declared size -363506225 of chunk [-9, 16] is negative
[21:00:49] [IO-Worker-1/WARN] (Minecraft) Chunk has both internal and external streams
[21:00:49] [IO-Worker-1/ERROR] (Minecraft) External chunk path /Users/magje/code/mods/jade-modded-entities/fabric/runs/client/saves/New World/region/c.-8.16.mcc is not file
[21:00:49] [IO-Worker-3/ERROR] (Minecraft) Chunk [-7, 16] stream is truncated: expected 875222856 but read 8187
[21:00:49] [IO-Worker-1/WARN] (Minecraft) Chunk has both internal and external streams
[21:00:49] [IO-Worker-1/ERROR] (Minecraft) External chunk path /Users/magje/code/mods/jade-modded-entities/fabric/runs/client/saves/New World/region/c.-6.16.mcc is not file
[21:00:49] [IO-Worker-3/WARN] (Minecraft) Chunk has both internal and external streams
[21:00:49] [IO-Worker-3/ERROR] (Minecraft) External chunk path /Users/magje/code/mods/jade-modded-entities/fabric/runs/client/saves/New World/region/c.-5.16.mcc is not file
[21:00:49] [IO-Worker-1/ERROR] (Minecraft) Declared size -1615235095 of chunk [-4, 16] is negative
[21:00:49] [IO-Worker-3/ERROR] (Minecraft) Declared size -569611023 of chunk [-3, 16] is negative
[21:00:49] [IO-Worker-1/WARN] (Minecraft) Chunk has both internal and external streams
[21:00:49] [IO-Worker-1/ERROR] (Minecraft) External chunk path /Users/magje/code/mods/jade-modded-entities/fabric/runs/client/saves/New World/region/c.-2.16.mcc is not file
[21:00:49] [IO-Worker-3/WARN] (Minecraft) Chunk has both internal and external streams
[21:00:49] [IO-Worker-3/ERROR] (Minecraft) External chunk path /Users/magje/code/mods/jade-modded-entities/fabric/runs/client/saves/New World/region/c.-1.16.mcc is not file
[21:00:49] [IO-Worker-1/ERROR] (Minecraft) Declared size -1729823742 of chunk [0, 16] is negative
[21:00:49] [IO-Worker-3/WARN] (Minecraft) Chunk has both internal and external streams
[21:00:49] [IO-Worker-3/ERROR] (Minecraft) External chunk path /Users/magje/code/mods/jade-modded-entities/fabric/runs/client/saves/New World/region/c.1.16.mcc is not file
[21:00:49] [IO-Worker-1/ERROR] (Minecraft) Chunk [2, 16] stream is truncated: expected 1683174033 but read 8187
[21:00:49] [IO-Worker-3/WARN] (Minecraft) Chunk has both internal and external streams
[21:00:49] [IO-Worker-3/ERROR] (Minecraft) External chunk path /Users/magje/code/mods/jade-modded-entities/fabric/runs/client/saves/New World/region/c.3.16.mcc is not file
[21:00:49] [IO-Worker-1/ERROR] (Minecraft) Chunk [4, 16] stream is truncated: expected 174086197 but read 4091
[21:00:49] [IO-Worker-3/ERROR] (Minecraft) Declared size -1669034959 of chunk [5, 16] is negative
[21:00:49] [IO-Worker-1/ERROR] (Minecraft) Chunk [6, 16] stream is truncated: expected 298440451 but read 4091
[21:00:49] [IO-Worker-3/WARN] (Minecraft) Chunk has both internal and external streams
[21:00:49] [IO-Worker-3/ERROR] (Minecraft) External chunk path /Users/magje/code/mods/jade-modded-entities/fabric/runs/client/saves/New World/region/c.7.16.mcc is not file
[21:00:49] [IO-Worker-1/ERROR] (Minecraft) Chunk [8, 16] stream is truncated: expected 580397716 but read 4091
[21:00:49] [IO-Worker-3/ERROR] (Minecraft) Chunk [9, 16] stream is truncated: expected 1213341102 but read 4091
[21:00:49] [IO-Worker-1/WARN] (Minecraft) Chunk has both internal and external streams
[21:00:49] [IO-Worker-1/ERROR] (Minecraft) External chunk path /Users/magje/code/mods/jade-modded-entities/fabric/runs/client/saves/New World/region/c.10.16.mcc is not file
[21:00:49] [IO-Worker-3/WARN] (Minecraft) Chunk has both internal and external streams
[21:00:49] [IO-Worker-3/ERROR] (Minecraft) External chunk path /Users/magje/code/mods/jade-modded-entities/fabric/runs/client/saves/New World/region/c.11.16.mcc is not file
[21:00:49] [IO-Worker-1/ERROR] (Minecraft) Chunk [12, 16] stream is truncated: expected 899262515 but read 8187
[21:00:49] [IO-Worker-3/WARN] (Minecraft) Chunk has both internal and external streams
[21:00:49] [IO-Worker-3/ERROR] (Minecraft) External chunk path /Users/magje/code/mods/jade-modded-entities/fabric/runs/client/saves/New World/region/c.13.16.mcc is not file
[21:00:49] [IO-Worker-1/ERROR] (Minecraft) Chunk [14, 16] stream is truncated: expected 1624495244 but read 8187
[21:00:49] [IO-Worker-3/WARN] (Minecraft) Chunk has both internal and external streams
[21:00:49] [IO-Worker-3/ERROR] (Minecraft) External chunk path /Users/magje/code/mods/jade-modded-entities/fabric/runs/client/saves/New World/region/c.15.16.mcc is not file
[21:00:49] [IO-Worker-1/ERROR] (Minecraft) Declared size -1751672841 of chunk [18, -12] is negative
[21:00:50] [IO-Worker-1/ERROR] (Minecraft) Declared size -340101873 of chunk [-12, 16] is negative
[21:00:50] [IO-Worker-4/ERROR] (Minecraft) Declared size -387767129 of chunk [16, 16] is negative
[21:00:50] [IO-Worker-1/WARN] (Minecraft) Chunk has both internal and external streams
[21:00:50] [IO-Worker-1/ERROR] (Minecraft) External chunk path /Users/magje/code/mods/jade-modded-entities/fabric/runs/client/saves/New World/region/c.17.16.mcc is not file
[21:00:50] [IO-Worker-4/ERROR] (Minecraft) Chunk [18, 16] stream is truncated: expected 543545749 but read 8187
[21:00:50] [IO-Worker-1/WARN] (Minecraft) Chunk has both internal and external streams
[21:00:50] [IO-Worker-1/ERROR] (Minecraft) External chunk path /Users/magje/code/mods/jade-modded-entities/fabric/runs/client/saves/New World/region/c.-14.-14.mcc is not file
[21:00:50] [IO-Worker-2/ERROR] (Minecraft) Chunk [-14, -13] stream is truncated: expected 1999350161 but read 4091
[21:00:50] [IO-Worker-1/WARN] (Minecraft) Chunk has both internal and external streams
[21:00:50] [IO-Worker-1/ERROR] (Minecraft) External chunk path /Users/magje/code/mods/jade-modded-entities/fabric/runs/client/saves/New World/region/c.-14.-16.mcc is not file
[21:00:50] [IO-Worker-3/ERROR] (Minecraft) Chunk [-14, -15] stream is truncated: expected 1381328246 but read 4091
[21:00:50] [IO-Worker-4/ERROR] (Minecraft) Chunk [-13, -16] stream is truncated: expected 63194512 but read 4091
[21:00:50] [IO-Worker-3/WARN] (Minecraft) Chunk has both internal and external streams
[21:00:50] [IO-Worker-3/ERROR] (Minecraft) External chunk path /Users/magje/code/mods/jade-modded-entities/fabric/runs/client/saves/New World/region/c.-13.-15.mcc is not file
[21:00:50] [IO-Worker-1/ERROR] (Minecraft) Chunk [-12, -16] stream is truncated: expected 1917158872 but read 4091
[21:00:50] [IO-Worker-2/WARN] (Minecraft) Chunk has both internal and external streams
[21:00:50] [IO-Worker-2/ERROR] (Minecraft) External chunk path /Users/magje/code/mods/jade-modded-entities/fabric/runs/client/saves/New World/region/c.-11.-16.mcc is not file
[21:00:50] [IO-Worker-4/ERROR] (Minecraft) Chunk [-10, -16] stream is truncated: expected 1974057003 but read 4091
[21:00:50] [IO-Worker-2/WARN] (Minecraft) Chunk has both internal and external streams
[21:00:50] [IO-Worker-2/ERROR] (Minecraft) External chunk path /Users/magje/code/mods/jade-modded-entities/fabric/runs/client/saves/New World/region/c.-9.-16.mcc is not file
[21:00:50] [IO-Worker-3/WARN] (Minecraft) Chunk has both internal and external streams
[21:00:50] [IO-Worker-3/ERROR] (Minecraft) External chunk path /Users/magje/code/mods/jade-modded-entities/fabric/runs/client/saves/New World/region/c.-8.-16.mcc is not file
[21:00:50] [IO-Worker-4/WARN] (Minecraft) Chunk has both internal and external streams
[21:00:50] [IO-Worker-4/ERROR] (Minecraft) External chunk path /Users/magje/code/mods/jade-modded-entities/fabric/runs/client/saves/New World/region/c.-7.-16.mcc is not file
[21:00:50] [IO-Worker-2/WARN] (Minecraft) Chunk has both internal and external streams
[21:00:50] [IO-Worker-2/ERROR] (Minecraft) External chunk path /Users/magje/code/mods/jade-modded-entities/fabric/runs/client/saves/New World/region/c.-6.-16.mcc is not file
[21:00:50] [IO-Worker-3/ERROR] (Minecraft) Declared size -583283819 of chunk [-5, -16] is negative
[21:00:50] [IO-Worker-2/WARN] (Minecraft) Chunk has both internal and external streams
[21:00:50] [IO-Worker-2/ERROR] (Minecraft) External chunk path /Users/magje/code/mods/jade-modded-entities/fabric/runs/client/saves/New World/region/c.-4.-16.mcc is not file
[21:00:50] [IO-Worker-3/ERROR] (Minecraft) Chunk [-3, -16] stream is truncated: expected 442010004 but read 4091
[21:00:50] [IO-Worker-2/WARN] (Minecraft) Chunk has both internal and external streams
[21:00:50] [IO-Worker-2/ERROR] (Minecraft) External chunk path /Users/magje/code/mods/jade-modded-entities/fabric/runs/client/saves/New World/region/c.-2.-16.mcc is not file
[21:00:50] [IO-Worker-4/ERROR] (Minecraft) Chunk [-1, -16] stream is truncated: expected 1981573957 but read 4091
[21:00:50] [IO-Worker-2/WARN] (Minecraft) Chunk has both internal and external streams
[21:00:50] [IO-Worker-2/ERROR] (Minecraft) External chunk path /Users/magje/code/mods/jade-modded-entities/fabric/runs/client/saves/New World/region/c.0.-16.mcc is not file
[21:00:50] [IO-Worker-4/WARN] (Minecraft) Chunk has both internal and external streams
[21:00:50] [IO-Worker-4/ERROR] (Minecraft) External chunk path /Users/magje/code/mods/jade-modded-entities/fabric/runs/client/saves/New World/region/c.1.-16.mcc is not file
[21:00:50] [IO-Worker-2/WARN] (Minecraft) Chunk has both internal and external streams
[21:00:50] [IO-Worker-2/ERROR] (Minecraft) External chunk path /Users/magje/code/mods/jade-modded-entities/fabric/runs/client/saves/New World/region/c.2.-16.mcc is not file
[21:00:50] [IO-Worker-4/ERROR] (Minecraft) Chunk [3, -16] stream is truncated: expected 1828993480 but read 4091
[21:00:50] [IO-Worker-2/WARN] (Minecraft) Chunk has both internal and external streams
[21:00:50] [IO-Worker-2/ERROR] (Minecraft) External chunk path /Users/magje/code/mods/jade-modded-entities/fabric/runs/client/saves/New World/region/c.4.-16.mcc is not file
[21:00:50] [IO-Worker-4/WARN] (Minecraft) Chunk has both internal and external streams
[21:00:50] [IO-Worker-4/ERROR] (Minecraft) External chunk path /Users/magje/code/mods/jade-modded-entities/fabric/runs/client/saves/New World/region/c.5.-16.mcc is not file
[21:00:50] [IO-Worker-2/WARN] (Minecraft) Chunk has both internal and external streams
[21:00:50] [IO-Worker-2/ERROR] (Minecraft) External chunk path /Users/magje/code/mods/jade-modded-entities/fabric/runs/client/saves/New World/region/c.6.-16.mcc is not file
[21:00:50] [IO-Worker-4/ERROR] (Minecraft) Declared size -91191466 of chunk [7, -16] is negative
[21:00:50] [IO-Worker-2/ERROR] (Minecraft) Declared size -1934345400 of chunk [8, -16] is negative
[21:00:50] [IO-Worker-4/ERROR] (Minecraft) Chunk [9, -16] stream is truncated: expected 682085495 but read 8187
[21:00:50] [IO-Worker-2/ERROR] (Minecraft) Declared size -961674206 of chunk [10, -16] is negative
[21:00:50] [IO-Worker-4/WARN] (Minecraft) Chunk has both internal and external streams
[21:00:50] [IO-Worker-4/ERROR] (Minecraft) External chunk path /Users/magje/code/mods/jade-modded-entities/fabric/runs/client/saves/New World/region/c.11.-16.mcc is not file
[21:00:50] [IO-Worker-3/ERROR] (Minecraft) Declared size -377027886 of chunk [12, -16] is negative
[21:00:50] [IO-Worker-4/WARN] (Minecraft) Chunk has both internal and external streams
[21:00:50] [IO-Worker-4/ERROR] (Minecraft) External chunk path /Users/magje/code/mods/jade-modded-entities/fabric/runs/client/saves/New World/region/c.13.-16.mcc is not file
[21:00:50] [IO-Worker-3/WARN] (Minecraft) Chunk has both internal and external streams
[21:00:50] [IO-Worker-3/ERROR] (Minecraft) External chunk path /Users/magje/code/mods/jade-modded-entities/fabric/runs/client/saves/New World/region/c.14.-16.mcc is not file
[21:00:50] [IO-Worker-4/ERROR] (Minecraft) Declared size -1129158625 of chunk [15, -16] is negative
[21:00:50] [IO-Worker-3/WARN] (Minecraft) Chunk has both internal and external streams
[21:00:50] [IO-Worker-3/ERROR] (Minecraft) External chunk path /Users/magje/code/mods/jade-modded-entities/fabric/runs/client/saves/New World/region/c.16.-16.mcc is not file
[21:00:50] [Render thread/INFO] (Minecraft) Resizing Chunk Sections UBO, capacity limit of 32 reached during a single frame. New capacity will be 64.
[21:00:50] [IO-Worker-2/ERROR] (Minecraft) Chunk [-14, 15] stream is truncated: expected 867939258 but read 12283
[21:00:50] [IO-Worker-5/ERROR] (Minecraft) Chunk [-14, 16] stream is truncated: expected 964546141 but read 12283
[21:00:50] [IO-Worker-2/ERROR] (Minecraft) Declared size -371326627 of chunk [-13, 16] is negative
[21:00:50] [IO-Worker-2/WARN] (Minecraft) Chunk has both internal and external streams
[21:00:50] [IO-Worker-2/ERROR] (Minecraft) External chunk path /Users/magje/code/mods/jade-modded-entities/fabric/runs/client/saves/New World/region/c.18.-13.mcc is not file
[21:00:50] [IO-Worker-3/ERROR] (Minecraft) Declared size -49810796 of chunk [18, -14] is negative
[21:00:50] [IO-Worker-5/ERROR] (Minecraft) Declared size -649443020 of chunk [17, -16] is negative
[21:00:50] [IO-Worker-3/ERROR] (Minecraft) Chunk [18, -16] stream is truncated: expected 1063291772 but read 4091
[21:00:50] [IO-Worker-5/ERROR] (Minecraft) Declared size -1764544856 of chunk [18, -15] is negative
[21:00:50] [Render thread/INFO] (Minecraft) Resizing Chunk Sections UBO, capacity limit of 64 reached during a single frame. New capacity will be 128.
[21:00:50] [IO-Worker-5/ERROR] (Minecraft) Declared size -1829867978 of chunk [-15, -9] is negative
[21:00:50] [IO-Worker-2/ERROR] (Minecraft) Chunk [-15, -8] stream is truncated: expected 1229666803 but read 4091
[21:00:50] [IO-Worker-4/ERROR] (Minecraft) Declared size -1835633952 of chunk [-15, -7] is negative
[21:00:50] [IO-Worker-5/WARN] (Minecraft) Chunk has both internal and external streams
[21:00:50] [IO-Worker-5/ERROR] (Minecraft) External chunk path /Users/magje/code/mods/jade-modded-entities/fabric/runs/client/saves/New World/region/c.-15.-6.mcc is not file
[21:00:50] [IO-Worker-3/ERROR] (Minecraft) Chunk [-15, -5] stream is truncated: expected 2027258661 but read 4091
[21:00:50] [IO-Worker-2/ERROR] (Minecraft) Declared size -1283926653 of chunk [-15, -4] is negative
[21:00:50] [IO-Worker-3/ERROR] (Minecraft) Declared size -880711711 of chunk [-15, -3] is negative
[21:00:50] [IO-Worker-4/ERROR] (Minecraft) Declared size -880711711 of chunk [-15, -2] is negative
[21:00:50] [IO-Worker-3/ERROR] (Minecraft) Chunk [-15, -1] stream is truncated: expected 2014752367 but read 4091
[21:00:50] [IO-Worker-5/ERROR] (Minecraft) Chunk [-15, 0] stream is truncated: expected 1771466283 but read 4091
[21:00:50] [IO-Worker-2/ERROR] (Minecraft) Declared size -532728668 of chunk [-15, 1] is negative
[21:00:50] [IO-Worker-5/ERROR] (Minecraft) Chunk [-15, 2] stream is truncated: expected 1833481075 but read 4091
[21:00:50] [IO-Worker-3/WARN] (Minecraft) Chunk has both internal and external streams
[21:00:50] [IO-Worker-3/ERROR] (Minecraft) External chunk path /Users/magje/code/mods/jade-modded-entities/fabric/runs/client/saves/New World/region/c.-15.3.mcc is not file
[21:00:50] [IO-Worker-2/WARN] (Minecraft) Chunk has both internal and external streams
[21:00:50] [IO-Worker-2/ERROR] (Minecraft) External chunk path /Users/magje/code/mods/jade-modded-entities/fabric/runs/client/saves/New World/region/c.-15.4.mcc is not file
[21:00:50] [IO-Worker-5/WARN] (Minecraft) Chunk has both internal and external streams
[21:00:50] [IO-Worker-5/ERROR] (Minecraft) External chunk path /Users/magje/code/mods/jade-modded-entities/fabric/runs/client/saves/New World/region/c.-15.5.mcc is not file
[21:00:50] [IO-Worker-2/ERROR] (Minecraft) Chunk [-15, 6] stream is truncated: expected 883186105 but read 4091
[21:00:50] [IO-Worker-5/WARN] (Minecraft) Chunk has both internal and external streams
[21:00:50] [IO-Worker-5/ERROR] (Minecraft) External chunk path /Users/magje/code/mods/jade-modded-entities/fabric/runs/client/saves/New World/region/c.-15.7.mcc is not file
[21:00:50] [IO-Worker-4/WARN] (Minecraft) Chunk has both internal and external streams
[21:00:50] [IO-Worker-4/ERROR] (Minecraft) External chunk path /Users/magje/code/mods/jade-modded-entities/fabric/runs/client/saves/New World/region/c.-15.8.mcc is not file
[21:00:50] [IO-Worker-2/ERROR] (Minecraft) Declared size -1448792603 of chunk [-15, 9] is negative
[21:00:50] [IO-Worker-1/ERROR] (Minecraft) Declared size -1448792603 of chunk [-15, 10] is negative
[21:00:50] [IO-Worker-4/ERROR] (Minecraft) Declared size -1445974210 of chunk [-15, 11] is negative
[21:00:50] [IO-Worker-5/ERROR] (Minecraft) Declared size -1448792603 of chunk [-15, 12] is negative
[21:00:50] [IO-Worker-4/ERROR] (Minecraft) Declared size -1448792603 of chunk [-15, 13] is negative
[21:00:50] [IO-Worker-5/ERROR] (Minecraft) Declared size -1445947822 of chunk [-15, 14] is negative
[21:00:50] [IO-Worker-4/WARN] (Minecraft) Chunk has both internal and external streams
[21:00:50] [IO-Worker-4/ERROR] (Minecraft) External chunk path /Users/magje/code/mods/jade-modded-entities/fabric/runs/client/saves/New World/region/c.-15.15.mcc is not file
[21:00:50] [IO-Worker-5/ERROR] (Minecraft) Chunk [-15, 16] stream is truncated: expected 1386294756 but read 4091
[21:00:50] [IO-Worker-4/WARN] (Minecraft) Chunk has both internal and external streams
[21:00:50] [IO-Worker-4/ERROR] (Minecraft) External chunk path /Users/magje/code/mods/jade-modded-entities/fabric/runs/client/saves/New World/region/c.-15.17.mcc is not file
[21:00:50] [IO-Worker-1/WARN] (Minecraft) Chunk has both internal and external streams
[21:00:50] [IO-Worker-1/ERROR] (Minecraft) External chunk path /Users/magje/code/mods/jade-modded-entities/fabric/runs/client/saves/New World/region/c.-14.17.mcc is not file
[21:00:50] [IO-Worker-4/ERROR] (Minecraft) Chunk [-13, 17] stream is truncated: expected 883186105 but read 4091
[21:00:50] [IO-Worker-1/ERROR] (Minecraft) Chunk [-12, 17] stream is truncated: expected 883186105 but read 4091
[21:00:50] [IO-Worker-4/ERROR] (Minecraft) Chunk [-11, 17] stream is truncated: expected 883186105 but read 4091
[21:00:50] [IO-Worker-1/WARN] (Minecraft) Chunk has both internal and external streams
[21:00:50] [IO-Worker-1/ERROR] (Minecraft) External chunk path /Users/magje/code/mods/jade-modded-entities/fabric/runs/client/saves/New World/region/c.-10.17.mcc is not file
[21:00:50] [IO-Worker-4/ERROR] (Minecraft) Chunk [-9, 17] stream is truncated: expected 883186105 but read 4091
[21:00:50] [IO-Worker-1/ERROR] (Minecraft) Declared size -1537623550 of chunk [-8, 17] is negative
[21:00:50] [IO-Worker-4/ERROR] (Minecraft) Chunk [-7, 17] stream is truncated: expected 883186105 but read 4091
[21:00:50] [IO-Worker-1/ERROR] (Minecraft) Declared size -770925288 of chunk [-6, 17] is negative
[21:00:50] [IO-Worker-4/ERROR] (Minecraft) Chunk [-5, 17] stream is truncated: expected 883186105 but read 4091
[21:00:50] [IO-Worker-1/ERROR] (Minecraft) Chunk [-4, 17] stream is truncated: expected 883186105 but read 4091
[21:00:50] [IO-Worker-4/ERROR] (Minecraft) Chunk [-3, 17] stream is truncated: expected 883186105 but read 4091
[21:00:50] [IO-Worker-1/ERROR] (Minecraft) Chunk [-2, 17] stream is truncated: expected 883186105 but read 4091
[21:00:50] [IO-Worker-4/WARN] (Minecraft) Chunk has both internal and external streams
[21:00:50] [IO-Worker-4/ERROR] (Minecraft) External chunk path /Users/magje/code/mods/jade-modded-entities/fabric/runs/client/saves/New World/region/c.-1.17.mcc is not file
[21:00:50] [IO-Worker-2/WARN] (Minecraft) Chunk has both internal and external streams
[21:00:50] [IO-Worker-2/ERROR] (Minecraft) External chunk path /Users/magje/code/mods/jade-modded-entities/fabric/runs/client/saves/New World/region/c.0.17.mcc is not file
[21:00:50] [IO-Worker-1/ERROR] (Minecraft) Declared size -1216700023 of chunk [1, 17] is negative
[21:00:50] [IO-Worker-5/ERROR] (Minecraft) Chunk [2, 17] stream is truncated: expected 1445934160 but read 4091
[21:00:50] [IO-Worker-1/ERROR] (Minecraft) Declared size -540928490 of chunk [3, 17] is negative
[21:00:50] [IO-Worker-5/ERROR] (Minecraft) Declared size -1424516440 of chunk [4, 17] is negative
[21:00:50] [IO-Worker-2/WARN] (Minecraft) Chunk has both internal and external streams
[21:00:50] [IO-Worker-2/ERROR] (Minecraft) External chunk path /Users/magje/code/mods/jade-modded-entities/fabric/runs/client/saves/New World/region/c.5.17.mcc is not file
[21:00:50] [IO-Worker-4/ERROR] (Minecraft) Declared size -540928490 of chunk [6, 17] is negative
[21:00:50] [IO-Worker-1/WARN] (Minecraft) Chunk has both internal and external streams
[21:00:50] [IO-Worker-1/ERROR] (Minecraft) External chunk path /Users/magje/code/mods/jade-modded-entities/fabric/runs/client/saves/New World/region/c.7.17.mcc is not file
[21:00:50] [IO-Worker-4/WARN] (Minecraft) Chunk has both internal and external streams
[21:00:50] [IO-Worker-4/ERROR] (Minecraft) External chunk path /Users/magje/code/mods/jade-modded-entities/fabric/runs/client/saves/New World/region/c.8.17.mcc is not file
[21:00:50] [IO-Worker-1/ERROR] (Minecraft) Chunk [9, 17] stream is truncated: expected 371196329 but read 4091
[21:00:50] [IO-Worker-5/ERROR] (Minecraft) Declared size -540928490 of chunk [10, 17] is negative
[21:00:50] [IO-Worker-2/WARN] (Minecraft) Chunk has both internal and external streams
[21:00:50] [IO-Worker-2/ERROR] (Minecraft) External chunk path /Users/magje/code/mods/jade-modded-entities/fabric/runs/client/saves/New World/region/c.11.17.mcc is not file
[21:00:50] [IO-Worker-4/WARN] (Minecraft) Chunk has both internal and external streams
[21:00:50] [IO-Worker-4/ERROR] (Minecraft) External chunk path /Users/magje/code/mods/jade-modded-entities/fabric/runs/client/saves/New World/region/c.12.17.mcc is not file
[21:00:50] [IO-Worker-5/ERROR] (Minecraft) Declared size -1274569083 of chunk [13, 17] is negative
[21:00:50] [IO-Worker-4/ERROR] (Minecraft) Declared size -1038807520 of chunk [14, 17] is negative
[21:00:50] [IO-Worker-1/WARN] (Minecraft) Chunk has both internal and external streams
[21:00:50] [IO-Worker-1/ERROR] (Minecraft) External chunk path /Users/magje/code/mods/jade-modded-entities/fabric/runs/client/saves/New World/region/c.15.17.mcc is not file
[21:00:50] [IO-Worker-5/ERROR] (Minecraft) Chunk [19, -10] stream is truncated: expected 304137290 but read 4091
[21:00:50] [IO-Worker-4/WARN] (Minecraft) Chunk has both internal and external streams
[21:00:50] [IO-Worker-4/ERROR] (Minecraft) External chunk path /Users/magje/code/mods/jade-modded-entities/fabric/runs/client/saves/New World/region/c.19.-9.mcc is not file
[21:00:50] [IO-Worker-5/ERROR] (Minecraft) Declared size -732671682 of chunk [19, -8] is negative
[21:00:50] [IO-Worker-4/ERROR] (Minecraft) Declared size -2001746925 of chunk [19, -7] is negative
[21:00:50] [IO-Worker-5/ERROR] (Minecraft) Chunk [19, -6] stream is truncated: expected 1215137033 but read 4091
[21:00:50] [IO-Worker-4/ERROR] (Minecraft) Chunk [19, -5] stream is truncated: expected 1249913597 but read 4091
[21:00:50] [IO-Worker-5/ERROR] (Minecraft) Chunk [19, -4] stream is truncated: expected 156288330 but read 4091
[21:00:50] [IO-Worker-4/WARN] (Minecraft) Chunk has both internal and external streams
[21:00:50] [IO-Worker-4/ERROR] (Minecraft) External chunk path /Users/magje/code/mods/jade-modded-entities/fabric/runs/client/saves/New World/region/c.19.-3.mcc is not file
[21:00:50] [IO-Worker-5/ERROR] (Minecraft) Chunk [19, -2] stream is truncated: expected 902213571 but read 4091
[21:00:50] [IO-Worker-4/ERROR] (Minecraft) Chunk [19, -1] stream is truncated: expected 1187978 but read 4091
[21:00:50] [IO-Worker-5/WARN] (Minecraft) Chunk has both internal and external streams
[21:00:50] [IO-Worker-5/ERROR] (Minecraft) External chunk path /Users/magje/code/mods/jade-modded-entities/fabric/runs/client/saves/New World/region/c.19.0.mcc is not file
[21:00:50] [IO-Worker-4/WARN] (Minecraft) Chunk has both internal and external streams
[21:00:50] [IO-Worker-4/ERROR] (Minecraft) External chunk path /Users/magje/code/mods/jade-modded-entities/fabric/runs/client/saves/New World/region/c.19.1.mcc is not file
[21:00:50] [IO-Worker-5/WARN] (Minecraft) Chunk has both internal and external streams
[21:00:50] [IO-Worker-5/ERROR] (Minecraft) External chunk path /Users/magje/code/mods/jade-modded-entities/fabric/runs/client/saves/New World/region/c.19.2.mcc is not file
[21:00:50] [IO-Worker-4/WARN] (Minecraft) Chunk has both internal and external streams
[21:00:50] [IO-Worker-4/ERROR] (Minecraft) External chunk path /Users/magje/code/mods/jade-modded-entities/fabric/runs/client/saves/New World/region/c.19.3.mcc is not file
[21:00:50] [IO-Worker-5/ERROR] (Minecraft) Declared size -1368391671 of chunk [19, 4] is negative
[21:00:50] [IO-Worker-4/ERROR] (Minecraft) Declared size -1635439844 of chunk [19, 5] is negative
[21:00:50] [IO-Worker-5/WARN] (Minecraft) Chunk has both internal and external streams
[21:00:50] [IO-Worker-5/ERROR] (Minecraft) External chunk path /Users/magje/code/mods/jade-modded-entities/fabric/runs/client/saves/New World/region/c.19.6.mcc is not file
[21:00:50] [IO-Worker-4/ERROR] (Minecraft) Chunk [19, 7] stream is truncated: expected 168267775 but read 4091
[21:00:50] [IO-Worker-5/WARN] (Minecraft) Chunk has both internal and external streams
[21:00:50] [IO-Worker-5/ERROR] (Minecraft) External chunk path /Users/magje/code/mods/jade-modded-entities/fabric/runs/client/saves/New World/region/c.19.8.mcc is not file
[21:00:50] [IO-Worker-4/ERROR] (Minecraft) Declared size -1047712996 of chunk [19, 9] is negative
[21:00:50] [IO-Worker-5/WARN] (Minecraft) Chunk has both internal and external streams
[21:00:50] [IO-Worker-5/ERROR] (Minecraft) External chunk path /Users/magje/code/mods/jade-modded-entities/fabric/runs/client/saves/New World/region/c.19.10.mcc is not file
[21:00:50] [IO-Worker-4/ERROR] (Minecraft) Declared size -249643549 of chunk [19, 11] is negative
[21:00:50] [IO-Worker-5/WARN] (Minecraft) Chunk has both internal and external streams
[21:00:50] [IO-Worker-5/ERROR] (Minecraft) External chunk path /Users/magje/code/mods/jade-modded-entities/fabric/runs/client/saves/New World/region/c.19.12.mcc is not file
[21:00:50] [IO-Worker-4/WARN] (Minecraft) Chunk has both internal and external streams
[21:00:50] [IO-Worker-4/ERROR] (Minecraft) External chunk path /Users/magje/code/mods/jade-modded-entities/fabric/runs/client/saves/New World/region/c.19.13.mcc is not file
[21:00:50] [IO-Worker-5/WARN] (Minecraft) Chunk has both internal and external streams
[21:00:50] [IO-Worker-5/ERROR] (Minecraft) External chunk path /Users/magje/code/mods/jade-modded-entities/fabric/runs/client/saves/New World/region/c.19.-13.mcc is not file
[21:00:50] [IO-Worker-4/ERROR] (Minecraft) Declared size -2144944604 of chunk [19, -12] is negative
[21:00:50] [IO-Worker-5/WARN] (Minecraft) Chunk has both internal and external streams
[21:00:50] [IO-Worker-5/ERROR] (Minecraft) External chunk path /Users/magje/code/mods/jade-modded-entities/fabric/runs/client/saves/New World/region/c.19.-11.mcc is not file
[21:00:50] [IO-Worker-5/ERROR] (Minecraft) Chunk [19, -14] stream is truncated: expected 160465331 but read 4091
[21:00:50] [IO-Worker-1/WARN] (Minecraft) Chunk has both internal and external streams
[21:00:50] [IO-Worker-1/ERROR] (Minecraft) External chunk path /Users/magje/code/mods/jade-modded-entities/fabric/runs/client/saves/New World/region/c.-15.-17.mcc is not file
[21:00:50] [IO-Worker-4/WARN] (Minecraft) Chunk has both internal and external streams
[21:00:50] [IO-Worker-4/ERROR] (Minecraft) External chunk path /Users/magje/code/mods/jade-modded-entities/fabric/runs/client/saves/New World/region/c.-15.-16.mcc is not file
[21:00:50] [IO-Worker-5/WARN] (Minecraft) Chunk has both internal and external streams
[21:00:50] [IO-Worker-5/ERROR] (Minecraft) External chunk path /Users/magje/code/mods/jade-modded-entities/fabric/runs/client/saves/New World/region/c.-15.-15.mcc is not file
[21:00:50] [IO-Worker-1/WARN] (Minecraft) Chunk has both internal and external streams
[21:00:50] [IO-Worker-1/ERROR] (Minecraft) External chunk path /Users/magje/code/mods/jade-modded-entities/fabric/runs/client/saves/New World/region/c.-15.-14.mcc is not file
[21:00:50] [IO-Worker-5/ERROR] (Minecraft) Declared size -1809560117 of chunk [-15, -13] is negative
[21:00:50] [IO-Worker-1/ERROR] (Minecraft) Declared size -1609064827 of chunk [-15, -12] is negative
[21:00:50] [IO-Worker-2/ERROR] (Minecraft) Declared size -1635439844 of chunk [-15, -11] is negative
[21:00:50] [IO-Worker-1/ERROR] (Minecraft) Declared size -2123898614 of chunk [-15, -10] is negative
[21:00:50] [IO-Worker-4/WARN] (Minecraft) Chunk has both internal and external streams
[21:00:50] [IO-Worker-4/ERROR] (Minecraft) External chunk path /Users/magje/code/mods/jade-modded-entities/fabric/runs/client/saves/New World/region/c.-14.-17.mcc is not file
[21:00:50] [IO-Worker-1/ERROR] (Minecraft) Declared size -128336662 of chunk [-13, -17] is negative
[21:00:50] [IO-Worker-5/WARN] (Minecraft) Chunk has both internal and external streams
[21:00:50] [IO-Worker-5/ERROR] (Minecraft) External chunk path /Users/magje/code/mods/jade-modded-entities/fabric/runs/client/saves/New World/region/c.-12.-17.mcc is not file
[21:00:50] [IO-Worker-4/ERROR] (Minecraft) Chunk [-11, -17] stream is truncated: expected 2027258661 but read 4091
[21:00:50] [IO-Worker-1/ERROR] (Minecraft) Declared size -1125498605 of chunk [-10, -17] is negative
[21:00:50] [IO-Worker-2/ERROR] (Minecraft) Declared size -496504406 of chunk [-9, -17] is negative
[21:00:50] [IO-Worker-4/WARN] (Minecraft) Chunk has both internal and external streams
[21:00:50] [IO-Worker-4/ERROR] (Minecraft) External chunk path /Users/magje/code/mods/jade-modded-entities/fabric/runs/client/saves/New World/region/c.-8.-17.mcc is not file
[21:00:50] [IO-Worker-5/WARN] (Minecraft) Chunk has both internal and external streams
[21:00:50] [IO-Worker-5/ERROR] (Minecraft) External chunk path /Users/magje/code/mods/jade-modded-entities/fabric/runs/client/saves/New World/region/c.-7.-17.mcc is not file
[21:00:50] [IO-Worker-4/WARN] (Minecraft) Chunk has both internal and external streams
[21:00:50] [IO-Worker-4/ERROR] (Minecraft) External chunk path /Users/magje/code/mods/jade-modded-entities/fabric/runs/client/saves/New World/region/c.-6.-17.mcc is not file
[21:00:50] [IO-Worker-5/ERROR] (Minecraft) Chunk [-5, -17] stream is truncated: expected 775850838 but read 4091
[21:00:50] [IO-Worker-4/WARN] (Minecraft) Chunk has both internal and external streams
[21:00:50] [IO-Worker-4/ERROR] (Minecraft) External chunk path /Users/magje/code/mods/jade-modded-entities/fabric/runs/client/saves/New World/region/c.-4.-17.mcc is not file
[21:00:50] [IO-Worker-5/ERROR] (Minecraft) Declared size -514082622 of chunk [-3, -17] is negative
[21:00:50] [IO-Worker-4/ERROR] (Minecraft) Declared size -1195245276 of chunk [-2, -17] is negative
[21:00:50] [IO-Worker-5/ERROR] (Minecraft) Declared size -1513111019 of chunk [-1, -17] is negative
[21:00:50] [IO-Worker-4/ERROR] (Minecraft) Chunk [0, -17] stream is truncated: expected 1114378918 but read 4091
[21:00:50] [IO-Worker-5/ERROR] (Minecraft) Chunk [1, -17] stream is truncated: expected 1114378918 but read 4091
[21:00:50] [IO-Worker-4/WARN] (Minecraft) Chunk has both internal and external streams
[21:00:50] [IO-Worker-4/ERROR] (Minecraft) External chunk path /Users/magje/code/mods/jade-modded-entities/fabric/runs/client/saves/New World/region/c.2.-17.mcc is not file
[21:00:50] [IO-Worker-1/WARN] (Minecraft) Chunk has both internal and external streams
[21:00:50] [IO-Worker-1/ERROR] (Minecraft) External chunk path /Users/magje/code/mods/jade-modded-entities/fabric/runs/client/saves/New World/region/c.3.-17.mcc is not file
[21:00:50] [IO-Worker-5/WARN] (Minecraft) Chunk has both internal and external streams
[21:00:50] [IO-Worker-5/ERROR] (Minecraft) External chunk path /Users/magje/code/mods/jade-modded-entities/fabric/runs/client/saves/New World/region/c.4.-17.mcc is not file
[21:00:50] [IO-Worker-4/WARN] (Minecraft) Chunk has both internal and external streams
[21:00:50] [IO-Worker-4/ERROR] (Minecraft) External chunk path /Users/magje/code/mods/jade-modded-entities/fabric/runs/client/saves/New World/region/c.5.-17.mcc is not file
[21:00:50] [IO-Worker-1/ERROR] (Minecraft) Chunk [6, -17] stream is truncated: expected 1114378918 but read 4091
[21:00:50] [IO-Worker-5/WARN] (Minecraft) Chunk has both internal and external streams
[21:00:50] [IO-Worker-5/ERROR] (Minecraft) External chunk path /Users/magje/code/mods/jade-modded-entities/fabric/runs/client/saves/New World/region/c.7.-17.mcc is not file
[21:00:50] [IO-Worker-1/ERROR] (Minecraft) Chunk [8, -17] stream is truncated: expected 1425117783 but read 4091
[21:00:50] [IO-Worker-4/WARN] (Minecraft) Chunk has both internal and external streams
[21:00:50] [IO-Worker-4/ERROR] (Minecraft) External chunk path /Users/magje/code/mods/jade-modded-entities/fabric/runs/client/saves/New World/region/c.9.-17.mcc is not file
[21:00:50] [IO-Worker-5/ERROR] (Minecraft) Declared size -1494144015 of chunk [10, -17] is negative
[21:00:50] [IO-Worker-4/WARN] (Minecraft) Chunk has both internal and external streams
[21:00:50] [IO-Worker-4/ERROR] (Minecraft) External chunk path /Users/magje/code/mods/jade-modded-entities/fabric/runs/client/saves/New World/region/c.11.-17.mcc is not file
[21:00:50] [IO-Worker-5/WARN] (Minecraft) Chunk has both internal and external streams
[21:00:50] [IO-Worker-5/ERROR] (Minecraft) External chunk path /Users/magje/code/mods/jade-modded-entities/fabric/runs/client/saves/New World/region/c.12.-17.mcc is not file
[21:00:50] [IO-Worker-4/ERROR] (Minecraft) Declared size -2030529160 of chunk [13, -17] is negative
[21:00:50] [IO-Worker-1/ERROR] (Minecraft) Declared size -2030529160 of chunk [14, -17] is negative
[21:00:50] [IO-Worker-5/ERROR] (Minecraft) Declared size -792422460 of chunk [15, -17] is negative
[21:00:50] [IO-Worker-4/ERROR] (Minecraft) Declared size -1461574223 of chunk [16, -17] is negative
[21:00:50] [IO-Worker-5/WARN] (Minecraft) Chunk has both internal and external streams
[21:00:50] [IO-Worker-5/ERROR] (Minecraft) External chunk path /Users/magje/code/mods/jade-modded-entities/fabric/runs/client/saves/New World/region/c.17.-17.mcc is not file
[21:00:50] [IO-Worker-1/WARN] (Minecraft) Chunk has both internal and external streams
[21:00:50] [IO-Worker-1/ERROR] (Minecraft) External chunk path /Users/magje/code/mods/jade-modded-entities/fabric/runs/client/saves/New World/region/c.18.-17.mcc is not file
[21:00:51] [IO-Worker-5/ERROR] (Minecraft) Chunk [16, 17] stream is truncated: expected 126811400 but read 4091
[21:00:51] [IO-Worker-2/ERROR] (Minecraft) Chunk [17, 17] stream is truncated: expected 2023540117 but read 4091
[21:00:51] [IO-Worker-5/ERROR] (Minecraft) Chunk [18, 17] stream is truncated: expected 1474349588 but read 4091
[21:00:51] [IO-Worker-5/ERROR] (Minecraft) Declared size -326552793 of chunk [19, 14] is negative
[21:00:51] [IO-Worker-2/WARN] (Minecraft) Chunk has both internal and external streams
[21:00:51] [IO-Worker-2/ERROR] (Minecraft) External chunk path /Users/magje/code/mods/jade-modded-entities/fabric/runs/client/saves/New World/region/c.19.15.mcc is not file
[21:00:51] [IO-Worker-2/ERROR] (Minecraft) Chunk [19, 16] stream is truncated: expected 1950465025 but read 4091
[21:00:51] [IO-Worker-1/ERROR] (Minecraft) Declared size -1369644800 of chunk [19, 17] is negative
[21:00:51] [IO-Worker-1/ERROR] (Minecraft) Chunk [19, -15] stream is truncated: expected 608179891 but read 4091
[21:00:51] [IO-Worker-5/ERROR] (Minecraft) Chunk [19, -16] stream is truncated: expected 274895671 but read 4091
[21:00:51] [IO-Worker-1/WARN] (Minecraft) Chunk has both internal and external streams
[21:00:51] [IO-Worker-1/ERROR] (Minecraft) External chunk path /Users/magje/code/mods/jade-modded-entities/fabric/runs/client/saves/New World/region/c.19.-17.mcc is not file
[21:00:51] [IO-Worker-1/ERROR] (Minecraft) Declared size -767755614 of chunk [-11, 18] is negative
[21:00:51] [IO-Worker-5/ERROR] (Minecraft) Declared size -767755614 of chunk [-10, 18] is negative
[21:00:51] [IO-Worker-4/WARN] (Minecraft) Chunk has both internal and external streams
[21:00:51] [IO-Worker-4/ERROR] (Minecraft) External chunk path /Users/magje/code/mods/jade-modded-entities/fabric/runs/client/saves/New World/region/c.-9.18.mcc is not file
[21:00:51] [IO-Worker-2/WARN] (Minecraft) Chunk has both internal and external streams
[21:00:51] [IO-Worker-2/ERROR] (Minecraft) External chunk path /Users/magje/code/mods/jade-modded-entities/fabric/runs/client/saves/New World/region/c.-8.18.mcc is not file
[21:00:51] [IO-Worker-1/WARN] (Minecraft) Chunk has both internal and external streams
[21:00:51] [IO-Worker-1/ERROR] (Minecraft) External chunk path /Users/magje/code/mods/jade-modded-entities/fabric/runs/client/saves/New World/region/c.-7.18.mcc is not file
[21:00:51] [IO-Worker-4/ERROR] (Minecraft) Chunk [-6, 18] stream is truncated: expected 449973404 but read 4091
[21:00:51] [IO-Worker-2/ERROR] (Minecraft) Declared size -799335726 of chunk [-5, 18] is negative
[21:00:51] [IO-Worker-5/WARN] (Minecraft) Chunk has both internal and external streams
[21:00:51] [IO-Worker-5/ERROR] (Minecraft) External chunk path /Users/magje/code/mods/jade-modded-entities/fabric/runs/client/saves/New World/region/c.-4.18.mcc is not file
[21:00:51] [IO-Worker-2/WARN] (Minecraft) Chunk has both internal and external streams
[21:00:51] [IO-Worker-2/ERROR] (Minecraft) External chunk path /Users/magje/code/mods/jade-modded-entities/fabric/runs/client/saves/New World/region/c.-3.18.mcc is not file
[21:00:51] [IO-Worker-4/WARN] (Minecraft) Chunk has both internal and external streams
[21:00:51] [IO-Worker-4/ERROR] (Minecraft) External chunk path /Users/magje/code/mods/jade-modded-entities/fabric/runs/client/saves/New World/region/c.-2.18.mcc is not file
[21:00:51] [IO-Worker-2/ERROR] (Minecraft) Chunk [-1, 18] stream is truncated: expected 884234681 but read 4091
[21:00:51] [IO-Worker-4/ERROR] (Minecraft) Chunk [0, 18] stream is truncated: expected 540968236 but read 4091
[21:00:51] [IO-Worker-2/WARN] (Minecraft) Chunk has both internal and external streams
[21:00:51] [IO-Worker-2/ERROR] (Minecraft) External chunk path /Users/magje/code/mods/jade-modded-entities/fabric/runs/client/saves/New World/region/c.1.18.mcc is not file
[21:00:51] [IO-Worker-4/ERROR] (Minecraft) Declared size -2060637120 of chunk [2, 18] is negative
[21:00:51] [IO-Worker-2/WARN] (Minecraft) Chunk has both internal and external streams
[21:00:51] [IO-Worker-2/ERROR] (Minecraft) External chunk path /Users/magje/code/mods/jade-modded-entities/fabric/runs/client/saves/New World/region/c.3.18.mcc is not file
[21:00:51] [IO-Worker-4/ERROR] (Minecraft) Chunk [4, 18] stream is truncated: expected 168267775 but read 4091
[21:00:51] [IO-Worker-2/ERROR] (Minecraft) Chunk [5, 18] stream is truncated: expected 757874689 but read 4091
[21:00:51] [IO-Worker-4/WARN] (Minecraft) Chunk has both internal and external streams
[21:00:51] [IO-Worker-4/ERROR] (Minecraft) External chunk path /Users/magje/code/mods/jade-modded-entities/fabric/runs/client/saves/New World/region/c.6.18.mcc is not file
[21:00:51] [IO-Worker-2/ERROR] (Minecraft) Declared size -519436400 of chunk [7, 18] is negative
[21:00:51] [IO-Worker-4/WARN] (Minecraft) Chunk has both internal and external streams
[21:00:51] [IO-Worker-4/ERROR] (Minecraft) External chunk path /Users/magje/code/mods/jade-modded-entities/fabric/runs/client/saves/New World/region/c.8.18.mcc is not file
[21:00:51] [IO-Worker-2/ERROR] (Minecraft) Declared size -519436400 of chunk [9, 18] is negative
[21:00:51] [IO-Worker-4/ERROR] (Minecraft) Chunk [10, 18] stream is truncated: expected 1098648154 but read 4091
[21:00:51] [IO-Worker-2/ERROR] (Minecraft) Declared size -519436400 of chunk [11, 18] is negative
[21:00:51] [IO-Worker-4/ERROR] (Minecraft) Declared size -767755614 of chunk [-12, 18] is negative
[21:00:51] [IO-Worker-2/ERROR] (Minecraft) Declared size -1038739936 of chunk [12, 18] is negative
[21:00:51] [IO-Worker-4/WARN] (Minecraft) Chunk has both internal and external streams
[21:00:51] [IO-Worker-4/ERROR] (Minecraft) External chunk path /Users/magje/code/mods/jade-modded-entities/fabric/runs/client/saves/New World/region/c.13.18.mcc is not file
[21:00:51] [IO-Worker-2/WARN] (Minecraft) Chunk has both internal and external streams
[21:00:51] [IO-Worker-2/ERROR] (Minecraft) External chunk path /Users/magje/code/mods/jade-modded-entities/fabric/runs/client/saves/New World/region/c.14.18.mcc is not file
[21:00:51] [IO-Worker-2/ERROR] (Minecraft) Declared size -1652552222 of chunk [-6, -18] is negative
[21:00:51] [IO-Worker-1/ERROR] (Minecraft) Chunk [-5, -18] stream is truncated: expected 273113354 but read 4091
[21:00:51] [IO-Worker-4/ERROR] (Minecraft) Chunk [-4, -18] stream is truncated: expected 1813006176 but read 4091
[21:00:51] [IO-Worker-2/ERROR] (Minecraft) Declared size -1535511547 of chunk [-3, -18] is negative
[21:00:51] [IO-Worker-4/ERROR] (Minecraft) Chunk [-2, -18] stream is truncated: expected 1813006176 but read 4091
[21:00:51] [IO-Worker-2/WARN] (Minecraft) Chunk has both internal and external streams
[21:00:51] [IO-Worker-2/ERROR] (Minecraft) External chunk path /Users/magje/code/mods/jade-modded-entities/fabric/runs/client/saves/New World/region/c.-1.-18.mcc is not file
[21:00:51] [IO-Worker-1/ERROR] (Minecraft) Declared size -1601548830 of chunk [0, -18] is negative
[21:00:51] [IO-Worker-5/WARN] (Minecraft) Chunk has both internal and external streams
[21:00:51] [IO-Worker-5/ERROR] (Minecraft) External chunk path /Users/magje/code/mods/jade-modded-entities/fabric/runs/client/saves/New World/region/c.1.-18.mcc is not file
[21:00:51] [IO-Worker-2/WARN] (Minecraft) Chunk has both internal and external streams
[21:00:51] [IO-Worker-2/ERROR] (Minecraft) External chunk path /Users/magje/code/mods/jade-modded-entities/fabric/runs/client/saves/New World/region/c.2.-18.mcc is not file
[21:00:51] [IO-Worker-1/ERROR] (Minecraft) Declared size -2144717175 of chunk [3, -18] is negative
[21:00:51] [IO-Worker-2/WARN] (Minecraft) Chunk has both internal and external streams
[21:00:51] [IO-Worker-2/ERROR] (Minecraft) External chunk path /Users/magje/code/mods/jade-modded-entities/fabric/runs/client/saves/New World/region/c.4.-18.mcc is not file
[21:00:51] [IO-Worker-5/WARN] (Minecraft) Chunk has both internal and external streams
[21:00:51] [IO-Worker-5/ERROR] (Minecraft) External chunk path /Users/magje/code/mods/jade-modded-entities/fabric/runs/client/saves/New World/region/c.5.-18.mcc is not file
[21:00:51] [IO-Worker-2/ERROR] (Minecraft) Chunk [6, -18] stream is truncated: expected 362005673 but read 4091
[21:00:51] [IO-Worker-5/WARN] (Minecraft) Chunk has both internal and external streams
[21:00:51] [IO-Worker-5/ERROR] (Minecraft) External chunk path /Users/magje/code/mods/jade-modded-entities/fabric/runs/client/saves/New World/region/c.7.-18.mcc is not file
[21:00:51] [IO-Worker-2/ERROR] (Minecraft) Chunk [8, -18] stream is truncated: expected 278643880 but read 4091
[21:00:51] [IO-Worker-4/WARN] (Minecraft) Chunk has both internal and external streams
[21:00:51] [IO-Worker-4/ERROR] (Minecraft) External chunk path /Users/magje/code/mods/jade-modded-entities/fabric/runs/client/saves/New World/region/c.9.-18.mcc is not file
[21:00:51] [IO-Worker-5/ERROR] (Minecraft) Chunk [10, -18] stream is truncated: expected 39121297 but read 4091
[21:00:51] [IO-Worker-2/WARN] (Minecraft) Chunk has both internal and external streams
[21:00:51] [IO-Worker-2/ERROR] (Minecraft) External chunk path /Users/magje/code/mods/jade-modded-entities/fabric/runs/client/saves/New World/region/c.11.-18.mcc is not file
[21:00:51] [IO-Worker-4/WARN] (Minecraft) Chunk has both internal and external streams
[21:00:51] [IO-Worker-4/ERROR] (Minecraft) External chunk path /Users/magje/code/mods/jade-modded-entities/fabric/runs/client/saves/New World/region/c.12.-18.mcc is not file
[21:00:51] [IO-Worker-1/ERROR] (Minecraft) Chunk [13, -18] stream is truncated: expected 304137290 but read 4091
[21:00:51] [IO-Worker-5/ERROR] (Minecraft) Chunk [14, -18] stream is truncated: expected 304137290 but read 4091
[21:00:51] [IO-Worker-4/ERROR] (Minecraft) Chunk [15, -18] stream is truncated: expected 274895671 but read 4091
[21:00:51] [IO-Worker-2/WARN] (Minecraft) Chunk has both internal and external streams
[21:00:51] [IO-Worker-2/ERROR] (Minecraft) External chunk path /Users/magje/code/mods/jade-modded-entities/fabric/runs/client/saves/New World/region/c.16.-18.mcc is not file
[21:00:51] [IO-Worker-1/WARN] (Minecraft) Chunk has both internal and external streams
[21:00:51] [IO-Worker-1/ERROR] (Minecraft) External chunk path /Users/magje/code/mods/jade-modded-entities/fabric/runs/client/saves/New World/region/c.-8.-18.mcc is not file
[21:00:51] [IO-Worker-4/ERROR] (Minecraft) Chunk [-7, -18] stream is truncated: expected 914902880 but read 4091
[21:00:51] [IO-Worker-1/ERROR] (Minecraft) Chunk [17, -18] stream is truncated: expected 1075130248 but read 4091
[21:00:51] [IO-Worker-4/WARN] (Minecraft) Chunk has both internal and external streams
[21:00:51] [IO-Worker-4/ERROR] (Minecraft) External chunk path /Users/magje/code/mods/jade-modded-entities/fabric/runs/client/saves/New World/region/c.18.-18.mcc is not file
[21:00:51] [IO-Worker-2/ERROR] (Minecraft) Chunk [-16, -14] stream is truncated: expected 914902880 but read 4091
[21:00:51] [IO-Worker-4/WARN] (Minecraft) Chunk has both internal and external streams
[21:00:51] [IO-Worker-4/ERROR] (Minecraft) External chunk path /Users/magje/code/mods/jade-modded-entities/fabric/runs/client/saves/New World/region/c.-16.-13.mcc is not file
[21:00:51] [IO-Worker-5/ERROR] (Minecraft) Declared size -767755774 of chunk [-16, -12] is negative
[21:00:51] [IO-Worker-1/ERROR] (Minecraft) Declared size -767755774 of chunk [-16, -11] is negative
[21:00:51] [IO-Worker-4/WARN] (Minecraft) Chunk has both internal and external streams
[21:00:51] [IO-Worker-4/ERROR] (Minecraft) External chunk path /Users/magje/code/mods/jade-modded-entities/fabric/runs/client/saves/New World/region/c.-16.-10.mcc is not file
[21:00:51] [IO-Worker-1/WARN] (Minecraft) Chunk has both internal and external streams
[21:00:51] [IO-Worker-1/ERROR] (Minecraft) External chunk path /Users/magje/code/mods/jade-modded-entities/fabric/runs/client/saves/New World/region/c.-16.-9.mcc is not file
[21:00:51] [IO-Worker-4/ERROR] (Minecraft) Chunk [-16, -8] stream is truncated: expected 37128270 but read 4091
[21:00:51] [IO-Worker-1/ERROR] (Minecraft) Declared size -767755774 of chunk [-16, -7] is negative
[21:00:51] [IO-Worker-4/WARN] (Minecraft) Chunk has both internal and external streams
[21:00:51] [IO-Worker-4/ERROR] (Minecraft) External chunk path /Users/magje/code/mods/jade-modded-entities/fabric/runs/client/saves/New World/region/c.-16.-6.mcc is not file
[21:00:51] [IO-Worker-1/ERROR] (Minecraft) Declared size -767755774 of chunk [-16, -5] is negative
[21:00:51] [IO-Worker-4/ERROR] (Minecraft) Chunk [-16, -4] stream is truncated: expected 37128270 but read 4091
[21:00:51] [IO-Worker-1/WARN] (Minecraft) Chunk has both internal and external streams
[21:00:51] [IO-Worker-1/ERROR] (Minecraft) External chunk path /Users/magje/code/mods/jade-modded-entities/fabric/runs/client/saves/New World/region/c.-16.-3.mcc is not file
[21:00:51] [IO-Worker-4/WARN] (Minecraft) Chunk has both internal and external streams
[21:00:51] [IO-Worker-4/ERROR] (Minecraft) External chunk path /Users/magje/code/mods/jade-modded-entities/fabric/runs/client/saves/New World/region/c.-16.-2.mcc is not file
[21:00:51] [IO-Worker-5/WARN] (Minecraft) Chunk has both internal and external streams
[21:00:51] [IO-Worker-5/ERROR] (Minecraft) External chunk path /Users/magje/code/mods/jade-modded-entities/fabric/runs/client/saves/New World/region/c.-16.-1.mcc is not file
[21:00:51] [IO-Worker-1/ERROR] (Minecraft) Chunk [-16, 0] stream is truncated: expected 248732089 but read 4091
[21:00:51] [IO-Worker-5/ERROR] (Minecraft) Chunk [-16, 1] stream is truncated: expected 449985785 but read 4091
[21:00:51] [IO-Worker-2/ERROR] (Minecraft) Chunk [-16, 2] stream is truncated: expected 916748787 but read 4091
[21:00:51] [IO-Worker-4/ERROR] (Minecraft) Chunk [-16, 3] stream is truncated: expected 315768057 but read 4091
[21:00:51] [IO-Worker-5/WARN] (Minecraft) Chunk has both internal and external streams
[21:00:51] [IO-Worker-5/ERROR] (Minecraft) External chunk path /Users/magje/code/mods/jade-modded-entities/fabric/runs/client/saves/New World/region/c.-16.4.mcc is not file
[21:00:51] [IO-Worker-4/ERROR] (Minecraft) Declared size -1700365836 of chunk [-16, 5] is negative
[21:00:51] [IO-Worker-2/ERROR] (Minecraft) Chunk [-16, 6] stream is truncated: expected 883186105 but read 4091
[21:00:51] [IO-Worker-1/ERROR] (Minecraft) Chunk [-16, 7] stream is truncated: expected 883186105 but read 4091
[21:00:51] [IO-Worker-5/ERROR] (Minecraft) Chunk [-16, 8] stream is truncated: expected 883186105 but read 4091
[21:00:51] [IO-Worker-1/ERROR] (Minecraft) Chunk [-16, 9] stream is truncated: expected 883186105 but read 4091
[21:00:51] [IO-Worker-5/ERROR] (Minecraft) Chunk [-16, 10] stream is truncated: expected 450020584 but read 4091
[21:00:51] [IO-Worker-1/ERROR] (Minecraft) Chunk [-16, 11] stream is truncated: expected 883186105 but read 4091
[21:00:51] [IO-Worker-5/ERROR] (Minecraft) Chunk [-16, 12] stream is truncated: expected 450018553 but read 4091
[21:00:51] [IO-Worker-1/WARN] (Minecraft) Chunk has both internal and external streams
[21:00:51] [IO-Worker-1/ERROR] (Minecraft) External chunk path /Users/magje/code/mods/jade-modded-entities/fabric/runs/client/saves/New World/region/c.-9.-18.mcc is not file
[21:00:51] [IO-Worker-5/WARN] (Minecraft) Chunk has both internal and external streams
[21:00:51] [IO-Worker-5/ERROR] (Minecraft) External chunk path /Users/magje/code/mods/jade-modded-entities/fabric/runs/client/saves/New World/region/c.-11.-18.mcc is not file
[21:00:51] [IO-Worker-1/ERROR] (Minecraft) Declared size -100518264 of chunk [-10, -18] is negative
[21:00:51] [IO-Worker-5/ERROR] (Minecraft) Chunk [20, -11] stream is truncated: expected 27973667 but read 4091
[21:00:51] [IO-Worker-1/ERROR] (Minecraft) Chunk [20, -10] stream is truncated: expected 27973667 but read 4091
[21:00:51] [IO-Worker-5/ERROR] (Minecraft) Chunk [20, -9] stream is truncated: expected 27973667 but read 4091
[21:00:51] [IO-Worker-1/ERROR] (Minecraft) Chunk [20, -8] stream is truncated: expected 27973667 but read 4091
[21:00:51] [IO-Worker-5/ERROR] (Minecraft) Chunk [20, -7] stream is truncated: expected 27973667 but read 4091
[21:00:51] [IO-Worker-1/ERROR] (Minecraft) Chunk [20, -6] stream is truncated: expected 27973667 but read 4091
[21:00:51] [IO-Worker-5/ERROR] (Minecraft) Chunk [20, -5] stream is truncated: expected 27973667 but read 4091
[21:00:51] [IO-Worker-1/ERROR] (Minecraft) Chunk [20, -4] stream is truncated: expected 27973667 but read 4091
[21:00:51] [IO-Worker-5/WARN] (Minecraft) Chunk has both internal and external streams
[21:00:51] [IO-Worker-5/ERROR] (Minecraft) External chunk path /Users/magje/code/mods/jade-modded-entities/fabric/runs/client/saves/New World/region/c.20.-3.mcc is not file
[21:00:51] [IO-Worker-1/ERROR] (Minecraft) Chunk [20, -2] stream is truncated: expected 27973667 but read 4091
[21:00:51] [IO-Worker-5/ERROR] (Minecraft) Chunk [20, -1] stream is truncated: expected 27973667 but read 4091
[21:00:51] [IO-Worker-1/ERROR] (Minecraft) Chunk [20, 0] stream is truncated: expected 277856788 but read 4091
[21:00:51] [IO-Worker-5/ERROR] (Minecraft) Declared size -1038807520 of chunk [20, 1] is negative
[21:00:51] [IO-Worker-1/ERROR] (Minecraft) Chunk [20, 2] stream is truncated: expected 723271681 but read 4091
[21:00:51] [IO-Worker-5/ERROR] (Minecraft) Chunk [20, 3] stream is truncated: expected 277856788 but read 4091
[21:00:51] [IO-Worker-1/ERROR] (Minecraft) Chunk [20, 4] stream is truncated: expected 277856788 but read 4091
[21:00:51] [IO-Worker-5/ERROR] (Minecraft) Declared size -2060772288 of chunk [20, 5] is negative
[21:00:51] [IO-Worker-1/WARN] (Minecraft) Chunk has both internal and external streams
[21:00:51] [IO-Worker-1/ERROR] (Minecraft) External chunk path /Users/magje/code/mods/jade-modded-entities/fabric/runs/client/saves/New World/region/c.20.6.mcc is not file
[21:00:51] [IO-Worker-5/WARN] (Minecraft) Chunk has both internal and external streams
[21:00:51] [IO-Worker-5/ERROR] (Minecraft) External chunk path /Users/magje/code/mods/jade-modded-entities/fabric/runs/client/saves/New World/region/c.20.7.mcc is not file
[21:00:51] [IO-Worker-1/ERROR] (Minecraft) Declared size -1038807520 of chunk [20, 8] is negative
[21:00:51] [IO-Worker-5/ERROR] (Minecraft) Chunk [20, 9] stream is truncated: expected 81921102 but read 4091
[21:00:51] [IO-Worker-1/ERROR] (Minecraft) Declared size -2139614034 of chunk [20, 10] is negative
[21:00:51] [IO-Worker-5/ERROR] (Minecraft) Declared size -1038807520 of chunk [20, 11] is negative
[21:00:51] [IO-Worker-1/WARN] (Minecraft) Chunk has both internal and external streams
[21:00:51] [IO-Worker-1/ERROR] (Minecraft) External chunk path /Users/magje/code/mods/jade-modded-entities/fabric/runs/client/saves/New World/region/c.20.12.mcc is not file
[21:00:51] [IO-Worker-5/WARN] (Minecraft) Chunk has both internal and external streams
[21:00:51] [IO-Worker-5/ERROR] (Minecraft) External chunk path /Users/magje/code/mods/jade-modded-entities/fabric/runs/client/saves/New World/region/c.20.13.mcc is not file
[21:00:51] [IO-Worker-1/WARN] (Minecraft) Chunk has both internal and external streams
[21:00:51] [IO-Worker-1/ERROR] (Minecraft) External chunk path /Users/magje/code/mods/jade-modded-entities/fabric/runs/client/saves/New World/region/c.20.14.mcc is not file
[21:00:51] [IO-Worker-5/ERROR] (Minecraft) Chunk [20, -12] stream is truncated: expected 27973667 but read 4091
[21:00:51] [IO-Worker-5/ERROR] (Minecraft) Chunk [-15, -18] stream is truncated: expected 914902880 but read 4091
[21:00:51] [IO-Worker-4/WARN] (Minecraft) Chunk has both internal and external streams
[21:00:51] [IO-Worker-4/ERROR] (Minecraft) External chunk path /Users/magje/code/mods/jade-modded-entities/fabric/runs/client/saves/New World/region/c.-14.-18.mcc is not file
[21:00:51] [IO-Worker-1/ERROR] (Minecraft) Declared size -100518264 of chunk [-13, -18] is negative
[21:00:51] [IO-Worker-5/ERROR] (Minecraft) Chunk [-12, -18] stream is truncated: expected 914902880 but read 4091
[21:00:51] [IO-Worker-1/ERROR] (Minecraft) Chunk [20, -14] stream is truncated: expected 27973667 but read 4091
[21:00:51] [IO-Worker-4/WARN] (Minecraft) Chunk has both internal and external streams
[21:00:51] [IO-Worker-4/ERROR] (Minecraft) External chunk path /Users/magje/code/mods/jade-modded-entities/fabric/runs/client/saves/New World/region/c.20.-13.mcc is not file
[21:00:51] [IO-Worker-1/ERROR] (Minecraft) Chunk [-16, -15] stream is truncated: expected 914902880 but read 4091
[21:00:52] [IO-Worker-4/WARN] (Minecraft) Chunk has both internal and external streams
[21:00:52] [IO-Worker-4/ERROR] (Minecraft) External chunk path /Users/magje/code/mods/jade-modded-entities/fabric/runs/client/saves/New World/region/c.-16.13.mcc is not file
[21:00:52] [IO-Worker-5/WARN] (Minecraft) Chunk has both internal and external streams
[21:00:52] [IO-Worker-5/ERROR] (Minecraft) External chunk path /Users/magje/code/mods/jade-modded-entities/fabric/runs/client/saves/New World/region/c.-16.14.mcc is not file
[21:00:52] [IO-Worker-1/ERROR] (Minecraft) Chunk [-16, 15] stream is truncated: expected 883186105 but read 4091
[21:00:52] [IO-Worker-5/ERROR] (Minecraft) Chunk [-16, 16] stream is truncated: expected 883186105 but read 4091
[21:00:52] [IO-Worker-1/WARN] (Minecraft) Chunk has both internal and external streams
[21:00:52] [IO-Worker-1/ERROR] (Minecraft) External chunk path /Users/magje/code/mods/jade-modded-entities/fabric/runs/client/saves/New World/region/c.-16.17.mcc is not file
[21:00:52] [IO-Worker-4/ERROR] (Minecraft) Chunk [20, -15] stream is truncated: expected 27973667 but read 4091
[21:00:52] [IO-Worker-1/ERROR] (Minecraft) Chunk [20, -16] stream is truncated: expected 27973667 but read 4091
[21:00:52] [IO-Worker-5/ERROR] (Minecraft) Declared size -767755774 of chunk [-16, -16] is negative
[21:00:52] [IO-Worker-4/WARN] (Minecraft) Chunk has both internal and external streams
[21:00:52] [IO-Worker-4/ERROR] (Minecraft) External chunk path /Users/magje/code/mods/jade-modded-entities/fabric/runs/client/saves/New World/region/c.-16.18.mcc is not file
[21:00:52] [IO-Worker-5/WARN] (Minecraft) Chunk has both internal and external streams
[21:00:52] [IO-Worker-5/ERROR] (Minecraft) External chunk path /Users/magje/code/mods/jade-modded-entities/fabric/runs/client/saves/New World/region/c.-15.18.mcc is not file
[21:00:52] [IO-Worker-2/WARN] (Minecraft) Chunk has both internal and external streams
[21:00:52] [IO-Worker-2/ERROR] (Minecraft) External chunk path /Users/magje/code/mods/jade-modded-entities/fabric/runs/client/saves/New World/region/c.-14.18.mcc is not file
[21:00:52] [IO-Worker-5/WARN] (Minecraft) Chunk has both internal and external streams
[21:00:52] [IO-Worker-5/ERROR] (Minecraft) External chunk path /Users/magje/code/mods/jade-modded-entities/fabric/runs/client/saves/New World/region/c.-13.18.mcc is not file
[21:00:52] [IO-Worker-2/ERROR] (Minecraft) Declared size -1038807520 of chunk [20, 15] is negative
[21:00:52] [IO-Worker-1/WARN] (Minecraft) Chunk has both internal and external streams
[21:00:52] [IO-Worker-1/ERROR] (Minecraft) External chunk path /Users/magje/code/mods/jade-modded-entities/fabric/runs/client/saves/New World/region/c.20.16.mcc is not file
[21:00:52] [IO-Worker-5/ERROR] (Minecraft) Declared size -995921787 of chunk [20, 17] is negative
[21:00:52] [IO-Worker-1/ERROR] (Minecraft) Chunk [15, 18] stream is truncated: expected 168267775 but read 4091
[21:00:52] [IO-Worker-5/ERROR] (Minecraft) Declared size -519436400 of chunk [16, 18] is negative
[21:00:52] [IO-Worker-1/ERROR] (Minecraft) Declared size -1229979639 of chunk [17, 18] is negative
[21:00:52] [IO-Worker-5/ERROR] (Minecraft) Chunk [18, 18] stream is truncated: expected 2060469260 but read 4091
[21:00:52] [IO-Worker-1/ERROR] (Minecraft) Declared size -2060637120 of chunk [19, 18] is negative
[21:00:52] [IO-Worker-5/ERROR] (Minecraft) Declared size -524340060 of chunk [20, 18] is negative
[21:00:52] [IO-Worker-5/WARN] (Minecraft) Chunk has both internal and external streams
[21:00:52] [IO-Worker-5/ERROR] (Minecraft) External chunk path /Users/magje/code/mods/jade-modded-entities/fabric/runs/client/saves/New World/region/c.-16.-17.mcc is not file
[21:00:52] [IO-Worker-1/WARN] (Minecraft) Chunk has both internal and external streams
[21:00:52] [IO-Worker-1/ERROR] (Minecraft) External chunk path /Users/magje/code/mods/jade-modded-entities/fabric/runs/client/saves/New World/region/c.19.-18.mcc is not file
[21:00:52] [IO-Worker-2/WARN] (Minecraft) Chunk has both internal and external streams
[21:00:52] [IO-Worker-2/ERROR] (Minecraft) External chunk path /Users/magje/code/mods/jade-modded-entities/fabric/runs/client/saves/New World/region/c.20.-18.mcc is not file
[21:00:52] [IO-Worker-5/ERROR] (Minecraft) Chunk [20, -17] stream is truncated: expected 27973667 but read 4091
[21:00:52] [IO-Worker-4/ERROR] (Minecraft) Chunk [21, -15] stream is truncated: expected 156288330 but read 4091
[21:00:52] [IO-Worker-2/ERROR] (Minecraft) Chunk [21, -14] stream is truncated: expected 156288330 but read 4091
[21:00:52] [IO-Worker-4/ERROR] (Minecraft) Chunk [21, -13] stream is truncated: expected 1355107169 but read 4091
[21:00:52] [IO-Worker-2/ERROR] (Minecraft) Chunk [21, -12] stream is truncated: expected 156288330 but read 4091
[21:00:52] [IO-Worker-4/ERROR] (Minecraft) Chunk [21, -11] stream is truncated: expected 156288330 but read 4091
[21:00:52] [IO-Worker-2/ERROR] (Minecraft) Chunk [21, -10] stream is truncated: expected 156288330 but read 4091
[21:00:52] [IO-Worker-4/ERROR] (Minecraft) Chunk [21, -9] stream is truncated: expected 156288330 but read 4091
[21:00:52] [IO-Worker-2/ERROR] (Minecraft) Chunk [21, -8] stream is truncated: expected 156288330 but read 4091
[21:00:52] [IO-Worker-4/ERROR] (Minecraft) Chunk [21, -7] stream is truncated: expected 156288330 but read 4091
[21:00:52] [IO-Worker-2/ERROR] (Minecraft) Chunk [21, -6] stream is truncated: expected 78144146 but read 4091
[21:00:52] [IO-Worker-4/ERROR] (Minecraft) Chunk [21, -5] stream is truncated: expected 156288330 but read 4091
[21:00:52] [IO-Worker-2/ERROR] (Minecraft) Chunk [21, -4] stream is truncated: expected 78144146 but read 4091
[21:00:52] [IO-Worker-4/ERROR] (Minecraft) Chunk [21, -3] stream is truncated: expected 156288330 but read 4091
[21:00:52] [IO-Worker-2/ERROR] (Minecraft) Chunk [21, -2] stream is truncated: expected 156288330 but read 4091
[21:00:52] [IO-Worker-4/ERROR] (Minecraft) Chunk [21, -1] stream is truncated: expected 78144146 but read 4091
[21:00:52] [IO-Worker-2/ERROR] (Minecraft) Chunk [21, 0] stream is truncated: expected 1111231062 but read 4091
[21:00:52] [IO-Worker-4/ERROR] (Minecraft) Chunk [21, 1] stream is truncated: expected 1111231062 but read 4091
[21:00:52] [IO-Worker-2/ERROR] (Minecraft) Declared size -1368391671 of chunk [21, 2] is negative
[21:00:52] [IO-Worker-4/ERROR] (Minecraft) Chunk [21, 3] stream is truncated: expected 173488255 but read 4091
[21:00:52] [IO-Worker-2/WARN] (Minecraft) Chunk has both internal and external streams
[21:00:52] [IO-Worker-2/ERROR] (Minecraft) External chunk path /Users/magje/code/mods/jade-modded-entities/fabric/runs/client/saves/New World/region/c.21.4.mcc is not file
[21:00:52] [IO-Worker-4/ERROR] (Minecraft) Declared size -1368391671 of chunk [21, 5] is negative
[21:00:52] [IO-Worker-2/ERROR] (Minecraft) Chunk [21, 6] stream is truncated: expected 1111231062 but read 4091
[21:00:52] [IO-Worker-4/ERROR] (Minecraft) Chunk [21, 7] stream is truncated: expected 1111231062 but read 4091
[21:00:52] [IO-Worker-2/ERROR] (Minecraft) Chunk [21, 8] stream is truncated: expected 173488255 but read 4091
[21:00:52] [IO-Worker-4/WARN] (Minecraft) Chunk has both internal and external streams
[21:00:52] [IO-Worker-4/ERROR] (Minecraft) External chunk path /Users/magje/code/mods/jade-modded-entities/fabric/runs/client/saves/New World/region/c.21.9.mcc is not file
[21:00:52] [IO-Worker-2/WARN] (Minecraft) Chunk has both internal and external streams
[21:00:52] [IO-Worker-2/ERROR] (Minecraft) External chunk path /Users/magje/code/mods/jade-modded-entities/fabric/runs/client/saves/New World/region/c.21.10.mcc is not file
[21:00:52] [IO-Worker-4/ERROR] (Minecraft) Chunk [21, 11] stream is truncated: expected 1111231062 but read 4091
[21:00:52] [IO-Worker-2/ERROR] (Minecraft) Chunk [21, 12] stream is truncated: expected 173488255 but read 4091
[21:00:52] [IO-Worker-4/ERROR] (Minecraft) Declared size -1883106034 of chunk [21, 13] is negative
[21:00:52] [IO-Worker-2/ERROR] (Minecraft) Chunk [21, 14] stream is truncated: expected 277856788 but read 4091
[21:00:52] [IO-Worker-4/WARN] (Minecraft) Chunk has both internal and external streams
[21:00:52] [IO-Worker-4/ERROR] (Minecraft) External chunk path /Users/magje/code/mods/jade-modded-entities/fabric/runs/client/saves/New World/region/c.21.15.mcc is not file
[21:00:52] [IO-Worker-2/ERROR] (Minecraft) Chunk [21, 16] stream is truncated: expected 1111231062 but read 4091
[21:00:52] [IO-Worker-4/ERROR] (Minecraft) Chunk [21, -16] stream is truncated: expected 156288330 but read 4091
[21:00:52] [IO-Worker-2/ERROR] (Minecraft) Chunk [21, -17] stream is truncated: expected 156288330 but read 4091
[21:00:52] [IO-Worker-5/ERROR] (Minecraft) Chunk [21, 17] stream is truncated: expected 277856788 but read 4091
[21:00:52] [IO-Worker-2/ERROR] (Minecraft) Chunk [21, 18] stream is truncated: expected 346976255 but read 4091
[21:00:52] [IO-Worker-5/ERROR] (Minecraft) Chunk [21, -18] stream is truncated: expected 156288330 but read 4091
[21:00:52] [IO-Worker-2/WARN] (Minecraft) Chunk has both internal and external streams
[21:00:52] [IO-Worker-2/ERROR] (Minecraft) External chunk path /Users/magje/code/mods/jade-modded-entities/fabric/runs/client/saves/New World/region/c.-12.-19.mcc is not file
[21:00:52] [IO-Worker-5/ERROR] (Minecraft) Chunk [-11, -19] stream is truncated: expected 914902880 but read 4091
[21:00:52] [IO-Worker-2/ERROR] (Minecraft) Declared size -100518264 of chunk [-10, -19] is negative
[21:00:52] [IO-Worker-4/ERROR] (Minecraft) Chunk [-9, -19] stream is truncated: expected 914902880 but read 4091
[21:00:52] [IO-Worker-5/ERROR] (Minecraft) Chunk [-8, -19] stream is truncated: expected 914902880 but read 4091
[21:00:52] [IO-Worker-1/WARN] (Minecraft) Chunk has both internal and external streams
[21:00:52] [IO-Worker-1/ERROR] (Minecraft) External chunk path /Users/magje/code/mods/jade-modded-entities/fabric/runs/client/saves/New World/region/c.-7.-19.mcc is not file
[21:00:52] [IO-Worker-4/WARN] (Minecraft) Chunk has both internal and external streams
[21:00:52] [IO-Worker-4/ERROR] (Minecraft) External chunk path /Users/magje/code/mods/jade-modded-entities/fabric/runs/client/saves/New World/region/c.-6.-19.mcc is not file
[21:00:52] [IO-Worker-5/WARN] (Minecraft) Chunk has both internal and external streams
[21:00:52] [IO-Worker-5/ERROR] (Minecraft) External chunk path /Users/magje/code/mods/jade-modded-entities/fabric/runs/client/saves/New World/region/c.-5.-19.mcc is not file
[21:00:52] [IO-Worker-4/WARN] (Minecraft) Chunk has both internal and external streams
[21:00:52] [IO-Worker-4/ERROR] (Minecraft) External chunk path /Users/magje/code/mods/jade-modded-entities/fabric/runs/client/saves/New World/region/c.-4.-19.mcc is not file
[21:00:52] [IO-Worker-5/WARN] (Minecraft) Chunk has both internal and external streams
[21:00:52] [IO-Worker-5/ERROR] (Minecraft) External chunk path /Users/magje/code/mods/jade-modded-entities/fabric/runs/client/saves/New World/region/c.-3.-19.mcc is not file
[21:00:52] [IO-Worker-4/ERROR] (Minecraft) Chunk [-2, -19] stream is truncated: expected 1813006176 but read 4091
[21:00:52] [IO-Worker-5/ERROR] (Minecraft) Declared size -1552907005 of chunk [-1, -19] is negative
[21:00:52] [IO-Worker-4/ERROR] (Minecraft) Declared size -1601548830 of chunk [0, -19] is negative
[21:00:52] [IO-Worker-5/WARN] (Minecraft) Chunk has both internal and external streams
[21:00:52] [IO-Worker-5/ERROR] (Minecraft) External chunk path /Users/magje/code/mods/jade-modded-entities/fabric/runs/client/saves/New World/region/c.1.-19.mcc is not file
[21:00:52] [IO-Worker-4/WARN] (Minecraft) Chunk has both internal and external streams
[21:00:52] [IO-Worker-4/ERROR] (Minecraft) External chunk path /Users/magje/code/mods/jade-modded-entities/fabric/runs/client/saves/New World/region/c.2.-19.mcc is not file
[21:00:52] [IO-Worker-5/WARN] (Minecraft) Chunk has both internal and external streams
[21:00:52] [IO-Worker-5/ERROR] (Minecraft) External chunk path /Users/magje/code/mods/jade-modded-entities/fabric/runs/client/saves/New World/region/c.3.-19.mcc is not file
[21:00:52] [IO-Worker-4/WARN] (Minecraft) Chunk has both internal and external streams
[21:00:52] [IO-Worker-4/ERROR] (Minecraft) External chunk path /Users/magje/code/mods/jade-modded-entities/fabric/runs/client/saves/New World/region/c.4.-19.mcc is not file
[21:00:52] [IO-Worker-5/WARN] (Minecraft) Chunk has both internal and external streams
[21:00:52] [IO-Worker-5/ERROR] (Minecraft) External chunk path /Users/magje/code/mods/jade-modded-entities/fabric/runs/client/saves/New World/region/c.5.-19.mcc is not file
[21:00:52] [IO-Worker-4/WARN] (Minecraft) Chunk has both internal and external streams
[21:00:52] [IO-Worker-4/ERROR] (Minecraft) External chunk path /Users/magje/code/mods/jade-modded-entities/fabric/runs/client/saves/New World/region/c.6.-19.mcc is not file
[21:00:52] [IO-Worker-5/WARN] (Minecraft) Chunk has both internal and external streams
[21:00:52] [IO-Worker-5/ERROR] (Minecraft) External chunk path /Users/magje/code/mods/jade-modded-entities/fabric/runs/client/saves/New World/region/c.7.-19.mcc is not file
[21:00:52] [IO-Worker-4/WARN] (Minecraft) Chunk has both internal and external streams
[21:00:52] [IO-Worker-4/ERROR] (Minecraft) External chunk path /Users/magje/code/mods/jade-modded-entities/fabric/runs/client/saves/New World/region/c.8.-19.mcc is not file
[21:00:52] [IO-Worker-5/WARN] (Minecraft) Chunk has both internal and external streams
[21:00:52] [IO-Worker-5/ERROR] (Minecraft) External chunk path /Users/magje/code/mods/jade-modded-entities/fabric/runs/client/saves/New World/region/c.9.-19.mcc is not file
[21:00:52] [IO-Worker-4/ERROR] (Minecraft) Chunk [10, -19] stream is truncated: expected 1425117783 but read 4091
[21:00:52] [IO-Worker-5/ERROR] (Minecraft) Chunk [11, -19] stream is truncated: expected 278643880 but read 4091
[21:00:52] [IO-Worker-4/WARN] (Minecraft) Chunk has both internal and external streams
[21:00:52] [IO-Worker-4/ERROR] (Minecraft) External chunk path /Users/magje/code/mods/jade-modded-entities/fabric/runs/client/saves/New World/region/c.12.-19.mcc is not file
[21:00:52] [IO-Worker-5/WARN] (Minecraft) Chunk has both internal and external streams
[21:00:52] [IO-Worker-5/ERROR] (Minecraft) External chunk path /Users/magje/code/mods/jade-modded-entities/fabric/runs/client/saves/New World/region/c.-13.-19.mcc is not file
[21:00:52] [IO-Worker-4/WARN] (Minecraft) Chunk has both internal and external streams
[21:00:52] [IO-Worker-4/ERROR] (Minecraft) External chunk path /Users/magje/code/mods/jade-modded-entities/fabric/runs/client/saves/New World/region/c.-14.-19.mcc is not file
[21:00:53] [IO-Worker-5/WARN] (Minecraft) Chunk has both internal and external streams
[21:00:53] [IO-Worker-5/ERROR] (Minecraft) External chunk path /Users/magje/code/mods/jade-modded-entities/fabric/runs/client/saves/New World/region/c.-14.19.mcc is not file
[21:00:53] [IO-Worker-1/WARN] (Minecraft) Chunk has both internal and external streams
[21:00:53] [IO-Worker-1/ERROR] (Minecraft) External chunk path /Users/magje/code/mods/jade-modded-entities/fabric/runs/client/saves/New World/region/c.-13.19.mcc is not file
[21:00:53] [IO-Worker-5/WARN] (Minecraft) Chunk has both internal and external streams
[21:00:53] [IO-Worker-5/ERROR] (Minecraft) External chunk path /Users/magje/code/mods/jade-modded-entities/fabric/runs/client/saves/New World/region/c.-12.19.mcc is not file
[21:00:53] [IO-Worker-4/WARN] (Minecraft) Chunk has both internal and external streams
[21:00:53] [IO-Worker-4/ERROR] (Minecraft) External chunk path /Users/magje/code/mods/jade-modded-entities/fabric/runs/client/saves/New World/region/c.-11.19.mcc is not file
[21:00:53] [IO-Worker-5/WARN] (Minecraft) Chunk has both internal and external streams
[21:00:53] [IO-Worker-5/ERROR] (Minecraft) External chunk path /Users/magje/code/mods/jade-modded-entities/fabric/runs/client/saves/New World/region/c.-10.19.mcc is not file
[21:00:53] [IO-Worker-2/WARN] (Minecraft) Chunk has both internal and external streams
[21:00:53] [IO-Worker-2/ERROR] (Minecraft) External chunk path /Users/magje/code/mods/jade-modded-entities/fabric/runs/client/saves/New World/region/c.-9.19.mcc is not file
[21:00:53] [IO-Worker-4/WARN] (Minecraft) Chunk has both internal and external streams
[21:00:53] [IO-Worker-4/ERROR] (Minecraft) External chunk path /Users/magje/code/mods/jade-modded-entities/fabric/runs/client/saves/New World/region/c.-8.19.mcc is not file
[21:00:53] [IO-Worker-5/WARN] (Minecraft) Chunk has both internal and external streams
[21:00:53] [IO-Worker-5/ERROR] (Minecraft) External chunk path /Users/magje/code/mods/jade-modded-entities/fabric/runs/client/saves/New World/region/c.-7.19.mcc is not file
[21:00:53] [IO-Worker-2/WARN] (Minecraft) Chunk has both internal and external streams
[21:00:53] [IO-Worker-2/ERROR] (Minecraft) External chunk path /Users/magje/code/mods/jade-modded-entities/fabric/runs/client/saves/New World/region/c.-6.19.mcc is not file
[21:00:53] [IO-Worker-5/WARN] (Minecraft) Chunk has both internal and external streams
[21:00:53] [IO-Worker-5/ERROR] (Minecraft) External chunk path /Users/magje/code/mods/jade-modded-entities/fabric/runs/client/saves/New World/region/c.-5.19.mcc is not file
[21:00:53] [IO-Worker-2/WARN] (Minecraft) Chunk has both internal and external streams
[21:00:53] [IO-Worker-2/ERROR] (Minecraft) External chunk path /Users/magje/code/mods/jade-modded-entities/fabric/runs/client/saves/New World/region/c.-4.19.mcc is not file
[21:00:53] [IO-Worker-5/WARN] (Minecraft) Chunk has both internal and external streams
[21:00:53] [IO-Worker-5/ERROR] (Minecraft) External chunk path /Users/magje/code/mods/jade-modded-entities/fabric/runs/client/saves/New World/region/c.-3.19.mcc is not file
[21:00:53] [IO-Worker-2/WARN] (Minecraft) Chunk has both internal and external streams
[21:00:53] [IO-Worker-2/ERROR] (Minecraft) External chunk path /Users/magje/code/mods/jade-modded-entities/fabric/runs/client/saves/New World/region/c.-2.19.mcc is not file
[21:00:53] [IO-Worker-5/ERROR] (Minecraft) Chunk [-1, 19] stream is truncated: expected 884234681 but read 4091
[21:00:53] [IO-Worker-2/ERROR] (Minecraft) Declared size -2060637120 of chunk [0, 19] is negative
[21:00:53] [IO-Worker-5/ERROR] (Minecraft) Chunk [1, 19] stream is truncated: expected 278905365 but read 4091
[21:00:53] [IO-Worker-2/ERROR] (Minecraft) Chunk [2, 19] stream is truncated: expected 757874689 but read 4091
[21:00:53] [IO-Worker-5/ERROR] (Minecraft) Chunk [3, 19] stream is truncated: expected 173758591 but read 4091
[21:00:53] [IO-Worker-2/ERROR] (Minecraft) Declared size -2008555254 of chunk [4, 19] is negative
[21:00:53] [IO-Worker-5/ERROR] (Minecraft) Chunk [5, 19] stream is truncated: expected 540968236 but read 4091
[21:00:53] [IO-Worker-2/ERROR] (Minecraft) Declared size -2008555254 of chunk [6, 19] is negative
[21:00:53] [IO-Worker-5/ERROR] (Minecraft) Chunk [7, 19] stream is truncated: expected 168267775 but read 4091
[21:00:53] [IO-Worker-2/ERROR] (Minecraft) Declared size -2008555254 of chunk [8, 19] is negative
[21:00:53] [IO-Worker-5/WARN] (Minecraft) Chunk has both internal and external streams
[21:00:53] [IO-Worker-5/ERROR] (Minecraft) External chunk path /Users/magje/code/mods/jade-modded-entities/fabric/runs/client/saves/New World/region/c.-16.19.mcc is not file
[21:00:53] [IO-Worker-2/WARN] (Minecraft) Chunk has both internal and external streams
[21:00:53] [IO-Worker-2/ERROR] (Minecraft) External chunk path /Users/magje/code/mods/jade-modded-entities/fabric/runs/client/saves/New World/region/c.-15.19.mcc is not file
[21:00:53] [IO-Worker-5/ERROR] (Minecraft) Declared size -2008555254 of chunk [9, 19] is negative
[21:00:53] [IO-Worker-2/ERROR] (Minecraft) Chunk [10, 19] stream is truncated: expected 173758591 but read 4091
[21:00:53] [IO-Worker-5/ERROR] (Minecraft) Chunk [13, -19] stream is truncated: expected 304137290 but read 4091
[21:00:53] [IO-Worker-1/ERROR] (Minecraft) Chunk [14, -19] stream is truncated: expected 304137290 but read 4091
[21:00:53] [IO-Worker-2/ERROR] (Minecraft) Chunk [15, -19] stream is truncated: expected 274895671 but read 4091
[21:00:53] [IO-Worker-1/WARN] (Minecraft) Chunk has both internal and external streams
[21:00:53] [IO-Worker-1/ERROR] (Minecraft) External chunk path /Users/magje/code/mods/jade-modded-entities/fabric/runs/client/saves/New World/region/c.16.-19.mcc is not file
[21:00:53] [IO-Worker-2/ERROR] (Minecraft) Chunk [17, -19] stream is truncated: expected 1075130248 but read 4091
[21:00:53] [IO-Worker-5/WARN] (Minecraft) Chunk has both internal and external streams
[21:00:53] [IO-Worker-5/ERROR] (Minecraft) External chunk path /Users/magje/code/mods/jade-modded-entities/fabric/runs/client/saves/New World/region/c.18.-19.mcc is not file
[21:00:53] [IO-Worker-1/WARN] (Minecraft) Chunk has both internal and external streams
[21:00:53] [IO-Worker-1/ERROR] (Minecraft) External chunk path /Users/magje/code/mods/jade-modded-entities/fabric/runs/client/saves/New World/region/c.19.-19.mcc is not file
[21:00:53] [IO-Worker-2/ERROR] (Minecraft) Chunk [11, 19] stream is truncated: expected 168267775 but read 4091
[21:00:53] [IO-Worker-1/ERROR] (Minecraft) Declared size -658374108 of chunk [12, 19] is negative
[21:00:53] [IO-Worker-5/ERROR] (Minecraft) Chunk [13, 19] stream is truncated: expected 1427085991 but read 4091
[21:00:53] [IO-Worker-2/ERROR] (Minecraft) Chunk [14, 19] stream is truncated: expected 411011670 but read 4091
[21:00:53] [IO-Worker-5/ERROR] (Minecraft) Chunk [15, 19] stream is truncated: expected 168267775 but read 4091
[21:00:53] [IO-Worker-1/ERROR] (Minecraft) Chunk [16, 19] stream is truncated: expected 168267775 but read 4091
[21:00:53] [IO-Worker-2/ERROR] (Minecraft) Declared size -2063251328 of chunk [17, 19] is negative
[21:00:53] [IO-Worker-4/ERROR] (Minecraft) Chunk [18, 19] stream is truncated: expected 540968236 but read 4091
[21:00:53] [IO-Worker-1/WARN] (Minecraft) Chunk has both internal and external streams
[21:00:53] [IO-Worker-1/ERROR] (Minecraft) External chunk path /Users/magje/code/mods/jade-modded-entities/fabric/runs/client/saves/New World/region/c.19.19.mcc is not file
[21:00:53] [IO-Worker-4/ERROR] (Minecraft) Declared size -2060772288 of chunk [20, 19] is negative
[21:00:53] [IO-Worker-5/ERROR] (Minecraft) Chunk [-16, -18] stream is truncated: expected 914902880 but read 4091
[21:00:53] [IO-Worker-2/WARN] (Minecraft) Chunk has both internal and external streams
[21:00:53] [IO-Worker-2/ERROR] (Minecraft) External chunk path /Users/magje/code/mods/jade-modded-entities/fabric/runs/client/saves/New World/region/c.-9.20.mcc is not file
[21:00:53] [IO-Worker-5/WARN] (Minecraft) Chunk has both internal and external streams
[21:00:53] [IO-Worker-5/ERROR] (Minecraft) External chunk path /Users/magje/code/mods/jade-modded-entities/fabric/runs/client/saves/New World/region/c.-8.20.mcc is not file
[21:00:53] [IO-Worker-1/WARN] (Minecraft) Chunk has both internal and external streams
[21:00:53] [IO-Worker-1/ERROR] (Minecraft) External chunk path /Users/magje/code/mods/jade-modded-entities/fabric/runs/client/saves/New World/region/c.-7.20.mcc is not file
[21:00:53] [IO-Worker-5/ERROR] (Minecraft) Chunk [-6, 20] stream is truncated: expected 449973404 but read 4091
[21:00:53] [IO-Worker-1/WARN] (Minecraft) Chunk has both internal and external streams
[21:00:53] [IO-Worker-1/ERROR] (Minecraft) External chunk path /Users/magje/code/mods/jade-modded-entities/fabric/runs/client/saves/New World/region/c.-5.20.mcc is not file
[21:00:53] [IO-Worker-5/ERROR] (Minecraft) Chunk [-4, 20] stream is truncated: expected 428300759 but read 4091
[21:00:53] [IO-Worker-1/WARN] (Minecraft) Chunk has both internal and external streams
[21:00:53] [IO-Worker-1/ERROR] (Minecraft) External chunk path /Users/magje/code/mods/jade-modded-entities/fabric/runs/client/saves/New World/region/c.-3.20.mcc is not file
[21:00:53] [IO-Worker-5/WARN] (Minecraft) Chunk has both internal and external streams
[21:00:53] [IO-Worker-5/ERROR] (Minecraft) External chunk path /Users/magje/code/mods/jade-modded-entities/fabric/runs/client/saves/New World/region/c.-2.20.mcc is not file
[21:00:53] [IO-Worker-1/WARN] (Minecraft) Chunk has both internal and external streams
[21:00:53] [IO-Worker-1/ERROR] (Minecraft) External chunk path /Users/magje/code/mods/jade-modded-entities/fabric/runs/client/saves/New World/region/c.-1.20.mcc is not file
[21:00:53] [IO-Worker-5/WARN] (Minecraft) Chunk has both internal and external streams
[21:00:53] [IO-Worker-5/ERROR] (Minecraft) External chunk path /Users/magje/code/mods/jade-modded-entities/fabric/runs/client/saves/New World/region/c.0.20.mcc is not file
[21:00:53] [IO-Worker-4/ERROR] (Minecraft) Declared size -1883106034 of chunk [1, 20] is negative
[21:00:53] [IO-Worker-2/ERROR] (Minecraft) Chunk [2, 20] stream is truncated: expected 538871082 but read 4091
[21:00:53] [IO-Worker-4/ERROR] (Minecraft) Chunk [3, 20] stream is truncated: expected 277856788 but read 4091
[21:00:53] [IO-Worker-2/ERROR] (Minecraft) Chunk [4, 20] stream is truncated: expected 277856788 but read 4091
[21:00:53] [IO-Worker-4/ERROR] (Minecraft) Chunk [5, 20] stream is truncated: expected 538871082 but read 4091
[21:00:53] [IO-Worker-1/ERROR] (Minecraft) Chunk [6, 20] stream is truncated: expected 277856788 but read 4091
[21:00:53] [IO-Worker-2/ERROR] (Minecraft) Chunk [7, 20] stream is truncated: expected 277856788 but read 4091
[21:00:53] [IO-Worker-4/ERROR] (Minecraft) Declared size -1038807520 of chunk [8, 20] is negative
[21:00:53] [IO-Worker-2/ERROR] (Minecraft) Chunk [9, 20] stream is truncated: expected 277856788 but read 4091
[21:00:53] [IO-Worker-4/ERROR] (Minecraft) Declared size -2139614034 of chunk [10, 20] is negative
[21:00:53] [IO-Worker-2/ERROR] (Minecraft) Chunk [11, 20] stream is truncated: expected 277856788 but read 4091
[21:00:53] [IO-Worker-4/ERROR] (Minecraft) Chunk [12, 20] stream is truncated: expected 277856788 but read 4091
[21:00:53] [IO-Worker-2/WARN] (Minecraft) Chunk has both internal and external streams
[21:00:53] [IO-Worker-2/ERROR] (Minecraft) External chunk path /Users/magje/code/mods/jade-modded-entities/fabric/runs/client/saves/New World/region/c.13.20.mcc is not file
[21:00:53] [IO-Worker-4/WARN] (Minecraft) Chunk has both internal and external streams
[21:00:53] [IO-Worker-4/ERROR] (Minecraft) External chunk path /Users/magje/code/mods/jade-modded-entities/fabric/runs/client/saves/New World/region/c.-13.20.mcc is not file
[21:00:53] [IO-Worker-1/WARN] (Minecraft) Chunk has both internal and external streams
[21:00:53] [IO-Worker-1/ERROR] (Minecraft) External chunk path /Users/magje/code/mods/jade-modded-entities/fabric/runs/client/saves/New World/region/c.-12.20.mcc is not file
[21:00:53] [IO-Worker-4/WARN] (Minecraft) Chunk has both internal and external streams
[21:00:53] [IO-Worker-4/ERROR] (Minecraft) External chunk path /Users/magje/code/mods/jade-modded-entities/fabric/runs/client/saves/New World/region/c.-11.20.mcc is not file
[21:00:53] [IO-Worker-1/WARN] (Minecraft) Chunk has both internal and external streams
[21:00:53] [IO-Worker-1/ERROR] (Minecraft) External chunk path /Users/magje/code/mods/jade-modded-entities/fabric/runs/client/saves/New World/region/c.-10.20.mcc is not file
[21:00:53] [IO-Worker-4/WARN] (Minecraft) Chunk has both internal and external streams
[21:00:53] [IO-Worker-4/ERROR] (Minecraft) External chunk path /Users/magje/code/mods/jade-modded-entities/fabric/runs/client/saves/New World/region/c.14.20.mcc is not file
[21:00:53] [IO-Worker-1/ERROR] (Minecraft) Declared size -1038807520 of chunk [15, 20] is negative
[21:00:53] [IO-Worker-4/ERROR] (Minecraft) Chunk [16, 20] stream is truncated: expected 277856788 but read 4091
[21:00:53] [IO-Worker-1/WARN] (Minecraft) Chunk has both internal and external streams
[21:00:53] [IO-Worker-1/ERROR] (Minecraft) External chunk path /Users/magje/code/mods/jade-modded-entities/fabric/runs/client/saves/New World/region/c.17.20.mcc is not file
[21:00:53] [IO-Worker-2/ERROR] (Minecraft) Chunk [18, 20] stream is truncated: expected 538871082 but read 4091
[21:00:53] [IO-Worker-1/ERROR] (Minecraft) Chunk [19, 20] stream is truncated: expected 723271681 but read 4091
[21:00:53] [IO-Worker-2/ERROR] (Minecraft) Declared size -1537623375 of chunk [-14, 20] is negative
[21:00:53] [IO-Worker-2/ERROR] (Minecraft) Declared size -1537623375 of chunk [-15, 20] is negative
[21:00:53] [IO-Worker-2/ERROR] (Minecraft) Declared size -968363606 of chunk [20, 20] is negative
[21:00:53] [IO-Worker-2/WARN] (Minecraft) Chunk has both internal and external streams
[21:00:53] [IO-Worker-2/ERROR] (Minecraft) External chunk path /Users/magje/code/mods/jade-modded-entities/fabric/runs/client/saves/New World/region/c.-16.20.mcc is not file
[21:00:53] [IO-Worker-4/ERROR] (Minecraft) Declared size -1368391671 of chunk [21, 19] is negative
[21:00:53] [IO-Worker-2/ERROR] (Minecraft) Declared size -2008555254 of chunk [21, 20] is negative
[21:00:53] [IO-Worker-4/ERROR] (Minecraft) Chunk [-17, -10] stream is truncated: expected 268816474 but read 4091
[21:00:53] [IO-Worker-1/WARN] (Minecraft) Chunk has both internal and external streams
[21:00:53] [IO-Worker-1/ERROR] (Minecraft) External chunk path /Users/magje/code/mods/jade-modded-entities/fabric/runs/client/saves/New World/region/c.-17.-9.mcc is not file
[21:00:53] [IO-Worker-2/WARN] (Minecraft) Chunk has both internal and external streams
[21:00:53] [IO-Worker-2/ERROR] (Minecraft) External chunk path /Users/magje/code/mods/jade-modded-entities/fabric/runs/client/saves/New World/region/c.-17.-8.mcc is not file
[21:00:53] [IO-Worker-4/ERROR] (Minecraft) Chunk [-17, -7] stream is truncated: expected 449985785 but read 4091
[21:00:53] [IO-Worker-1/ERROR] (Minecraft) Chunk [-17, -6] stream is truncated: expected 449985785 but read 4091
[21:00:53] [IO-Worker-4/ERROR] (Minecraft) Chunk [-17, -5] stream is truncated: expected 449985785 but read 4091
[21:00:53] [IO-Worker-1/ERROR] (Minecraft) Chunk [-17, -4] stream is truncated: expected 449985785 but read 4091
[21:00:53] [IO-Worker-4/WARN] (Minecraft) Chunk has both internal and external streams
[21:00:53] [IO-Worker-4/ERROR] (Minecraft) External chunk path /Users/magje/code/mods/jade-modded-entities/fabric/runs/client/saves/New World/region/c.-17.-3.mcc is not file
[21:00:53] [IO-Worker-2/ERROR] (Minecraft) Declared size -767755774 of chunk [-17, -2] is negative
[21:00:53] [IO-Worker-1/WARN] (Minecraft) Chunk has both internal and external streams
[21:00:53] [IO-Worker-1/ERROR] (Minecraft) External chunk path /Users/magje/code/mods/jade-modded-entities/fabric/runs/client/saves/New World/region/c.-17.-1.mcc is not file
[21:00:53] [IO-Worker-2/ERROR] (Minecraft) Chunk [-17, 0] stream is truncated: expected 248732089 but read 4091
[21:00:53] [IO-Worker-4/ERROR] (Minecraft) Declared size -767755774 of chunk [-17, 1] is negative
[21:00:53] [IO-Worker-2/ERROR] (Minecraft) Chunk [-17, 2] stream is truncated: expected 916748787 but read 4091
[21:00:53] [IO-Worker-4/ERROR] (Minecraft) Chunk [-17, 3] stream is truncated: expected 315768057 but read 4091
[21:00:53] [IO-Worker-2/WARN] (Minecraft) Chunk has both internal and external streams
[21:00:53] [IO-Worker-2/ERROR] (Minecraft) External chunk path /Users/magje/code/mods/jade-modded-entities/fabric/runs/client/saves/New World/region/c.-17.4.mcc is not file
[21:00:53] [IO-Worker-4/ERROR] (Minecraft) Declared size -1700365836 of chunk [-17, 5] is negative
[21:00:53] [IO-Worker-2/ERROR] (Minecraft) Chunk [-17, 6] stream is truncated: expected 883186105 but read 4091
[21:00:53] [IO-Worker-4/ERROR] (Minecraft) Chunk [-17, 7] stream is truncated: expected 883186105 but read 4091
[21:00:53] [IO-Worker-2/ERROR] (Minecraft) Chunk [-17, 8] stream is truncated: expected 883186105 but read 4091
[21:00:53] [IO-Worker-4/ERROR] (Minecraft) Chunk [-17, 9] stream is truncated: expected 883186105 but read 4091
[21:00:53] [IO-Worker-2/ERROR] (Minecraft) Chunk [-17, 10] stream is truncated: expected 450020584 but read 4091
[21:00:53] [IO-Worker-4/ERROR] (Minecraft) Chunk [-17, 11] stream is truncated: expected 1697213876 but read 4091
[21:00:53] [IO-Worker-2/ERROR] (Minecraft) Chunk [-17, 12] stream is truncated: expected 450018553 but read 4091
[21:00:53] [IO-Worker-4/ERROR] (Minecraft) Chunk [-17, -12] stream is truncated: expected 449985785 but read 4091
[21:00:53] [IO-Worker-2/ERROR] (Minecraft) Chunk [-17, -11] stream is truncated: expected 449985785 but read 4091
[21:00:53] [IO-Worker-4/ERROR] (Minecraft) Chunk [-17, -13] stream is truncated: expected 449985785 but read 4091
[21:00:53] [IO-Worker-2/WARN] (Minecraft) Chunk has both internal and external streams
[21:00:53] [IO-Worker-2/ERROR] (Minecraft) External chunk path /Users/magje/code/mods/jade-modded-entities/fabric/runs/client/saves/New World/region/c.-17.13.mcc is not file
[21:00:53] [IO-Worker-2/WARN] (Minecraft) Chunk has both internal and external streams
[21:00:53] [IO-Worker-2/ERROR] (Minecraft) External chunk path /Users/magje/code/mods/jade-modded-entities/fabric/runs/client/saves/New World/region/c.-17.14.mcc is not file
[21:00:53] [IO-Worker-4/ERROR] (Minecraft) Chunk [-17, -14] stream is truncated: expected 449985785 but read 4091
[21:00:53] [IO-Worker-2/ERROR] (Minecraft) Chunk [-17, -15] stream is truncated: expected 449985785 but read 4091
[21:00:53] [IO-Worker-4/ERROR] (Minecraft) Chunk [-17, 15] stream is truncated: expected 883186105 but read 4091
[21:00:53] [IO-Worker-5/ERROR] (Minecraft) Chunk [-17, 16] stream is truncated: expected 883186105 but read 4091
[21:00:53] [IO-Worker-4/WARN] (Minecraft) Chunk has both internal and external streams
[21:00:53] [IO-Worker-4/ERROR] (Minecraft) External chunk path /Users/magje/code/mods/jade-modded-entities/fabric/runs/client/saves/New World/region/c.-17.17.mcc is not file
[21:00:53] [IO-Worker-5/WARN] (Minecraft) Chunk has both internal and external streams
[21:00:53] [IO-Worker-5/ERROR] (Minecraft) External chunk path /Users/magje/code/mods/jade-modded-entities/fabric/runs/client/saves/New World/region/c.-17.18.mcc is not file
[21:00:53] [IO-Worker-4/WARN] (Minecraft) Chunk has both internal and external streams
[21:00:53] [IO-Worker-4/ERROR] (Minecraft) External chunk path /Users/magje/code/mods/jade-modded-entities/fabric/runs/client/saves/New World/region/c.-17.19.mcc is not file
[21:00:53] [IO-Worker-5/WARN] (Minecraft) Chunk has both internal and external streams
[21:00:53] [IO-Worker-5/ERROR] (Minecraft) External chunk path /Users/magje/code/mods/jade-modded-entities/fabric/runs/client/saves/New World/region/c.-17.20.mcc is not file
[21:00:53] [Render thread/INFO] (Minecraft) Resizing Chunk Sections UBO, capacity limit of 128 reached during a single frame. New capacity will be 256.
[21:00:53] [IO-Worker-2/ERROR] (Minecraft) Chunk [-17, -18] stream is truncated: expected 449985785 but read 4091
[21:00:53] [IO-Worker-4/ERROR] (Minecraft) Chunk [-17, -17] stream is truncated: expected 449985785 but read 4091
[21:00:53] [IO-Worker-2/ERROR] (Minecraft) Chunk [-17, -16] stream is truncated: expected 449985785 but read 4091
[21:00:53] [IO-Worker-2/ERROR] (Minecraft) Chunk [-16, -19] stream is truncated: expected 914902880 but read 4091
[21:00:53] [IO-Worker-5/WARN] (Minecraft) Chunk has both internal and external streams
[21:00:53] [IO-Worker-5/ERROR] (Minecraft) External chunk path /Users/magje/code/mods/jade-modded-entities/fabric/runs/client/saves/New World/region/c.-15.-19.mcc is not file
[21:00:53] [IO-Worker-4/ERROR] (Minecraft) Chunk [-17, -19] stream is truncated: expected 449985785 but read 4091
[21:00:53] [IO-Worker-2/ERROR] (Minecraft) Chunk [-13, 21] stream is truncated: expected 449985785 but read 4091
[21:00:53] [IO-Worker-5/ERROR] (Minecraft) Chunk [-12, 21] stream is truncated: expected 449985785 but read 4091
[21:00:53] [IO-Worker-1/ERROR] (Minecraft) Chunk [-11, 21] stream is truncated: expected 449985785 but read 4091
[21:00:53] [IO-Worker-4/ERROR] (Minecraft) Chunk [-10, 21] stream is truncated: expected 449985785 but read 4091
[21:00:53] [IO-Worker-1/ERROR] (Minecraft) Chunk [-9, 21] stream is truncated: expected 449985785 but read 4091
[21:00:53] [IO-Worker-5/ERROR] (Minecraft) Chunk [-8, 21] stream is truncated: expected 449985785 but read 4091
[21:00:53] [IO-Worker-2/ERROR] (Minecraft) Chunk [-7, 21] stream is truncated: expected 449985785 but read 4091
[21:00:53] [IO-Worker-1/ERROR] (Minecraft) Chunk [-6, 21] stream is truncated: expected 449973404 but read 4091
[21:00:53] [IO-Worker-4/WARN] (Minecraft) Chunk has both internal and external streams
[21:00:53] [IO-Worker-4/ERROR] (Minecraft) External chunk path /Users/magje/code/mods/jade-modded-entities/fabric/runs/client/saves/New World/region/c.-5.21.mcc is not file
[21:00:53] [IO-Worker-2/ERROR] (Minecraft) Declared size -1448802482 of chunk [-4, 21] is negative
[21:00:53] [IO-Worker-1/WARN] (Minecraft) Chunk has both internal and external streams
[21:00:53] [IO-Worker-1/ERROR] (Minecraft) External chunk path /Users/magje/code/mods/jade-modded-entities/fabric/runs/client/saves/New World/region/c.-3.21.mcc is not file
[21:00:53] [IO-Worker-2/ERROR] (Minecraft) Chunk [-2, 21] stream is truncated: expected 449985785 but read 4091
[21:00:53] [IO-Worker-4/ERROR] (Minecraft) Chunk [-1, 21] stream is truncated: expected 883186105 but read 4091
[21:00:53] [IO-Worker-5/ERROR] (Minecraft) Chunk [0, 21] stream is truncated: expected 166799723 but read 4091
[21:00:53] [IO-Worker-3/ERROR] (Minecraft) Chunk [1, 21] stream is truncated: expected 1111231062 but read 4091
[21:00:53] [IO-Worker-4/ERROR] (Minecraft) Declared size -2072505170 of chunk [2, 21] is negative
[21:00:53] [IO-Worker-3/WARN] (Minecraft) Chunk has both internal and external streams
[21:00:53] [IO-Worker-3/ERROR] (Minecraft) External chunk path /Users/magje/code/mods/jade-modded-entities/fabric/runs/client/saves/New World/region/c.3.21.mcc is not file
[21:00:53] [IO-Worker-4/WARN] (Minecraft) Chunk has both internal and external streams
[21:00:53] [IO-Worker-4/ERROR] (Minecraft) External chunk path /Users/magje/code/mods/jade-modded-entities/fabric/runs/client/saves/New World/region/c.4.21.mcc is not file
[21:00:53] [IO-Worker-3/ERROR] (Minecraft) Declared size -2072505170 of chunk [5, 21] is negative
[21:00:53] [IO-Worker-4/ERROR] (Minecraft) Chunk [6, 21] stream is truncated: expected 1111231062 but read 4091
[21:00:53] [IO-Worker-3/ERROR] (Minecraft) Chunk [7, 21] stream is truncated: expected 1111637001 but read 4091
[21:00:53] [IO-Worker-4/ERROR] (Minecraft) Declared size -524340060 of chunk [8, 21] is negative
[21:00:53] [IO-Worker-3/ERROR] (Minecraft) Chunk [9, 21] stream is truncated: expected 1111231062 but read 4091
[21:00:53] [IO-Worker-4/WARN] (Minecraft) Chunk has both internal and external streams
[21:00:53] [IO-Worker-4/ERROR] (Minecraft) External chunk path /Users/magje/code/mods/jade-modded-entities/fabric/runs/client/saves/New World/region/c.10.21.mcc is not file
[21:00:53] [IO-Worker-3/ERROR] (Minecraft) Chunk [11, 21] stream is truncated: expected 1111231062 but read 4091
[21:00:53] [IO-Worker-4/ERROR] (Minecraft) Chunk [-14, 21] stream is truncated: expected 449985785 but read 4091
[21:00:53] [IO-Worker-5/ERROR] (Minecraft) Chunk [12, 21] stream is truncated: expected 1111231062 but read 4091
[21:00:53] [IO-Worker-4/ERROR] (Minecraft) Declared size -1877962814 of chunk [13, 21] is negative
[21:00:53] [IO-Worker-5/WARN] (Minecraft) Chunk has both internal and external streams
[21:00:53] [IO-Worker-5/ERROR] (Minecraft) External chunk path /Users/magje/code/mods/jade-modded-entities/fabric/runs/client/saves/New World/region/c.14.21.mcc is not file
[21:00:53] [IO-Worker-4/ERROR] (Minecraft) Chunk [15, 21] stream is truncated: expected 1111231062 but read 4091
[21:00:53] [IO-Worker-5/ERROR] (Minecraft) Chunk [16, 21] stream is truncated: expected 1111231062 but read 4091
[21:00:53] [IO-Worker-4/WARN] (Minecraft) Chunk has both internal and external streams
[21:00:53] [IO-Worker-4/ERROR] (Minecraft) External chunk path /Users/magje/code/mods/jade-modded-entities/fabric/runs/client/saves/New World/region/c.17.21.mcc is not file
[21:00:53] [IO-Worker-5/ERROR] (Minecraft) Chunk [18, 21] stream is truncated: expected 883186105 but read 4091
[21:00:53] [IO-Worker-4/ERROR] (Minecraft) Declared size -2072505170 of chunk [19, 21] is negative
[21:00:53] [IO-Worker-5/ERROR] (Minecraft) Declared size -2008555254 of chunk [20, 21] is negative
[21:00:53] [IO-Worker-4/WARN] (Minecraft) Chunk has both internal and external streams
[21:00:53] [IO-Worker-4/ERROR] (Minecraft) External chunk path /Users/magje/code/mods/jade-modded-entities/fabric/runs/client/saves/New World/region/c.21.21.mcc is not file
[21:00:54] [IO-Worker-4/ERROR] (Minecraft) Chunk [-16, 21] stream is truncated: expected 449985785 but read 4091
[21:00:54] [IO-Worker-3/ERROR] (Minecraft) Chunk [-15, 21] stream is truncated: expected 449985785 but read 4091
[21:00:54] [IO-Worker-5/ERROR] (Minecraft) Chunk [-17, 21] stream is truncated: expected 449985785 but read 4091
[21:00:54] [IO-Worker-5/ERROR] (Minecraft) Chunk [22, -16] stream is truncated: expected 156288330 but read 4091
[21:00:54] [IO-Worker-4/ERROR] (Minecraft) Chunk [22, -15] stream is truncated: expected 156288330 but read 4091
[21:00:54] [IO-Worker-3/ERROR] (Minecraft) Declared size -1229979639 of chunk [22, -14] is negative
[21:00:54] [IO-Worker-4/ERROR] (Minecraft) Chunk [22, -13] stream is truncated: expected 156288330 but read 4091
[21:00:54] [IO-Worker-1/ERROR] (Minecraft) Chunk [22, -12] stream is truncated: expected 156288330 but read 4091
[21:00:54] [IO-Worker-4/ERROR] (Minecraft) Chunk [22, -11] stream is truncated: expected 156288330 but read 4091
[21:00:54] [IO-Worker-1/ERROR] (Minecraft) Chunk [22, -10] stream is truncated: expected 156288330 but read 4091
[21:00:54] [IO-Worker-3/ERROR] (Minecraft) Chunk [22, -9] stream is truncated: expected 156288330 but read 4091
[21:00:54] [IO-Worker-5/ERROR] (Minecraft) Chunk [22, -8] stream is truncated: expected 156288330 but read 4091
[21:00:54] [IO-Worker-3/ERROR] (Minecraft) Chunk [22, -7] stream is truncated: expected 156288330 but read 4091
[21:00:54] [IO-Worker-5/ERROR] (Minecraft) Chunk [22, -6] stream is truncated: expected 78144146 but read 4091
[21:00:54] [IO-Worker-3/ERROR] (Minecraft) Chunk [22, -5] stream is truncated: expected 156288330 but read 4091
[21:00:54] [IO-Worker-5/ERROR] (Minecraft) Chunk [22, -4] stream is truncated: expected 78144146 but read 4091
[21:00:54] [IO-Worker-3/ERROR] (Minecraft) Chunk [22, -3] stream is truncated: expected 156288330 but read 4091
[21:00:54] [IO-Worker-5/ERROR] (Minecraft) Chunk [22, -2] stream is truncated: expected 156288330 but read 4091
[21:00:54] [IO-Worker-3/ERROR] (Minecraft) Chunk [22, -1] stream is truncated: expected 78144146 but read 4091
[21:00:54] [IO-Worker-5/ERROR] (Minecraft) Chunk [22, 0] stream is truncated: expected 173488255 but read 4091
[21:00:54] [IO-Worker-3/ERROR] (Minecraft) Chunk [22, 1] stream is truncated: expected 173488255 but read 4091
[21:00:54] [IO-Worker-5/ERROR] (Minecraft) Declared size -1368391671 of chunk [22, 2] is negative
[21:00:54] [IO-Worker-3/ERROR] (Minecraft) Chunk [22, 3] stream is truncated: expected 173488255 but read 4091
[21:00:54] [IO-Worker-5/ERROR] (Minecraft) Chunk [22, 4] stream is truncated: expected 1111231062 but read 4091
[21:00:54] [IO-Worker-3/ERROR] (Minecraft) Declared size -2072505170 of chunk [22, 5] is negative
[21:00:54] [IO-Worker-5/WARN] (Minecraft) Chunk has both internal and external streams
[21:00:54] [IO-Worker-5/ERROR] (Minecraft) External chunk path /Users/magje/code/mods/jade-modded-entities/fabric/runs/client/saves/New World/region/c.22.6.mcc is not file
[21:00:54] [IO-Worker-3/ERROR] (Minecraft) Chunk [20, -19] stream is truncated: expected 27973667 but read 4091
[21:00:54] [IO-Worker-5/ERROR] (Minecraft) Chunk [21, -19] stream is truncated: expected 156288330 but read 4091
[21:00:54] [IO-Worker-3/ERROR] (Minecraft) Chunk [22, -19] stream is truncated: expected 88606832 but read 4091
[21:00:54] [IO-Worker-5/ERROR] (Minecraft) Chunk [22, -18] stream is truncated: expected 156288330 but read 4091
[21:00:54] [IO-Worker-3/ERROR] (Minecraft) Chunk [22, -17] stream is truncated: expected 156288330 but read 4091
[21:00:54] [IO-Worker-5/WARN] (Minecraft) Chunk has both internal and external streams
[21:00:54] [IO-Worker-5/ERROR] (Minecraft) External chunk path /Users/magje/code/mods/jade-modded-entities/fabric/runs/client/saves/New World/region/c.22.7.mcc is not file
[21:00:54] [IO-Worker-3/ERROR] (Minecraft) Chunk [22, 8] stream is truncated: expected 1111231062 but read 4091
[21:00:54] [IO-Worker-4/WARN] (Minecraft) Chunk has both internal and external streams
[21:00:54] [IO-Worker-4/ERROR] (Minecraft) External chunk path /Users/magje/code/mods/jade-modded-entities/fabric/runs/client/saves/New World/region/c.22.9.mcc is not file
[21:00:54] [IO-Worker-5/ERROR] (Minecraft) Chunk [22, 10] stream is truncated: expected 1406714369 but read 4091
[21:00:54] [IO-Worker-4/ERROR] (Minecraft) Chunk [22, 11] stream is truncated: expected 173488255 but read 4091
[21:00:54] [IO-Worker-5/ERROR] (Minecraft) Chunk [22, 12] stream is truncated: expected 1111231062 but read 4091
[21:00:54] [IO-Worker-4/ERROR] (Minecraft) Declared size -1883106034 of chunk [22, 13] is negative
[21:00:54] [IO-Worker-5/ERROR] (Minecraft) Chunk [22, 14] stream is truncated: expected 277856788 but read 4091
[21:00:54] [IO-Worker-4/ERROR] (Minecraft) Chunk [22, 15] stream is truncated: expected 1111231062 but read 4091
[21:00:54] [IO-Worker-5/ERROR] (Minecraft) Chunk [22, 16] stream is truncated: expected 173488255 but read 4091
[21:00:54] [IO-Worker-4/ERROR] (Minecraft) Declared size -1038807520 of chunk [22, 17] is negative
[21:00:54] [IO-Worker-5/ERROR] (Minecraft) Declared size -2072505170 of chunk [22, 18] is negative
[21:00:54] [IO-Worker-4/ERROR] (Minecraft) Declared size -2072505170 of chunk [22, 19] is negative
[21:00:54] [IO-Worker-5/ERROR] (Minecraft) Declared size -2060772288 of chunk [22, 20] is negative
[21:00:54] [IO-Worker-4/ERROR] (Minecraft) Declared size -917585104 of chunk [22, 21] is negative
[21:00:54] [IO-Worker-5/ERROR] (Minecraft) Chunk [23, -15] stream is truncated: expected 39121297 but read 4091
[21:00:54] [IO-Worker-4/ERROR] (Minecraft) Chunk [23, -14] stream is truncated: expected 39121297 but read 4091
[21:00:54] [IO-Worker-5/ERROR] (Minecraft) Chunk [23, -13] stream is truncated: expected 39121297 but read 4091
[21:00:54] [IO-Worker-4/WARN] (Minecraft) Chunk has both internal and external streams
[21:00:54] [IO-Worker-4/ERROR] (Minecraft) External chunk path /Users/magje/code/mods/jade-modded-entities/fabric/runs/client/saves/New World/region/c.23.-12.mcc is not file
[21:00:54] [IO-Worker-3/ERROR] (Minecraft) Chunk [23, -11] stream is truncated: expected 39121297 but read 4091
[21:00:54] [IO-Worker-4/ERROR] (Minecraft) Chunk [23, -10] stream is truncated: expected 39121297 but read 4091
[21:00:54] [IO-Worker-5/ERROR] (Minecraft) Chunk [23, -9] stream is truncated: expected 39121297 but read 4091
[21:00:54] [IO-Worker-3/ERROR] (Minecraft) Chunk [23, -8] stream is truncated: expected 39121297 but read 4091
[21:00:54] [IO-Worker-5/ERROR] (Minecraft) Chunk [23, -7] stream is truncated: expected 39121297 but read 4091
[21:00:54] [IO-Worker-4/ERROR] (Minecraft) Chunk [23, -6] stream is truncated: expected 27973667 but read 4091
[21:00:54] [IO-Worker-5/ERROR] (Minecraft) Chunk [23, -5] stream is truncated: expected 39121297 but read 4091
[21:00:54] [IO-Worker-3/ERROR] (Minecraft) Chunk [23, -4] stream is truncated: expected 27973667 but read 4091
[21:00:54] [IO-Worker-5/ERROR] (Minecraft) Chunk [23, -3] stream is truncated: expected 39121297 but read 4091
[21:00:54] [IO-Worker-2/ERROR] (Minecraft) Chunk [23, -2] stream is truncated: expected 39121297 but read 4091
[21:00:54] [IO-Worker-3/ERROR] (Minecraft) Chunk [23, -1] stream is truncated: expected 27973667 but read 4091
[21:00:54] [IO-Worker-5/WARN] (Minecraft) Chunk has both internal and external streams
[21:00:54] [IO-Worker-5/ERROR] (Minecraft) External chunk path /Users/magje/code/mods/jade-modded-entities/fabric/runs/client/saves/New World/region/c.23.0.mcc is not file
[21:00:54] [IO-Worker-3/ERROR] (Minecraft) Declared size -1883106034 of chunk [23, 1] is negative
[21:00:54] [IO-Worker-5/ERROR] (Minecraft) Chunk [23, 2] stream is truncated: expected 512043803 but read 4091
[21:00:54] [IO-Worker-3/ERROR] (Minecraft) Chunk [23, 3] stream is truncated: expected 277856788 but read 4091
[21:00:54] [IO-Worker-5/WARN] (Minecraft) Chunk has both internal and external streams
[21:00:54] [IO-Worker-5/ERROR] (Minecraft) External chunk path /Users/magje/code/mods/jade-modded-entities/fabric/runs/client/saves/New World/region/c.23.4.mcc is not file
[21:00:54] [IO-Worker-3/ERROR] (Minecraft) Declared size -2060772288 of chunk [23, 5] is negative
[21:00:54] [IO-Worker-5/WARN] (Minecraft) Chunk has both internal and external streams
[21:00:54] [IO-Worker-5/ERROR] (Minecraft) External chunk path /Users/magje/code/mods/jade-modded-entities/fabric/runs/client/saves/New World/region/c.23.6.mcc is not file
[21:00:54] [IO-Worker-3/ERROR] (Minecraft) Chunk [23, 7] stream is truncated: expected 277856788 but read 4091
[21:00:54] [IO-Worker-5/ERROR] (Minecraft) Chunk [23, 8] stream is truncated: expected 277856788 but read 4091
[21:00:54] [IO-Worker-3/ERROR] (Minecraft) Declared size -1038807520 of chunk [23, 9] is negative
[21:00:54] [IO-Worker-5/WARN] (Minecraft) Chunk has both internal and external streams
[21:00:54] [IO-Worker-5/ERROR] (Minecraft) External chunk path /Users/magje/code/mods/jade-modded-entities/fabric/runs/client/saves/New World/region/c.23.10.mcc is not file
[21:00:54] [IO-Worker-3/ERROR] (Minecraft) Chunk [23, -16] stream is truncated: expected 39121297 but read 4091
[21:00:54] [IO-Worker-5/WARN] (Minecraft) Chunk has both internal and external streams
[21:00:54] [IO-Worker-5/ERROR] (Minecraft) External chunk path /Users/magje/code/mods/jade-modded-entities/fabric/runs/client/saves/New World/region/c.23.11.mcc is not file
[21:00:54] [IO-Worker-3/ERROR] (Minecraft) Declared size -1038807520 of chunk [23, 12] is negative
[21:00:54] [IO-Worker-5/WARN] (Minecraft) Chunk has both internal and external streams
[21:00:54] [IO-Worker-5/ERROR] (Minecraft) External chunk path /Users/magje/code/mods/jade-modded-entities/fabric/runs/client/saves/New World/region/c.23.13.mcc is not file
[21:00:54] [IO-Worker-3/WARN] (Minecraft) Chunk has both internal and external streams
[21:00:54] [IO-Worker-3/ERROR] (Minecraft) External chunk path /Users/magje/code/mods/jade-modded-entities/fabric/runs/client/saves/New World/region/c.23.14.mcc is not file
[21:00:54] [IO-Worker-5/WARN] (Minecraft) Chunk has both internal and external streams
[21:00:54] [IO-Worker-5/ERROR] (Minecraft) External chunk path /Users/magje/code/mods/jade-modded-entities/fabric/runs/client/saves/New World/region/c.23.15.mcc is not file
[21:00:54] [IO-Worker-3/WARN] (Minecraft) Chunk has both internal and external streams
[21:00:54] [IO-Worker-3/ERROR] (Minecraft) External chunk path /Users/magje/code/mods/jade-modded-entities/fabric/runs/client/saves/New World/region/c.23.16.mcc is not file
[21:00:54] [IO-Worker-5/ERROR] (Minecraft) Declared size -995921787 of chunk [23, 17] is negative
[21:00:55] [IO-Worker-4/ERROR] (Minecraft) Chunk [23, 18] stream is truncated: expected 538871082 but read 4091
[21:00:55] [IO-Worker-5/ERROR] (Minecraft) Chunk [23, 19] stream is truncated: expected 253763204 but read 4091
[21:00:55] [IO-Worker-4/WARN] (Minecraft) Chunk has both internal and external streams
[21:00:55] [IO-Worker-4/ERROR] (Minecraft) External chunk path /Users/magje/code/mods/jade-modded-entities/fabric/runs/client/saves/New World/region/c.23.20.mcc is not file
[21:00:55] [IO-Worker-5/ERROR] (Minecraft) Chunk [23, -17] stream is truncated: expected 39121297 but read 4091
[21:00:55] [IO-Worker-3/ERROR] (Minecraft) Chunk [23, -19] stream is truncated: expected 39121297 but read 4091
[21:00:55] [IO-Worker-5/ERROR] (Minecraft) Chunk [23, -18] stream is truncated: expected 1075610924 but read 4091
[21:00:55] [IO-Worker-5/WARN] (Minecraft) Chunk has both internal and external streams
[21:00:55] [IO-Worker-5/ERROR] (Minecraft) External chunk path /Users/magje/code/mods/jade-modded-entities/fabric/runs/client/saves/New World/region/c.23.21.mcc is not file
[21:00:55] [IO-Worker-3/ERROR] (Minecraft) Chunk [-18, -19] stream is truncated: expected 883194355 but read 4091
[21:00:55] [IO-Worker-5/ERROR] (Minecraft) Chunk [-18, -18] stream is truncated: expected 883194355 but read 4091
[21:00:55] [IO-Worker-4/ERROR] (Minecraft) Chunk [-18, -17] stream is truncated: expected 449985785 but read 4091
[21:00:55] [IO-Worker-3/WARN] (Minecraft) Chunk has both internal and external streams
[21:00:55] [IO-Worker-3/ERROR] (Minecraft) External chunk path /Users/magje/code/mods/jade-modded-entities/fabric/runs/client/saves/New World/region/c.-18.-16.mcc is not file
[21:00:55] [IO-Worker-5/WARN] (Minecraft) Chunk has both internal and external streams
[21:00:55] [IO-Worker-5/ERROR] (Minecraft) External chunk path /Users/magje/code/mods/jade-modded-entities/fabric/runs/client/saves/New World/region/c.-18.-15.mcc is not file
[21:00:55] [IO-Worker-2/ERROR] (Minecraft) Chunk [-18, -14] stream is truncated: expected 449985785 but read 4091
[21:00:55] [IO-Worker-5/ERROR] (Minecraft) Chunk [-18, -13] stream is truncated: expected 449985785 but read 4091
[21:00:55] [IO-Worker-4/ERROR] (Minecraft) Chunk [-18, -12] stream is truncated: expected 449985785 but read 4091
[21:00:55] [IO-Worker-2/ERROR] (Minecraft) Chunk [-18, -11] stream is truncated: expected 449985785 but read 4091
[21:00:55] [IO-Worker-4/ERROR] (Minecraft) Chunk [-18, -10] stream is truncated: expected 449985785 but read 4091
[21:00:55] [IO-Worker-3/WARN] (Minecraft) Chunk has both internal and external streams
[21:00:55] [IO-Worker-3/ERROR] (Minecraft) External chunk path /Users/magje/code/mods/jade-modded-entities/fabric/runs/client/saves/New World/region/c.-18.-9.mcc is not file
[21:00:55] [IO-Worker-2/ERROR] (Minecraft) Chunk [-18, -8] stream is truncated: expected 449985785 but read 4091
[21:00:55] [IO-Worker-5/ERROR] (Minecraft) Chunk [-18, -7] stream is truncated: expected 449985785 but read 4091
[21:00:55] [IO-Worker-2/ERROR] (Minecraft) Chunk [-18, -6] stream is truncated: expected 883194355 but read 4091
[21:00:55] [IO-Worker-4/ERROR] (Minecraft) Chunk [-18, -5] stream is truncated: expected 883194355 but read 4091
[21:00:55] [IO-Worker-3/ERROR] (Minecraft) Chunk [-18, -4] stream is truncated: expected 883194355 but read 4091
[21:00:55] [IO-Worker-2/WARN] (Minecraft) Chunk has both internal and external streams
[21:00:55] [IO-Worker-2/ERROR] (Minecraft) External chunk path /Users/magje/code/mods/jade-modded-entities/fabric/runs/client/saves/New World/region/c.-18.-3.mcc is not file
[21:00:55] [IO-Worker-4/ERROR] (Minecraft) Declared size -1535511547 of chunk [-18, -2] is negative
[21:00:55] [IO-Worker-5/WARN] (Minecraft) Chunk has both internal and external streams
[21:00:55] [IO-Worker-5/ERROR] (Minecraft) External chunk path /Users/magje/code/mods/jade-modded-entities/fabric/runs/client/saves/New World/region/c.-18.-1.mcc is not file
[21:00:55] [IO-Worker-4/ERROR] (Minecraft) Chunk [-18, 0] stream is truncated: expected 248732089 but read 4091
[21:00:55] [IO-Worker-3/ERROR] (Minecraft) Chunk [-18, 1] stream is truncated: expected 883194355 but read 4091
[21:00:55] [IO-Worker-5/ERROR] (Minecraft) Chunk [-18, 2] stream is truncated: expected 1833497575 but read 4091
[21:00:55] [IO-Worker-3/ERROR] (Minecraft) Chunk [-18, 3] stream is truncated: expected 614758899 but read 4091
[21:00:55] [IO-Worker-4/WARN] (Minecraft) Chunk has both internal and external streams
[21:00:55] [IO-Worker-4/ERROR] (Minecraft) External chunk path /Users/magje/code/mods/jade-modded-entities/fabric/runs/client/saves/New World/region/c.-18.4.mcc is not file
[21:00:55] [IO-Worker-5/ERROR] (Minecraft) Chunk [-18, 5] stream is truncated: expected 877523943 but read 4091
[21:00:55] [IO-Worker-3/ERROR] (Minecraft) Chunk [-18, 6] stream is truncated: expected 883186105 but read 4091
[21:00:55] [IO-Worker-5/WARN] (Minecraft) Chunk has both internal and external streams
[21:00:55] [IO-Worker-5/ERROR] (Minecraft) External chunk path /Users/magje/code/mods/jade-modded-entities/fabric/runs/client/saves/New World/region/c.-16.-20.mcc is not file
[21:00:55] [IO-Worker-3/WARN] (Minecraft) Chunk has both internal and external streams
[21:00:55] [IO-Worker-3/ERROR] (Minecraft) External chunk path /Users/magje/code/mods/jade-modded-entities/fabric/runs/client/saves/New World/region/c.-15.-20.mcc is not file
[21:00:55] [IO-Worker-4/ERROR] (Minecraft) Chunk [-14, -20] stream is truncated: expected 914902880 but read 4091
[21:00:55] [IO-Worker-3/WARN] (Minecraft) Chunk has both internal and external streams
[21:00:55] [IO-Worker-3/ERROR] (Minecraft) External chunk path /Users/magje/code/mods/jade-modded-entities/fabric/runs/client/saves/New World/region/c.-13.-20.mcc is not file
[21:00:55] [IO-Worker-4/WARN] (Minecraft) Chunk has both internal and external streams
[21:00:55] [IO-Worker-4/ERROR] (Minecraft) External chunk path /Users/magje/code/mods/jade-modded-entities/fabric/runs/client/saves/New World/region/c.-12.-20.mcc is not file
[21:00:55] [IO-Worker-5/WARN] (Minecraft) Chunk has both internal and external streams
[21:00:55] [IO-Worker-5/ERROR] (Minecraft) External chunk path /Users/magje/code/mods/jade-modded-entities/fabric/runs/client/saves/New World/region/c.-11.-20.mcc is not file
[21:00:55] [IO-Worker-2/ERROR] (Minecraft) Chunk [-10, -20] stream is truncated: expected 914902880 but read 4091
[21:00:55] [IO-Worker-4/ERROR] (Minecraft) Chunk [-9, -20] stream is truncated: expected 914902880 but read 4091
[21:00:55] [IO-Worker-5/ERROR] (Minecraft) Declared size -1535511547 of chunk [-8, -20] is negative
[21:00:55] [IO-Worker-2/WARN] (Minecraft) Chunk has both internal and external streams
[21:00:55] [IO-Worker-2/ERROR] (Minecraft) External chunk path /Users/magje/code/mods/jade-modded-entities/fabric/runs/client/saves/New World/region/c.-7.-20.mcc is not file
[21:00:55] [IO-Worker-3/ERROR] (Minecraft) Declared size -1652552222 of chunk [-6, -20] is negative
[21:00:55] [IO-Worker-5/ERROR] (Minecraft) Declared size -1535511547 of chunk [-5, -20] is negative
[21:00:55] [IO-Worker-2/ERROR] (Minecraft) Chunk [-4, -20] stream is truncated: expected 1813006176 but read 4091
[21:00:55] [IO-Worker-4/ERROR] (Minecraft) Chunk [-3, -20] stream is truncated: expected 1813006176 but read 4091
[21:00:55] [IO-Worker-5/WARN] (Minecraft) Chunk has both internal and external streams
[21:00:55] [IO-Worker-5/ERROR] (Minecraft) External chunk path /Users/magje/code/mods/jade-modded-entities/fabric/runs/client/saves/New World/region/c.-2.-20.mcc is not file
[21:00:55] [IO-Worker-4/WARN] (Minecraft) Chunk has both internal and external streams
[21:00:55] [IO-Worker-4/ERROR] (Minecraft) External chunk path /Users/magje/code/mods/jade-modded-entities/fabric/runs/client/saves/New World/region/c.-1.-20.mcc is not file
[21:00:55] [IO-Worker-2/WARN] (Minecraft) Chunk has both internal and external streams
[21:00:55] [IO-Worker-2/ERROR] (Minecraft) External chunk path /Users/magje/code/mods/jade-modded-entities/fabric/runs/client/saves/New World/region/c.0.-20.mcc is not file
[21:00:55] [IO-Worker-3/WARN] (Minecraft) Chunk has both internal and external streams
[21:00:55] [IO-Worker-3/ERROR] (Minecraft) External chunk path /Users/magje/code/mods/jade-modded-entities/fabric/runs/client/saves/New World/region/c.1.-20.mcc is not file
[21:00:55] [IO-Worker-4/WARN] (Minecraft) Chunk has both internal and external streams
[21:00:55] [IO-Worker-4/ERROR] (Minecraft) External chunk path /Users/magje/code/mods/jade-modded-entities/fabric/runs/client/saves/New World/region/c.2.-20.mcc is not file
[21:00:55] [IO-Worker-3/ERROR] (Minecraft) Declared size -2144717175 of chunk [3, -20] is negative
[21:00:55] [IO-Worker-4/WARN] (Minecraft) Chunk has both internal and external streams
[21:00:55] [IO-Worker-4/ERROR] (Minecraft) External chunk path /Users/magje/code/mods/jade-modded-entities/fabric/runs/client/saves/New World/region/c.4.-20.mcc is not file
[21:00:55] [IO-Worker-3/WARN] (Minecraft) Chunk has both internal and external streams
[21:00:55] [IO-Worker-3/ERROR] (Minecraft) External chunk path /Users/magje/code/mods/jade-modded-entities/fabric/runs/client/saves/New World/region/c.5.-20.mcc is not file
[21:00:55] [IO-Worker-4/WARN] (Minecraft) Chunk has both internal and external streams
[21:00:55] [IO-Worker-4/ERROR] (Minecraft) External chunk path /Users/magje/code/mods/jade-modded-entities/fabric/runs/client/saves/New World/region/c.6.-20.mcc is not file
[21:00:55] [IO-Worker-3/WARN] (Minecraft) Chunk has both internal and external streams
[21:00:55] [IO-Worker-3/ERROR] (Minecraft) External chunk path /Users/magje/code/mods/jade-modded-entities/fabric/runs/client/saves/New World/region/c.7.-20.mcc is not file
[21:00:55] [IO-Worker-4/WARN] (Minecraft) Chunk has both internal and external streams
[21:00:55] [IO-Worker-4/ERROR] (Minecraft) External chunk path /Users/magje/code/mods/jade-modded-entities/fabric/runs/client/saves/New World/region/c.8.-20.mcc is not file
[21:00:55] [IO-Worker-3/ERROR] (Minecraft) Chunk [-17, -20] stream is truncated: expected 1734846044 but read 4091
[21:00:55] [IO-Worker-4/ERROR] (Minecraft) Chunk [-18, -20] stream is truncated: expected 883194355 but read 4091
[21:00:55] [IO-Worker-3/ERROR] (Minecraft) Chunk [-11, 22] stream is truncated: expected 449985785 but read 4091
[21:00:55] [IO-Worker-4/ERROR] (Minecraft) Chunk [-10, 22] stream is truncated: expected 449985785 but read 4091
[21:00:55] [IO-Worker-3/ERROR] (Minecraft) Chunk [-9, 22] stream is truncated: expected 449985785 but read 4091
[21:00:55] [IO-Worker-4/ERROR] (Minecraft) Chunk [-8, 22] stream is truncated: expected 449985785 but read 4091
[21:00:55] [IO-Worker-3/ERROR] (Minecraft) Chunk [-7, 22] stream is truncated: expected 449985785 but read 4091
[21:00:55] [IO-Worker-4/ERROR] (Minecraft) Chunk [-6, 22] stream is truncated: expected 449973404 but read 4091
[21:00:55] [IO-Worker-3/ERROR] (Minecraft) Chunk [-5, 22] stream is truncated: expected 449985785 but read 4091
[21:00:55] [IO-Worker-4/ERROR] (Minecraft) Declared size -1448802482 of chunk [-4, 22] is negative
[21:00:55] [IO-Worker-3/ERROR] (Minecraft) Chunk [-3, 22] stream is truncated: expected 449985785 but read 4091
[21:00:55] [IO-Worker-4/ERROR] (Minecraft) Chunk [-2, 22] stream is truncated: expected 449985785 but read 4091
[21:00:55] [IO-Worker-3/ERROR] (Minecraft) Chunk [-1, 22] stream is truncated: expected 883186105 but read 4091
[21:00:55] [IO-Worker-4/ERROR] (Minecraft) Chunk [0, 22] stream is truncated: expected 150022507 but read 4091
[21:00:55] [IO-Worker-3/ERROR] (Minecraft) Chunk [1, 22] stream is truncated: expected 1111231062 but read 4091
[21:00:55] [IO-Worker-4/ERROR] (Minecraft) Chunk [2, 22] stream is truncated: expected 346976255 but read 4091
[21:00:55] [IO-Worker-3/ERROR] (Minecraft) Declared size -524344156 of chunk [3, 22] is negative
[21:00:55] [IO-Worker-4/ERROR] (Minecraft) Chunk [4, 22] stream is truncated: expected 173488255 but read 4091
[21:00:55] [IO-Worker-3/ERROR] (Minecraft) Declared size -2072505170 of chunk [5, 22] is negative
[21:00:55] [IO-Worker-4/ERROR] (Minecraft) Chunk [6, 22] stream is truncated: expected 1111231062 but read 4091
[21:00:55] [IO-Worker-3/ERROR] (Minecraft) Chunk [7, 22] stream is truncated: expected 1111231062 but read 4091
[21:00:55] [IO-Worker-4/ERROR] (Minecraft) Chunk [8, 22] stream is truncated: expected 17973819 but read 4091
[21:00:55] [IO-Worker-3/ERROR] (Minecraft) Chunk [9, 22] stream is truncated: expected 1111231062 but read 4091
[21:00:55] [IO-Worker-4/WARN] (Minecraft) Chunk has both internal and external streams
[21:00:55] [IO-Worker-4/ERROR] (Minecraft) External chunk path /Users/magje/code/mods/jade-modded-entities/fabric/runs/client/saves/New World/region/c.10.22.mcc is not file
[21:00:55] [IO-Worker-3/ERROR] (Minecraft) Chunk [11, 22] stream is truncated: expected 1111231062 but read 4091
[21:00:55] [IO-Worker-4/ERROR] (Minecraft) Chunk [-12, 22] stream is truncated: expected 449985785 but read 4091
[21:00:55] [IO-Worker-3/ERROR] (Minecraft) Chunk [-14, 22] stream is truncated: expected 449985785 but read 4091
[21:00:55] [IO-Worker-4/ERROR] (Minecraft) Chunk [-13, 22] stream is truncated: expected 449985785 but read 4091
[21:00:55] [IO-Worker-3/ERROR] (Minecraft) Chunk [-15, 22] stream is truncated: expected 449985785 but read 4091
[21:00:55] [IO-Worker-4/WARN] (Minecraft) Chunk has both internal and external streams
[21:00:55] [IO-Worker-4/ERROR] (Minecraft) External chunk path /Users/magje/code/mods/jade-modded-entities/fabric/runs/client/saves/New World/region/c.9.-20.mcc is not file
[21:00:55] [IO-Worker-3/ERROR] (Minecraft) Chunk [10, -20] stream is truncated: expected 39121297 but read 4091
[21:00:55] [IO-Worker-4/WARN] (Minecraft) Chunk has both internal and external streams
[21:00:55] [IO-Worker-4/ERROR] (Minecraft) External chunk path /Users/magje/code/mods/jade-modded-entities/fabric/runs/client/saves/New World/region/c.11.-20.mcc is not file
[21:00:55] [IO-Worker-3/WARN] (Minecraft) Chunk has both internal and external streams
[21:00:55] [IO-Worker-3/ERROR] (Minecraft) External chunk path /Users/magje/code/mods/jade-modded-entities/fabric/runs/client/saves/New World/region/c.12.-20.mcc is not file
[21:00:55] [IO-Worker-4/ERROR] (Minecraft) Chunk [13, -20] stream is truncated: expected 304137290 but read 4091
[21:00:55] [IO-Worker-3/ERROR] (Minecraft) Chunk [14, -20] stream is truncated: expected 304137290 but read 4091
[21:00:55] [IO-Worker-4/ERROR] (Minecraft) Chunk [15, -20] stream is truncated: expected 274895671 but read 4091
[21:00:55] [IO-Worker-3/WARN] (Minecraft) Chunk has both internal and external streams
[21:00:55] [IO-Worker-3/ERROR] (Minecraft) External chunk path /Users/magje/code/mods/jade-modded-entities/fabric/runs/client/saves/New World/region/c.16.-20.mcc is not file
[21:00:55] [IO-Worker-4/ERROR] (Minecraft) Chunk [12, 22] stream is truncated: expected 306330633 but read 4091
[21:00:55] [IO-Worker-3/WARN] (Minecraft) Chunk has both internal and external streams
[21:00:55] [IO-Worker-3/ERROR] (Minecraft) External chunk path /Users/magje/code/mods/jade-modded-entities/fabric/runs/client/saves/New World/region/c.13.22.mcc is not file
[21:00:55] [IO-Worker-4/ERROR] (Minecraft) Declared size -2079289406 of chunk [14, 22] is negative
[21:00:55] [IO-Worker-3/ERROR] (Minecraft) Chunk [15, 22] stream is truncated: expected 1111231062 but read 4091
[21:00:55] [IO-Worker-4/ERROR] (Minecraft) Chunk [16, 22] stream is truncated: expected 17973819 but read 4091
[21:00:55] [IO-Worker-3/ERROR] (Minecraft) Declared size -524340060 of chunk [17, 22] is negative
[21:00:55] [IO-Worker-4/WARN] (Minecraft) Chunk has both internal and external streams
[21:00:55] [IO-Worker-4/ERROR] (Minecraft) External chunk path /Users/magje/code/mods/jade-modded-entities/fabric/runs/client/saves/New World/region/c.18.22.mcc is not file
[21:00:55] [IO-Worker-2/ERROR] (Minecraft) Declared size -767755774 of chunk [-17, 22] is negative
[21:00:55] [IO-Worker-4/ERROR] (Minecraft) Chunk [-16, 22] stream is truncated: expected 449985785 but read 4091
[21:00:55] [IO-Worker-2/ERROR] (Minecraft) Chunk [17, -20] stream is truncated: expected 1075130248 but read 4091
[21:00:55] [IO-Worker-3/WARN] (Minecraft) Chunk has both internal and external streams
[21:00:55] [IO-Worker-3/ERROR] (Minecraft) External chunk path /Users/magje/code/mods/jade-modded-entities/fabric/runs/client/saves/New World/region/c.18.-20.mcc is not file
[21:00:55] [IO-Worker-2/WARN] (Minecraft) Chunk has both internal and external streams
[21:00:55] [IO-Worker-2/ERROR] (Minecraft) External chunk path /Users/magje/code/mods/jade-modded-entities/fabric/runs/client/saves/New World/region/c.19.-20.mcc is not file
[21:00:55] [IO-Worker-3/ERROR] (Minecraft) Chunk [19, 22] stream is truncated: expected 1092977783 but read 4091
[21:00:55] [IO-Worker-2/ERROR] (Minecraft) Chunk [20, 22] stream is truncated: expected 555648298 but read 4091
[21:00:55] [IO-Worker-5/ERROR] (Minecraft) Chunk [21, 22] stream is truncated: expected 555648298 but read 4091
[21:00:55] [IO-Worker-5/WARN] (Minecraft) Chunk has both internal and external streams
[21:00:55] [IO-Worker-5/ERROR] (Minecraft) External chunk path /Users/magje/code/mods/jade-modded-entities/fabric/runs/client/saves/New World/region/c.22.22.mcc is not file
[21:00:55] [IO-Worker-2/ERROR] (Minecraft) Chunk [23, 22] stream is truncated: expected 538871082 but read 4091
[21:00:55] [IO-Worker-2/ERROR] (Minecraft) Chunk [20, -20] stream is truncated: expected 27973667 but read 4091
[21:00:55] [IO-Worker-4/ERROR] (Minecraft) Chunk [21, -20] stream is truncated: expected 156288330 but read 4091
[21:00:55] [IO-Worker-2/ERROR] (Minecraft) Chunk [22, -20] stream is truncated: expected 156288330 but read 4091
[21:00:55] [IO-Worker-4/ERROR] (Minecraft) Chunk [23, -20] stream is truncated: expected 39121297 but read 4091
[21:00:55] [IO-Worker-4/ERROR] (Minecraft) Chunk [-18, 7] stream is truncated: expected 883186105 but read 4091
[21:00:55] [IO-Worker-5/ERROR] (Minecraft) Chunk [-18, 8] stream is truncated: expected 883186105 but read 4091
[21:00:55] [IO-Worker-2/ERROR] (Minecraft) Chunk [-18, 9] stream is truncated: expected 883186105 but read 4091
[21:00:55] [IO-Worker-5/ERROR] (Minecraft) Chunk [-18, 10] stream is truncated: expected 883198418 but read 4091
[21:00:55] [IO-Worker-4/ERROR] (Minecraft) Chunk [-18, 11] stream is truncated: expected 883186105 but read 4091
[21:00:55] [IO-Worker-2/ERROR] (Minecraft) Chunk [-18, 12] stream is truncated: expected 883194356 but read 4091
[21:00:55] [IO-Worker-4/ERROR] (Minecraft) Chunk [-18, 13] stream is truncated: expected 883194163 but read 4091
[21:00:55] [IO-Worker-5/ERROR] (Minecraft) Chunk [-18, 14] stream is truncated: expected 883194291 but read 4091
[21:00:55] [IO-Worker-4/ERROR] (Minecraft) Chunk [-18, 15] stream is truncated: expected 883186105 but read 4091
[21:00:55] [IO-Worker-2/ERROR] (Minecraft) Declared size -1537623551 of chunk [-18, 16] is negative
[21:00:55] [IO-Worker-1/ERROR] (Minecraft) Chunk [-18, 17] stream is truncated: expected 883194355 but read 4091
[21:00:55] [IO-Worker-4/ERROR] (Minecraft) Chunk [-18, 18] stream is truncated: expected 883194355 but read 4091
[21:00:55] [IO-Worker-1/ERROR] (Minecraft) Chunk [-18, 19] stream is truncated: expected 883194355 but read 4091
[21:00:55] [IO-Worker-4/WARN] (Minecraft) Chunk has both internal and external streams
[21:00:55] [IO-Worker-4/ERROR] (Minecraft) External chunk path /Users/magje/code/mods/jade-modded-entities/fabric/runs/client/saves/New World/region/c.-18.20.mcc is not file
[21:00:55] [IO-Worker-1/ERROR] (Minecraft) Declared size -1535511547 of chunk [-18, 21] is negative
[21:00:55] [IO-Worker-4/ERROR] (Minecraft) Chunk [-18, 22] stream is truncated: expected 883194355 but read 4091
[21:00:55] [IO-Worker-1/ERROR] (Minecraft) Chunk [24, -12] stream is truncated: expected 274895671 but read 4091
[21:00:55] [IO-Worker-2/ERROR] (Minecraft) Chunk [24, -11] stream is truncated: expected 274895671 but read 4091
[21:00:55] [IO-Worker-1/ERROR] (Minecraft) Chunk [24, -10] stream is truncated: expected 1879050511 but read 4091
[21:00:55] [IO-Worker-5/ERROR] (Minecraft) Chunk [24, -9] stream is truncated: expected 274895671 but read 4091
[21:00:55] [IO-Worker-1/ERROR] (Minecraft) Chunk [24, -8] stream is truncated: expected 274895671 but read 4091
[21:00:55] [IO-Worker-2/ERROR] (Minecraft) Chunk [24, -7] stream is truncated: expected 274895671 but read 4091
[21:00:55] [IO-Worker-4/ERROR] (Minecraft) Chunk [24, -6] stream is truncated: expected 274895671 but read 4091
[21:00:55] [IO-Worker-5/ERROR] (Minecraft) Chunk [24, -5] stream is truncated: expected 274895671 but read 4091
[21:00:55] [IO-Worker-1/WARN] (Minecraft) Chunk has both internal and external streams
[21:00:55] [IO-Worker-1/ERROR] (Minecraft) External chunk path /Users/magje/code/mods/jade-modded-entities/fabric/runs/client/saves/New World/region/c.24.-4.mcc is not file
[21:00:55] [IO-Worker-5/WARN] (Minecraft) Chunk has both internal and external streams
[21:00:55] [IO-Worker-5/ERROR] (Minecraft) External chunk path /Users/magje/code/mods/jade-modded-entities/fabric/runs/client/saves/New World/region/c.24.-3.mcc is not file
[21:00:55] [IO-Worker-1/WARN] (Minecraft) Chunk has both internal and external streams
[21:00:55] [IO-Worker-1/ERROR] (Minecraft) External chunk path /Users/magje/code/mods/jade-modded-entities/fabric/runs/client/saves/New World/region/c.24.-2.mcc is not file
[21:00:55] [IO-Worker-5/WARN] (Minecraft) Chunk has both internal and external streams
[21:00:55] [IO-Worker-5/ERROR] (Minecraft) External chunk path /Users/magje/code/mods/jade-modded-entities/fabric/runs/client/saves/New World/region/c.24.-1.mcc is not file
[21:00:55] [IO-Worker-1/WARN] (Minecraft) Chunk has both internal and external streams
[21:00:55] [IO-Worker-1/ERROR] (Minecraft) External chunk path /Users/magje/code/mods/jade-modded-entities/fabric/runs/client/saves/New World/region/c.24.0.mcc is not file
[21:00:55] [IO-Worker-5/ERROR] (Minecraft) Declared size -2008063733 of chunk [24, 1] is negative
[21:00:55] [IO-Worker-1/ERROR] (Minecraft) Declared size -2008555254 of chunk [24, 2] is negative
[21:00:55] [IO-Worker-5/ERROR] (Minecraft) Chunk [24, 3] stream is truncated: expected 185307135 but read 4091
[21:00:55] [IO-Worker-1/ERROR] (Minecraft) Declared size -1368391671 of chunk [24, 4] is negative
[21:00:55] [IO-Worker-5/ERROR] (Minecraft) Declared size -2008555254 of chunk [24, 5] is negative
[21:00:55] [IO-Worker-1/ERROR] (Minecraft) Declared size -995921787 of chunk [24, 6] is negative
[21:00:55] [IO-Worker-5/ERROR] (Minecraft) Declared size -2063382400 of chunk [24, 7] is negative
[21:00:55] [IO-Worker-1/ERROR] (Minecraft) Chunk [24, 8] stream is truncated: expected 2014621295 but read 4091
[21:00:55] [IO-Worker-5/ERROR] (Minecraft) Declared size -1552907005 of chunk [24, 9] is negative
[21:00:55] [IO-Worker-1/ERROR] (Minecraft) Declared size -2063382400 of chunk [24, 10] is negative
[21:00:55] [IO-Worker-5/ERROR] (Minecraft) Chunk [24, -13] stream is truncated: expected 274895671 but read 4091
[21:00:55] [IO-Worker-1/ERROR] (Minecraft) Declared size -995921787 of chunk [24, 11] is negative
[21:00:55] [IO-Worker-5/ERROR] (Minecraft) Declared size -2008063733 of chunk [24, 12] is negative
[21:00:55] [IO-Worker-1/ERROR] (Minecraft) Chunk [24, -14] stream is truncated: expected 274895671 but read 4091
[21:00:56] [IO-Worker-1/ERROR] (Minecraft) Chunk [24, 13] stream is truncated: expected 1427085991 but read 4091
[21:00:56] [IO-Worker-4/WARN] (Minecraft) Chunk has both internal and external streams
[21:00:56] [IO-Worker-4/ERROR] (Minecraft) External chunk path /Users/magje/code/mods/jade-modded-entities/fabric/runs/client/saves/New World/region/c.24.14.mcc is not file
[21:00:56] [IO-Worker-2/ERROR] (Minecraft) Chunk [24, 15] stream is truncated: expected 2014621295 but read 4091
[21:00:56] [IO-Worker-5/ERROR] (Minecraft) Declared size -995921787 of chunk [24, 16] is negative
[21:00:56] [IO-Worker-2/WARN] (Minecraft) Chunk has both internal and external streams
[21:00:56] [IO-Worker-2/ERROR] (Minecraft) External chunk path /Users/magje/code/mods/jade-modded-entities/fabric/runs/client/saves/New World/region/c.24.17.mcc is not file
[21:00:56] [IO-Worker-5/ERROR] (Minecraft) Declared size -2008555254 of chunk [24, 18] is negative
[21:00:56] [IO-Worker-2/ERROR] (Minecraft) Declared size -2008555254 of chunk [24, 19] is negative
[21:00:56] [IO-Worker-5/ERROR] (Minecraft) Chunk [24, 20] stream is truncated: expected 470847425 but read 4091
[21:00:56] [IO-Worker-2/ERROR] (Minecraft) Chunk [24, 21] stream is truncated: expected 1111231062 but read 4091
[21:00:56] [IO-Worker-5/ERROR] (Minecraft) Chunk [24, 22] stream is truncated: expected 1111231062 but read 4091
[21:00:56] [IO-Worker-5/ERROR] (Minecraft) Chunk [24, -17] stream is truncated: expected 274895671 but read 4091
[21:00:56] [IO-Worker-2/ERROR] (Minecraft) Chunk [24, -16] stream is truncated: expected 152068754 but read 4091
[21:00:56] [IO-Worker-5/ERROR] (Minecraft) Chunk [24, -15] stream is truncated: expected 274895671 but read 4091
[21:00:56] [IO-Worker-2/ERROR] (Minecraft) Chunk [24, -19] stream is truncated: expected 274895671 but read 4091
[21:00:56] [IO-Worker-5/ERROR] (Minecraft) Chunk [24, -18] stream is truncated: expected 274895671 but read 4091
[21:00:56] [IO-Worker-2/ERROR] (Minecraft) Chunk [24, -20] stream is truncated: expected 2014621295 but read 4091
[21:00:56] [IO-Worker-2/ERROR] (Minecraft) Chunk [-19, -18] stream is truncated: expected 883194355 but read 4091
[21:00:56] [IO-Worker-5/ERROR] (Minecraft) Chunk [-19, -17] stream is truncated: expected 268816474 but read 4091
[21:00:56] [IO-Worker-2/ERROR] (Minecraft) Chunk [-19, -16] stream is truncated: expected 449985785 but read 4091
[21:00:56] [IO-Worker-1/ERROR] (Minecraft) Chunk [-19, -15] stream is truncated: expected 449985785 but read 4091
[21:00:56] [IO-Worker-2/ERROR] (Minecraft) Chunk [-19, -14] stream is truncated: expected 449985785 but read 4091
[21:00:56] [IO-Worker-4/WARN] (Minecraft) Chunk has both internal and external streams
[21:00:56] [IO-Worker-4/ERROR] (Minecraft) External chunk path /Users/magje/code/mods/jade-modded-entities/fabric/runs/client/saves/New World/region/c.-19.-13.mcc is not file
[21:00:56] [IO-Worker-2/ERROR] (Minecraft) Chunk [-19, -12] stream is truncated: expected 449985785 but read 4091
[21:00:56] [IO-Worker-4/ERROR] (Minecraft) Chunk [-19, -11] stream is truncated: expected 449985785 but read 4091
[21:00:56] [IO-Worker-5/ERROR] (Minecraft) Chunk [-19, -10] stream is truncated: expected 449985785 but read 4091
[21:00:56] [IO-Worker-3/ERROR] (Minecraft) Chunk [-19, -9] stream is truncated: expected 449985785 but read 4091
[21:00:56] [IO-Worker-2/WARN] (Minecraft) Chunk has both internal and external streams
[21:00:56] [IO-Worker-2/ERROR] (Minecraft) External chunk path /Users/magje/code/mods/jade-modded-entities/fabric/runs/client/saves/New World/region/c.-19.-8.mcc is not file
[21:00:56] [IO-Worker-1/WARN] (Minecraft) Chunk has both internal and external streams
[21:00:56] [IO-Worker-1/ERROR] (Minecraft) External chunk path /Users/magje/code/mods/jade-modded-entities/fabric/runs/client/saves/New World/region/c.-19.-7.mcc is not file
[21:00:56] [IO-Worker-2/ERROR] (Minecraft) Chunk [-19, -6] stream is truncated: expected 883194355 but read 4091
[21:00:56] [IO-Worker-3/ERROR] (Minecraft) Chunk [-19, -5] stream is truncated: expected 883194355 but read 4091
[21:00:56] [IO-Worker-1/ERROR] (Minecraft) Chunk [-19, -4] stream is truncated: expected 883194355 but read 4091
[21:00:56] [IO-Worker-3/ERROR] (Minecraft) Chunk [-19, -3] stream is truncated: expected 90968134 but read 4091
[21:00:56] [IO-Worker-1/ERROR] (Minecraft) Declared size -1535511547 of chunk [-19, -2] is negative
[21:00:56] [IO-Worker-5/ERROR] (Minecraft) Declared size -1552907005 of chunk [-19, -1] is negative
[21:00:56] [IO-Worker-3/ERROR] (Minecraft) Chunk [-19, 0] stream is truncated: expected 248732089 but read 4091
[21:00:56] [IO-Worker-5/ERROR] (Minecraft) Chunk [-19, 1] stream is truncated: expected 883194355 but read 4091
[21:00:56] [IO-Worker-3/ERROR] (Minecraft) Chunk [-19, 2] stream is truncated: expected 1833497575 but read 4091
[21:00:56] [IO-Worker-5/ERROR] (Minecraft) Chunk [-19, 3] stream is truncated: expected 268886206 but read 4091
[21:00:56] [IO-Worker-3/WARN] (Minecraft) Chunk has both internal and external streams
[21:00:56] [IO-Worker-3/ERROR] (Minecraft) External chunk path /Users/magje/code/mods/jade-modded-entities/fabric/runs/client/saves/New World/region/c.-19.4.mcc is not file
[21:00:56] [IO-Worker-5/ERROR] (Minecraft) Chunk [-19, -21] stream is truncated: expected 883194355 but read 4091
[21:00:56] [IO-Worker-1/ERROR] (Minecraft) Chunk [-19, -20] stream is truncated: expected 883194355 but read 4091
[21:00:56] [IO-Worker-5/ERROR] (Minecraft) Chunk [-19, -19] stream is truncated: expected 883194355 but read 4091
[21:00:56] [IO-Worker-3/WARN] (Minecraft) Chunk has both internal and external streams
[21:00:56] [IO-Worker-3/ERROR] (Minecraft) External chunk path /Users/magje/code/mods/jade-modded-entities/fabric/runs/client/saves/New World/region/c.-18.-21.mcc is not file
[21:00:56] [IO-Worker-2/ERROR] (Minecraft) Declared size -884030672 of chunk [-17, -21] is negative
[21:00:56] [IO-Worker-1/ERROR] (Minecraft) Declared size -767755774 of chunk [-16, -21] is negative
[21:00:56] [IO-Worker-5/ERROR] (Minecraft) Declared size -2008063733 of chunk [-15, -21] is negative
[21:00:56] [IO-Worker-2/ERROR] (Minecraft) Declared size -767755774 of chunk [-14, -21] is negative
[21:00:56] [IO-Worker-3/WARN] (Minecraft) Chunk has both internal and external streams
[21:00:56] [IO-Worker-3/ERROR] (Minecraft) External chunk path /Users/magje/code/mods/jade-modded-entities/fabric/runs/client/saves/New World/region/c.-13.-21.mcc is not file
[21:00:56] [IO-Worker-1/ERROR] (Minecraft) Declared size -767755774 of chunk [-12, -21] is negative
[21:00:56] [IO-Worker-3/ERROR] (Minecraft) Declared size -767755774 of chunk [-11, -21] is negative
[21:00:56] [IO-Worker-1/ERROR] (Minecraft) Declared size -100518264 of chunk [-10, -21] is negative
[21:00:56] [IO-Worker-4/ERROR] (Minecraft) Declared size -1535511547 of chunk [-9, -21] is negative
[21:00:56] [IO-Worker-3/ERROR] (Minecraft) Chunk [-8, -21] stream is truncated: expected 1813006176 but read 4091
[21:00:56] [IO-Worker-5/ERROR] (Minecraft) Declared size -1535511547 of chunk [-7, -21] is negative
[21:00:56] [IO-Worker-4/ERROR] (Minecraft) Declared size -770925184 of chunk [-6, -21] is negative
[21:00:56] [IO-Worker-3/ERROR] (Minecraft) Chunk [-5, -21] stream is truncated: expected 1813006176 but read 4091
[21:00:56] [IO-Worker-4/ERROR] (Minecraft) Declared size -1535511547 of chunk [-4, -21] is negative
[21:00:56] [IO-Worker-1/ERROR] (Minecraft) Chunk [-3, -21] stream is truncated: expected 90968134 but read 4091
[21:00:56] [IO-Worker-3/ERROR] (Minecraft) Declared size -1535511547 of chunk [-2, -21] is negative
[21:00:56] [IO-Worker-4/WARN] (Minecraft) Chunk has both internal and external streams
[21:00:56] [IO-Worker-4/ERROR] (Minecraft) External chunk path /Users/magje/code/mods/jade-modded-entities/fabric/runs/client/saves/New World/region/c.-1.-21.mcc is not file
[21:00:56] [IO-Worker-3/ERROR] (Minecraft) Declared size -1601548830 of chunk [0, -21] is negative
[21:00:56] [IO-Worker-1/WARN] (Minecraft) Chunk has both internal and external streams
[21:00:56] [IO-Worker-1/ERROR] (Minecraft) External chunk path /Users/magje/code/mods/jade-modded-entities/fabric/runs/client/saves/New World/region/c.1.-21.mcc is not file
[21:00:56] [IO-Worker-4/WARN] (Minecraft) Chunk has both internal and external streams
[21:00:56] [IO-Worker-4/ERROR] (Minecraft) External chunk path /Users/magje/code/mods/jade-modded-entities/fabric/runs/client/saves/New World/region/c.2.-21.mcc is not file
[21:00:56] [IO-Worker-5/ERROR] (Minecraft) Declared size -2144717175 of chunk [3, -21] is negative
[21:00:56] [IO-Worker-4/WARN] (Minecraft) Chunk has both internal and external streams
[21:00:56] [IO-Worker-4/ERROR] (Minecraft) External chunk path /Users/magje/code/mods/jade-modded-entities/fabric/runs/client/saves/New World/region/c.4.-21.mcc is not file
[21:00:56] [IO-Worker-5/WARN] (Minecraft) Chunk has both internal and external streams
[21:00:56] [IO-Worker-5/ERROR] (Minecraft) External chunk path /Users/magje/code/mods/jade-modded-entities/fabric/runs/client/saves/New World/region/c.5.-21.mcc is not file
[21:00:56] [IO-Worker-4/WARN] (Minecraft) Chunk has both internal and external streams
[21:00:56] [IO-Worker-4/ERROR] (Minecraft) External chunk path /Users/magje/code/mods/jade-modded-entities/fabric/runs/client/saves/New World/region/c.6.-21.mcc is not file
[21:00:56] [IO-Worker-5/WARN] (Minecraft) Chunk has both internal and external streams
[21:00:56] [IO-Worker-5/ERROR] (Minecraft) External chunk path /Users/magje/code/mods/jade-modded-entities/fabric/runs/client/saves/New World/region/c.7.-21.mcc is not file
[21:00:56] [IO-Worker-4/ERROR] (Minecraft) Chunk [-19, 5] stream is truncated: expected 877523943 but read 4091
[21:00:56] [IO-Worker-5/ERROR] (Minecraft) Declared size -767755774 of chunk [-10, 23] is negative
[21:00:56] [IO-Worker-4/ERROR] (Minecraft) Declared size -767755774 of chunk [-9, 23] is negative
[21:00:56] [IO-Worker-5/ERROR] (Minecraft) Chunk [-8, 23] stream is truncated: expected 449985785 but read 4091
[21:00:56] [IO-Worker-4/ERROR] (Minecraft) Chunk [-7, 23] stream is truncated: expected 449985785 but read 4091
[21:00:56] [IO-Worker-5/WARN] (Minecraft) Chunk has both internal and external streams
[21:00:56] [IO-Worker-5/ERROR] (Minecraft) External chunk path /Users/magje/code/mods/jade-modded-entities/fabric/runs/client/saves/New World/region/c.-6.23.mcc is not file
[21:00:56] [IO-Worker-4/ERROR] (Minecraft) Chunk [-5, 23] stream is truncated: expected 449985785 but read 4091
[21:00:56] [IO-Worker-5/WARN] (Minecraft) Chunk has both internal and external streams
[21:00:56] [IO-Worker-5/ERROR] (Minecraft) External chunk path /Users/magje/code/mods/jade-modded-entities/fabric/runs/client/saves/New World/region/c.-4.23.mcc is not file
[21:00:56] [IO-Worker-4/ERROR] (Minecraft) Chunk [-3, 23] stream is truncated: expected 449985785 but read 4091
[21:00:56] [IO-Worker-5/ERROR] (Minecraft) Chunk [-2, 23] stream is truncated: expected 449985785 but read 4091
[21:00:56] [IO-Worker-4/ERROR] (Minecraft) Chunk [-1, 23] stream is truncated: expected 883186105 but read 4091
[21:00:56] [IO-Worker-5/ERROR] (Minecraft) Chunk [0, 23] stream is truncated: expected 1081870938 but read 4091
[21:00:56] [IO-Worker-4/WARN] (Minecraft) Chunk has both internal and external streams
[21:00:56] [IO-Worker-4/ERROR] (Minecraft) External chunk path /Users/magje/code/mods/jade-modded-entities/fabric/runs/client/saves/New World/region/c.1.23.mcc is not file
[21:00:56] [IO-Worker-5/WARN] (Minecraft) Chunk has both internal and external streams
[21:00:56] [IO-Worker-5/ERROR] (Minecraft) External chunk path /Users/magje/code/mods/jade-modded-entities/fabric/runs/client/saves/New World/region/c.2.23.mcc is not file
[21:00:56] [IO-Worker-4/WARN] (Minecraft) Chunk has both internal and external streams
[21:00:56] [IO-Worker-4/ERROR] (Minecraft) External chunk path /Users/magje/code/mods/jade-modded-entities/fabric/runs/client/saves/New World/region/c.3.23.mcc is not file
[21:00:56] [IO-Worker-5/ERROR] (Minecraft) Declared size -1883106034 of chunk [4, 23] is negative
[21:00:56] [IO-Worker-4/ERROR] (Minecraft) Chunk [5, 23] stream is truncated: expected 538871082 but read 4091
[21:00:56] [IO-Worker-5/WARN] (Minecraft) Chunk has both internal and external streams
[21:00:56] [IO-Worker-5/ERROR] (Minecraft) External chunk path /Users/magje/code/mods/jade-modded-entities/fabric/runs/client/saves/New World/region/c.6.23.mcc is not file
[21:00:56] [IO-Worker-4/ERROR] (Minecraft) Chunk [7, 23] stream is truncated: expected 277856788 but read 4091
[21:00:56] [IO-Worker-5/ERROR] (Minecraft) Chunk [8, 23] stream is truncated: expected 277856788 but read 4091
[21:00:56] [IO-Worker-4/ERROR] (Minecraft) Declared size -917585104 of chunk [9, 23] is negative
[21:00:56] [IO-Worker-5/WARN] (Minecraft) Chunk has both internal and external streams
[21:00:56] [IO-Worker-5/ERROR] (Minecraft) External chunk path /Users/magje/code/mods/jade-modded-entities/fabric/runs/client/saves/New World/region/c.10.23.mcc is not file
[21:00:56] [IO-Worker-4/ERROR] (Minecraft) Chunk [11, 23] stream is truncated: expected 277856788 but read 4091
[21:00:56] [IO-Worker-5/WARN] (Minecraft) Chunk has both internal and external streams
[21:00:56] [IO-Worker-5/ERROR] (Minecraft) External chunk path /Users/magje/code/mods/jade-modded-entities/fabric/runs/client/saves/New World/region/c.12.23.mcc is not file
[21:00:56] [IO-Worker-4/WARN] (Minecraft) Chunk has both internal and external streams
[21:00:56] [IO-Worker-4/ERROR] (Minecraft) External chunk path /Users/magje/code/mods/jade-modded-entities/fabric/runs/client/saves/New World/region/c.13.23.mcc is not file
[21:00:56] [IO-Worker-5/WARN] (Minecraft) Chunk has both internal and external streams
[21:00:56] [IO-Worker-5/ERROR] (Minecraft) External chunk path /Users/magje/code/mods/jade-modded-entities/fabric/runs/client/saves/New World/region/c.14.23.mcc is not file
[21:00:56] [IO-Worker-4/WARN] (Minecraft) Chunk has both internal and external streams
[21:00:56] [IO-Worker-4/ERROR] (Minecraft) External chunk path /Users/magje/code/mods/jade-modded-entities/fabric/runs/client/saves/New World/region/c.15.23.mcc is not file
[21:00:56] [IO-Worker-5/ERROR] (Minecraft) Chunk [-11, 23] stream is truncated: expected 449985785 but read 4091
[21:00:56] [IO-Worker-4/ERROR] (Minecraft) Declared size -524340060 of chunk [16, 23] is negative
[21:00:56] [IO-Worker-5/ERROR] (Minecraft) Declared size -995921787 of chunk [17, 23] is negative
[21:00:56] [IO-Worker-4/ERROR] (Minecraft) Chunk [18, 23] stream is truncated: expected 538871082 but read 4091
[21:00:56] [IO-Worker-5/ERROR] (Minecraft) Chunk [19, 23] stream is truncated: expected 538871082 but read 4091
[21:00:56] [IO-Worker-4/ERROR] (Minecraft) Chunk [20, 23] stream is truncated: expected 538871082 but read 4091
[21:00:56] [IO-Worker-4/ERROR] (Minecraft) Chunk [21, 23] stream is truncated: expected 538871082 but read 4091
[21:00:56] [IO-Worker-1/ERROR] (Minecraft) Chunk [22, 23] stream is truncated: expected 538871082 but read 4091
[21:00:56] [IO-Worker-4/ERROR] (Minecraft) Declared size -968363606 of chunk [23, 23] is negative
[21:00:56] [IO-Worker-1/ERROR] (Minecraft) Chunk [-16, 23] stream is truncated: expected 449985785 but read 4091
[21:00:56] [IO-Worker-2/ERROR] (Minecraft) Chunk [-15, 23] stream is truncated: expected 449985785 but read 4091
[21:00:56] [IO-Worker-1/ERROR] (Minecraft) Declared size -767755774 of chunk [-14, 23] is negative
[21:00:56] [IO-Worker-2/ERROR] (Minecraft) Chunk [-13, 23] stream is truncated: expected 449985785 but read 4091
[21:00:56] [IO-Worker-1/ERROR] (Minecraft) Declared size -622961185 of chunk [-12, 23] is negative
[21:00:56] [IO-Worker-2/ERROR] (Minecraft) Declared size -799335726 of chunk [-17, 23] is negative
[21:00:56] [IO-Worker-3/WARN] (Minecraft) Chunk has both internal and external streams
[21:00:56] [IO-Worker-3/ERROR] (Minecraft) External chunk path /Users/magje/code/mods/jade-modded-entities/fabric/runs/client/saves/New World/region/c.8.-21.mcc is not file
[21:00:56] [IO-Worker-2/WARN] (Minecraft) Chunk has both internal and external streams
[21:00:56] [IO-Worker-2/ERROR] (Minecraft) External chunk path /Users/magje/code/mods/jade-modded-entities/fabric/runs/client/saves/New World/region/c.9.-21.mcc is not file
[21:00:56] [IO-Worker-3/ERROR] (Minecraft) Chunk [10, -21] stream is truncated: expected 39121297 but read 4091
[21:00:56] [IO-Worker-2/WARN] (Minecraft) Chunk has both internal and external streams
[21:00:56] [IO-Worker-2/ERROR] (Minecraft) External chunk path /Users/magje/code/mods/jade-modded-entities/fabric/runs/client/saves/New World/region/c.11.-21.mcc is not file
[21:00:56] [IO-Worker-3/WARN] (Minecraft) Chunk has both internal and external streams
[21:00:56] [IO-Worker-3/ERROR] (Minecraft) External chunk path /Users/magje/code/mods/jade-modded-entities/fabric/runs/client/saves/New World/region/c.12.-21.mcc is not file
[21:00:56] [IO-Worker-2/ERROR] (Minecraft) Chunk [13, -21] stream is truncated: expected 304137290 but read 4091
[21:00:56] [IO-Worker-3/ERROR] (Minecraft) Chunk [24, 23] stream is truncated: expected 277856788 but read 4091
[21:00:56] [IO-Worker-2/ERROR] (Minecraft) Chunk [14, -21] stream is truncated: expected 549735265 but read 4091
[21:00:56] [IO-Worker-1/WARN] (Minecraft) Chunk has both internal and external streams
[21:00:56] [IO-Worker-1/ERROR] (Minecraft) External chunk path /Users/magje/code/mods/jade-modded-entities/fabric/runs/client/saves/New World/region/c.15.-21.mcc is not file
[21:00:56] [IO-Worker-2/WARN] (Minecraft) Chunk has both internal and external streams
[21:00:56] [IO-Worker-2/ERROR] (Minecraft) External chunk path /Users/magje/code/mods/jade-modded-entities/fabric/runs/client/saves/New World/region/c.16.-21.mcc is not file
[21:00:56] [IO-Worker-1/ERROR] (Minecraft) Chunk [17, -21] stream is truncated: expected 1075130248 but read 4091
[21:00:56] [IO-Worker-2/WARN] (Minecraft) Chunk has both internal and external streams
[21:00:56] [IO-Worker-2/ERROR] (Minecraft) External chunk path /Users/magje/code/mods/jade-modded-entities/fabric/runs/client/saves/New World/region/c.18.-21.mcc is not file
[21:00:56] [IO-Worker-1/ERROR] (Minecraft) Declared size -1434957396 of chunk [19, -21] is negative
[21:00:56] [IO-Worker-2/ERROR] (Minecraft) Chunk [20, -21] stream is truncated: expected 27973667 but read 4091
[21:00:56] [IO-Worker-1/ERROR] (Minecraft) Chunk [21, -21] stream is truncated: expected 156288330 but read 4091
[21:00:56] [IO-Worker-2/ERROR] (Minecraft) Chunk [22, -21] stream is truncated: expected 156288330 but read 4091
[21:00:57] [IO-Worker-5/ERROR] (Minecraft) Chunk [23, -21] stream is truncated: expected 39121297 but read 4091
[21:00:57] [IO-Worker-2/ERROR] (Minecraft) Declared size -1537623551 of chunk [-19, 6] is negative
[21:00:57] [IO-Worker-5/ERROR] (Minecraft) Chunk [-19, 7] stream is truncated: expected 883186105 but read 4091
[21:00:57] [IO-Worker-2/WARN] (Minecraft) Chunk has both internal and external streams
[21:00:57] [IO-Worker-2/ERROR] (Minecraft) External chunk path /Users/magje/code/mods/jade-modded-entities/fabric/runs/client/saves/New World/region/c.-19.8.mcc is not file
[21:00:57] [IO-Worker-3/ERROR] (Minecraft) Chunk [-19, 9] stream is truncated: expected 883186105 but read 4091
[21:00:57] [IO-Worker-2/ERROR] (Minecraft) Chunk [-19, 10] stream is truncated: expected 883198418 but read 4091
[21:00:57] [IO-Worker-1/ERROR] (Minecraft) Chunk [-19, 11] stream is truncated: expected 883186105 but read 4091
[21:00:57] [IO-Worker-2/ERROR] (Minecraft) Chunk [-19, 12] stream is truncated: expected 883194356 but read 4091
[21:00:57] [IO-Worker-3/WARN] (Minecraft) Chunk has both internal and external streams
[21:00:57] [IO-Worker-3/ERROR] (Minecraft) External chunk path /Users/magje/code/mods/jade-modded-entities/fabric/runs/client/saves/New World/region/c.-19.13.mcc is not file
[21:00:57] [IO-Worker-5/ERROR] (Minecraft) Chunk [-19, 14] stream is truncated: expected 883194291 but read 4091
[21:00:57] [IO-Worker-3/ERROR] (Minecraft) Chunk [-19, 15] stream is truncated: expected 883186105 but read 4091
[21:00:57] [IO-Worker-5/ERROR] (Minecraft) Chunk [-19, 16] stream is truncated: expected 883186105 but read 4091
[21:00:57] [IO-Worker-3/ERROR] (Minecraft) Chunk [-19, 17] stream is truncated: expected 883194355 but read 4091
[21:00:57] [IO-Worker-5/ERROR] (Minecraft) Chunk [-19, 18] stream is truncated: expected 268886206 but read 4091
[21:00:57] [IO-Worker-3/ERROR] (Minecraft) Chunk [-19, 19] stream is truncated: expected 883194355 but read 4091
[21:00:57] [IO-Worker-5/ERROR] (Minecraft) Declared size -1537623375 of chunk [-19, 20] is negative
[21:00:57] [IO-Worker-3/ERROR] (Minecraft) Chunk [-19, 21] stream is truncated: expected 883194355 but read 4091
[21:00:57] [IO-Worker-5/ERROR] (Minecraft) Chunk [-19, 22] stream is truncated: expected 883194355 but read 4091
[21:00:57] [IO-Worker-3/WARN] (Minecraft) Chunk has both internal and external streams
[21:00:57] [IO-Worker-3/ERROR] (Minecraft) External chunk path /Users/magje/code/mods/jade-modded-entities/fabric/runs/client/saves/New World/region/c.-19.23.mcc is not file
[21:00:57] [IO-Worker-5/ERROR] (Minecraft) Chunk [-18, 23] stream is truncated: expected 883194355 but read 4091
[21:00:57] [IO-Worker-3/ERROR] (Minecraft) Chunk [24, -21] stream is truncated: expected 274895671 but read 4091
[21:00:57] [IO-Worker-3/WARN] (Minecraft) Chunk has both internal and external streams
[21:00:57] [IO-Worker-3/ERROR] (Minecraft) External chunk path /Users/magje/code/mods/jade-modded-entities/fabric/runs/client/saves/New World/region/c.25.-11.mcc is not file
[21:00:57] [IO-Worker-1/WARN] (Minecraft) Chunk has both internal and external streams
[21:00:57] [IO-Worker-1/ERROR] (Minecraft) External chunk path /Users/magje/code/mods/jade-modded-entities/fabric/runs/client/saves/New World/region/c.25.-10.mcc is not file
[21:00:57] [IO-Worker-2/ERROR] (Minecraft) Declared size -1062752123 of chunk [25, -9] is negative
[21:00:57] [IO-Worker-3/WARN] (Minecraft) Chunk has both internal and external streams
[21:00:57] [IO-Worker-3/ERROR] (Minecraft) External chunk path /Users/magje/code/mods/jade-modded-entities/fabric/runs/client/saves/New World/region/c.25.-8.mcc is not file
[21:00:57] [IO-Worker-2/WARN] (Minecraft) Chunk has both internal and external streams
[21:00:57] [IO-Worker-2/ERROR] (Minecraft) External chunk path /Users/magje/code/mods/jade-modded-entities/fabric/runs/client/saves/New World/region/c.25.-7.mcc is not file
[21:00:57] [IO-Worker-1/WARN] (Minecraft) Chunk has both internal and external streams
[21:00:57] [IO-Worker-1/ERROR] (Minecraft) External chunk path /Users/magje/code/mods/jade-modded-entities/fabric/runs/client/saves/New World/region/c.25.-6.mcc is not file
[21:00:57] [IO-Worker-3/WARN] (Minecraft) Chunk has both internal and external streams
[21:00:57] [IO-Worker-3/ERROR] (Minecraft) External chunk path /Users/magje/code/mods/jade-modded-entities/fabric/runs/client/saves/New World/region/c.25.-5.mcc is not file
[21:00:57] [IO-Worker-2/WARN] (Minecraft) Chunk has both internal and external streams
[21:00:57] [IO-Worker-2/ERROR] (Minecraft) External chunk path /Users/magje/code/mods/jade-modded-entities/fabric/runs/client/saves/New World/region/c.25.-4.mcc is not file
[21:00:57] [IO-Worker-5/WARN] (Minecraft) Chunk has both internal and external streams
[21:00:57] [IO-Worker-5/ERROR] (Minecraft) External chunk path /Users/magje/code/mods/jade-modded-entities/fabric/runs/client/saves/New World/region/c.25.-3.mcc is not file
[21:00:57] [IO-Worker-3/WARN] (Minecraft) Chunk has both internal and external streams
[21:00:57] [IO-Worker-3/ERROR] (Minecraft) External chunk path /Users/magje/code/mods/jade-modded-entities/fabric/runs/client/saves/New World/region/c.25.-2.mcc is not file
[21:00:57] [IO-Worker-5/WARN] (Minecraft) Chunk has both internal and external streams
[21:00:57] [IO-Worker-5/ERROR] (Minecraft) External chunk path /Users/magje/code/mods/jade-modded-entities/fabric/runs/client/saves/New World/region/c.25.-1.mcc is not file
[21:00:57] [IO-Worker-1/ERROR] (Minecraft) Declared size -531515198 of chunk [25, 0] is negative
[21:00:57] [IO-Worker-2/ERROR] (Minecraft) Declared size -531515198 of chunk [25, 1] is negative
[21:00:57] [IO-Worker-3/WARN] (Minecraft) Chunk has both internal and external streams
[21:00:57] [IO-Worker-3/ERROR] (Minecraft) External chunk path /Users/magje/code/mods/jade-modded-entities/fabric/runs/client/saves/New World/region/c.25.2.mcc is not file
[21:00:57] [IO-Worker-5/ERROR] (Minecraft) Declared size -531515198 of chunk [25, 3] is negative
[21:00:57] [IO-Worker-3/WARN] (Minecraft) Chunk has both internal and external streams
[21:00:57] [IO-Worker-3/ERROR] (Minecraft) External chunk path /Users/magje/code/mods/jade-modded-entities/fabric/runs/client/saves/New World/region/c.25.4.mcc is not file
[21:00:57] [IO-Worker-5/ERROR] (Minecraft) Declared size -1063030651 of chunk [25, 5] is negative
[21:00:57] [IO-Worker-3/ERROR] (Minecraft) Declared size -531515198 of chunk [25, 6] is negative
[21:00:57] [IO-Worker-5/ERROR] (Minecraft) Declared size -531515198 of chunk [25, 7] is negative
[21:00:57] [IO-Worker-3/ERROR] (Minecraft) Declared size -531515198 of chunk [25, 8] is negative
[21:00:57] [IO-Worker-5/WARN] (Minecraft) Chunk has both internal and external streams
[21:00:57] [IO-Worker-5/ERROR] (Minecraft) External chunk path /Users/magje/code/mods/jade-modded-entities/fabric/runs/client/saves/New World/region/c.25.9.mcc is not file
[21:00:57] [IO-Worker-3/WARN] (Minecraft) Chunk has both internal and external streams
[21:00:57] [IO-Worker-3/ERROR] (Minecraft) External chunk path /Users/magje/code/mods/jade-modded-entities/fabric/runs/client/saves/New World/region/c.25.10.mcc is not file
[21:00:57] [IO-Worker-5/WARN] (Minecraft) Chunk has both internal and external streams
[21:00:57] [IO-Worker-5/ERROR] (Minecraft) External chunk path /Users/magje/code/mods/jade-modded-entities/fabric/runs/client/saves/New World/region/c.25.11.mcc is not file
[21:00:57] [IO-Worker-3/WARN] (Minecraft) Chunk has both internal and external streams
[21:00:57] [IO-Worker-3/ERROR] (Minecraft) External chunk path /Users/magje/code/mods/jade-modded-entities/fabric/runs/client/saves/New World/region/c.25.12.mcc is not file
[21:00:57] [IO-Worker-5/ERROR] (Minecraft) Chunk [25, 13] stream is truncated: expected 91755693 but read 4091
[21:00:57] [IO-Worker-3/ERROR] (Minecraft) Chunk [25, 14] stream is truncated: expected 91755693 but read 4091
[21:00:57] [IO-Worker-5/WARN] (Minecraft) Chunk has both internal and external streams
[21:00:57] [IO-Worker-5/ERROR] (Minecraft) External chunk path /Users/magje/code/mods/jade-modded-entities/fabric/runs/client/saves/New World/region/c.25.-12.mcc is not file
[21:00:57] [IO-Worker-3/ERROR] (Minecraft) Declared size -531515198 of chunk [25, 15] is negative
[21:00:57] [IO-Worker-5/ERROR] (Minecraft) Declared size -531515198 of chunk [25, 16] is negative
[21:00:57] [IO-Worker-3/ERROR] (Minecraft) Declared size -524340060 of chunk [25, 17] is negative
[21:00:57] [IO-Worker-5/ERROR] (Minecraft) Declared size -1063030651 of chunk [25, 18] is negative
[21:00:57] [IO-Worker-3/ERROR] (Minecraft) Declared size -1063030651 of chunk [25, 19] is negative
[21:00:57] [IO-Worker-1/ERROR] (Minecraft) Declared size -2142772982 of chunk [25, 20] is negative
[21:00:57] [IO-Worker-5/WARN] (Minecraft) Chunk has both internal and external streams
[21:00:57] [IO-Worker-5/ERROR] (Minecraft) External chunk path /Users/magje/code/mods/jade-modded-entities/fabric/runs/client/saves/New World/region/c.25.-13.mcc is not file
[21:00:57] [IO-Worker-3/WARN] (Minecraft) Chunk has both internal and external streams
[21:00:57] [IO-Worker-3/ERROR] (Minecraft) External chunk path /Users/magje/code/mods/jade-modded-entities/fabric/runs/client/saves/New World/region/c.25.-18.mcc is not file
[21:00:57] [IO-Worker-1/WARN] (Minecraft) Chunk has both internal and external streams
[21:00:57] [IO-Worker-1/ERROR] (Minecraft) External chunk path /Users/magje/code/mods/jade-modded-entities/fabric/runs/client/saves/New World/region/c.25.-17.mcc is not file
[21:00:57] [IO-Worker-3/WARN] (Minecraft) Chunk has both internal and external streams
[21:00:57] [IO-Worker-3/ERROR] (Minecraft) External chunk path /Users/magje/code/mods/jade-modded-entities/fabric/runs/client/saves/New World/region/c.25.-16.mcc is not file
[21:00:57] [IO-Worker-1/ERROR] (Minecraft) Chunk [25, -15] stream is truncated: expected 1216359005 but read 4091
[21:00:57] [IO-Worker-3/WARN] (Minecraft) Chunk has both internal and external streams
[21:00:57] [IO-Worker-3/ERROR] (Minecraft) External chunk path /Users/magje/code/mods/jade-modded-entities/fabric/runs/client/saves/New World/region/c.25.-14.mcc is not file
[21:00:57] [IO-Worker-1/WARN] (Minecraft) Chunk has both internal and external streams
[21:00:57] [IO-Worker-1/ERROR] (Minecraft) External chunk path /Users/magje/code/mods/jade-modded-entities/fabric/runs/client/saves/New World/region/c.25.-20.mcc is not file
[21:00:57] [IO-Worker-3/WARN] (Minecraft) Chunk has both internal and external streams
[21:00:57] [IO-Worker-3/ERROR] (Minecraft) External chunk path /Users/magje/code/mods/jade-modded-entities/fabric/runs/client/saves/New World/region/c.25.-19.mcc is not file
[21:00:57] [IO-Worker-5/ERROR] (Minecraft) Chunk [25, 21] stream is truncated: expected 35554602 but read 4091
[21:00:57] [IO-Worker-1/ERROR] (Minecraft) Declared size -1174334974 of chunk [25, 22] is negative
[21:00:57] [IO-Worker-5/ERROR] (Minecraft) Declared size -1773674230 of chunk [25, 23] is negative
[21:00:57] [IO-Worker-5/ERROR] (Minecraft) Chunk [25, -21] stream is truncated: expected 1216359005 but read 4091
[21:00:57] [IO-Worker-4/ERROR] (Minecraft) Chunk [-20, -22] stream is truncated: expected 883194355 but read 4091
[21:00:57] [IO-Worker-2/ERROR] (Minecraft) Chunk [-20, -21] stream is truncated: expected 883194355 but read 4091
[21:00:57] [IO-Worker-5/ERROR] (Minecraft) Chunk [-20, -20] stream is truncated: expected 883194355 but read 4091
[21:00:57] [IO-Worker-2/ERROR] (Minecraft) Chunk [-20, -19] stream is truncated: expected 883194355 but read 4091
[21:00:57] [IO-Worker-4/ERROR] (Minecraft) Chunk [-20, -18] stream is truncated: expected 268886206 but read 4091
[21:00:57] [IO-Worker-3/ERROR] (Minecraft) Declared size -799335726 of chunk [-20, -17] is negative
[21:00:57] [IO-Worker-2/ERROR] (Minecraft) Chunk [-20, -16] stream is truncated: expected 449985785 but read 4091
[21:00:57] [IO-Worker-4/ERROR] (Minecraft) Chunk [-20, -15] stream is truncated: expected 449985785 but read 4091
[21:00:57] [IO-Worker-3/ERROR] (Minecraft) Chunk [-20, -14] stream is truncated: expected 449985785 but read 4091
[21:00:57] [IO-Worker-4/ERROR] (Minecraft) Chunk [-20, -13] stream is truncated: expected 449985785 but read 4091
[21:00:57] [IO-Worker-3/WARN] (Minecraft) Chunk has both internal and external streams
[21:00:57] [IO-Worker-3/ERROR] (Minecraft) External chunk path /Users/magje/code/mods/jade-modded-entities/fabric/runs/client/saves/New World/region/c.-20.-12.mcc is not file
[21:00:57] [IO-Worker-4/ERROR] (Minecraft) Chunk [-20, -11] stream is truncated: expected 449985785 but read 4091
[21:00:57] [IO-Worker-5/ERROR] (Minecraft) Chunk [-20, -10] stream is truncated: expected 449985785 but read 4091
[21:00:57] [IO-Worker-4/ERROR] (Minecraft) Chunk [-20, -9] stream is truncated: expected 449985785 but read 4091
[21:00:57] [IO-Worker-2/ERROR] (Minecraft) Chunk [-20, -8] stream is truncated: expected 883194355 but read 4091
[21:00:57] [IO-Worker-4/ERROR] (Minecraft) Chunk [-20, -7] stream is truncated: expected 883194355 but read 4091
[21:00:57] [IO-Worker-3/ERROR] (Minecraft) Chunk [-20, -6] stream is truncated: expected 883194355 but read 4091
[21:00:57] [IO-Worker-4/ERROR] (Minecraft) Chunk [-20, -5] stream is truncated: expected 268886206 but read 4091
[21:00:57] [IO-Worker-5/ERROR] (Minecraft) Chunk [-20, -4] stream is truncated: expected 883194355 but read 4091
[21:00:57] [IO-Worker-3/WARN] (Minecraft) Chunk has both internal and external streams
[21:00:57] [IO-Worker-3/ERROR] (Minecraft) External chunk path /Users/magje/code/mods/jade-modded-entities/fabric/runs/client/saves/New World/region/c.-20.-3.mcc is not file
[21:00:57] [IO-Worker-2/ERROR] (Minecraft) Chunk [-20, -2] stream is truncated: expected 273113354 but read 4091
[21:00:57] [IO-Worker-3/ERROR] (Minecraft) Declared size -1537623551 of chunk [-20, -1] is negative
[21:00:57] [IO-Worker-1/ERROR] (Minecraft) Chunk [-20, 0] stream is truncated: expected 248732089 but read 4091
[21:00:57] [IO-Worker-3/ERROR] (Minecraft) Chunk [-19, -22] stream is truncated: expected 883194355 but read 4091
[21:00:57] [IO-Worker-1/WARN] (Minecraft) Chunk has both internal and external streams
[21:00:57] [IO-Worker-1/ERROR] (Minecraft) External chunk path /Users/magje/code/mods/jade-modded-entities/fabric/runs/client/saves/New World/region/c.-18.-22.mcc is not file
[21:00:57] [IO-Worker-3/WARN] (Minecraft) Chunk has both internal and external streams
[21:00:57] [IO-Worker-3/ERROR] (Minecraft) External chunk path /Users/magje/code/mods/jade-modded-entities/fabric/runs/client/saves/New World/region/c.-17.-22.mcc is not file
[21:00:57] [IO-Worker-1/ERROR] (Minecraft) Chunk [-16, -22] stream is truncated: expected 914902880 but read 4091
[21:00:57] [IO-Worker-3/ERROR] (Minecraft) Chunk [-15, -22] stream is truncated: expected 914902880 but read 4091
[21:00:57] [IO-Worker-1/WARN] (Minecraft) Chunk has both internal and external streams
[21:00:57] [IO-Worker-1/ERROR] (Minecraft) External chunk path /Users/magje/code/mods/jade-modded-entities/fabric/runs/client/saves/New World/region/c.-14.-22.mcc is not file
[21:00:57] [IO-Worker-3/ERROR] (Minecraft) Declared size -767755774 of chunk [-13, -22] is negative
[21:00:57] [IO-Worker-1/ERROR] (Minecraft) Declared size -767755774 of chunk [-12, -22] is negative
[21:00:57] [IO-Worker-3/ERROR] (Minecraft) Chunk [-11, -22] stream is truncated: expected 914902880 but read 4091
[21:00:57] [IO-Worker-1/WARN] (Minecraft) Chunk has both internal and external streams
[21:00:57] [IO-Worker-1/ERROR] (Minecraft) External chunk path /Users/magje/code/mods/jade-modded-entities/fabric/runs/client/saves/New World/region/c.-10.-22.mcc is not file
[21:00:57] [IO-Worker-3/WARN] (Minecraft) Chunk has both internal and external streams
[21:00:57] [IO-Worker-3/ERROR] (Minecraft) External chunk path /Users/magje/code/mods/jade-modded-entities/fabric/runs/client/saves/New World/region/c.-9.-22.mcc is not file
[21:00:57] [IO-Worker-1/WARN] (Minecraft) Chunk has both internal and external streams
[21:00:57] [IO-Worker-1/ERROR] (Minecraft) External chunk path /Users/magje/code/mods/jade-modded-entities/fabric/runs/client/saves/New World/region/c.-8.-22.mcc is not file
[21:00:57] [IO-Worker-3/ERROR] (Minecraft) Chunk [-7, -22] stream is truncated: expected 1813006176 but read 4091
[21:00:57] [IO-Worker-1/ERROR] (Minecraft) Declared size -770925184 of chunk [-6, -22] is negative
[21:00:57] [IO-Worker-3/ERROR] (Minecraft) Chunk [-5, -22] stream is truncated: expected 1813006176 but read 4091
[21:00:57] [IO-Worker-1/WARN] (Minecraft) Chunk has both internal and external streams
[21:00:57] [IO-Worker-1/ERROR] (Minecraft) External chunk path /Users/magje/code/mods/jade-modded-entities/fabric/runs/client/saves/New World/region/c.-4.-22.mcc is not file
[21:00:57] [IO-Worker-3/ERROR] (Minecraft) Chunk [-3, -22] stream is truncated: expected 1813006176 but read 4091
[21:00:57] [IO-Worker-1/ERROR] (Minecraft) Chunk [-2, -22] stream is truncated: expected 1813006176 but read 4091
[21:00:57] [IO-Worker-3/ERROR] (Minecraft) Chunk [-1, -22] stream is truncated: expected 18334882 but read 4091
[21:00:57] [IO-Worker-1/ERROR] (Minecraft) Declared size -1601548830 of chunk [0, -22] is negative
[21:00:57] [IO-Worker-3/WARN] (Minecraft) Chunk has both internal and external streams
[21:00:57] [IO-Worker-3/ERROR] (Minecraft) External chunk path /Users/magje/code/mods/jade-modded-entities/fabric/runs/client/saves/New World/region/c.1.-22.mcc is not file
[21:00:57] [IO-Worker-1/WARN] (Minecraft) Chunk has both internal and external streams
[21:00:57] [IO-Worker-1/ERROR] (Minecraft) External chunk path /Users/magje/code/mods/jade-modded-entities/fabric/runs/client/saves/New World/region/c.2.-22.mcc is not file
[21:00:57] [IO-Worker-3/WARN] (Minecraft) Chunk has both internal and external streams
[21:00:57] [IO-Worker-3/ERROR] (Minecraft) External chunk path /Users/magje/code/mods/jade-modded-entities/fabric/runs/client/saves/New World/region/c.3.-22.mcc is not file
[21:00:57] [IO-Worker-1/WARN] (Minecraft) Chunk has both internal and external streams
[21:00:57] [IO-Worker-1/ERROR] (Minecraft) External chunk path /Users/magje/code/mods/jade-modded-entities/fabric/runs/client/saves/New World/region/c.4.-22.mcc is not file
[21:00:57] [IO-Worker-3/ERROR] (Minecraft) Declared size -1434957396 of chunk [5, -22] is negative
[21:00:57] [IO-Worker-1/WARN] (Minecraft) Chunk has both internal and external streams
[21:00:57] [IO-Worker-1/ERROR] (Minecraft) External chunk path /Users/magje/code/mods/jade-modded-entities/fabric/runs/client/saves/New World/region/c.6.-22.mcc is not file
[21:00:57] [IO-Worker-3/ERROR] (Minecraft) Chunk [-20, 1] stream is truncated: expected 883194355 but read 4091
[21:00:57] [IO-Worker-1/WARN] (Minecraft) Chunk has both internal and external streams
[21:00:57] [IO-Worker-1/ERROR] (Minecraft) External chunk path /Users/magje/code/mods/jade-modded-entities/fabric/runs/client/saves/New World/region/c.-20.2.mcc is not file
[21:00:57] [IO-Worker-3/ERROR] (Minecraft) Chunk [-20, 3] stream is truncated: expected 614758899 but read 4091
[21:00:57] [IO-Worker-1/WARN] (Minecraft) Chunk has both internal and external streams
[21:00:57] [IO-Worker-1/ERROR] (Minecraft) External chunk path /Users/magje/code/mods/jade-modded-entities/fabric/runs/client/saves/New World/region/c.-20.4.mcc is not file
[21:00:57] [IO-Worker-3/ERROR] (Minecraft) Chunk [-6, 24] stream is truncated: expected 806356431 but read 4091
[21:00:57] [IO-Worker-1/WARN] (Minecraft) Chunk has both internal and external streams
[21:00:57] [IO-Worker-1/ERROR] (Minecraft) External chunk path /Users/magje/code/mods/jade-modded-entities/fabric/runs/client/saves/New World/region/c.-5.24.mcc is not file
[21:00:57] [IO-Worker-3/WARN] (Minecraft) Chunk has both internal and external streams
[21:00:57] [IO-Worker-3/ERROR] (Minecraft) External chunk path /Users/magje/code/mods/jade-modded-entities/fabric/runs/client/saves/New World/region/c.-4.24.mcc is not file
[21:00:57] [IO-Worker-1/WARN] (Minecraft) Chunk has both internal and external streams
[21:00:57] [IO-Worker-1/ERROR] (Minecraft) External chunk path /Users/magje/code/mods/jade-modded-entities/fabric/runs/client/saves/New World/region/c.-3.24.mcc is not file
[21:00:57] [IO-Worker-3/WARN] (Minecraft) Chunk has both internal and external streams
[21:00:57] [IO-Worker-3/ERROR] (Minecraft) External chunk path /Users/magje/code/mods/jade-modded-entities/fabric/runs/client/saves/New World/region/c.-2.24.mcc is not file
[21:00:57] [IO-Worker-1/WARN] (Minecraft) Chunk has both internal and external streams
[21:00:57] [IO-Worker-1/ERROR] (Minecraft) External chunk path /Users/magje/code/mods/jade-modded-entities/fabric/runs/client/saves/New World/region/c.-1.24.mcc is not file
[21:00:57] [IO-Worker-3/WARN] (Minecraft) Chunk has both internal and external streams
[21:00:57] [IO-Worker-3/ERROR] (Minecraft) External chunk path /Users/magje/code/mods/jade-modded-entities/fabric/runs/client/saves/New World/region/c.0.24.mcc is not file
[21:00:57] [IO-Worker-1/ERROR] (Minecraft) Declared size -2008063733 of chunk [1, 24] is negative
[21:00:57] [IO-Worker-3/ERROR] (Minecraft) Declared size -2008555254 of chunk [2, 24] is negative
[21:00:57] [IO-Worker-1/ERROR] (Minecraft) Chunk [3, 24] stream is truncated: expected 37128270 but read 4091
[21:00:57] [IO-Worker-3/ERROR] (Minecraft) Declared size -995921787 of chunk [4, 24] is negative
[21:00:57] [IO-Worker-1/ERROR] (Minecraft) Declared size -2008555254 of chunk [5, 24] is negative
[21:00:57] [IO-Worker-3/ERROR] (Minecraft) Declared size -917585104 of chunk [6, 24] is negative
[21:00:57] [IO-Worker-1/WARN] (Minecraft) Chunk has both internal and external streams
[21:00:57] [IO-Worker-1/ERROR] (Minecraft) External chunk path /Users/magje/code/mods/jade-modded-entities/fabric/runs/client/saves/New World/region/c.7.24.mcc is not file
[21:00:57] [IO-Worker-3/ERROR] (Minecraft) Declared size -995921787 of chunk [8, 24] is negative
[21:00:57] [IO-Worker-1/WARN] (Minecraft) Chunk has both internal and external streams
[21:00:57] [IO-Worker-1/ERROR] (Minecraft) External chunk path /Users/magje/code/mods/jade-modded-entities/fabric/runs/client/saves/New World/region/c.9.24.mcc is not file
[21:00:57] [IO-Worker-3/ERROR] (Minecraft) Chunk [10, 24] stream is truncated: expected 411011670 but read 4091
[21:00:57] [IO-Worker-1/ERROR] (Minecraft) Chunk [11, 24] stream is truncated: expected 883186105 but read 4091
[21:00:57] [IO-Worker-3/ERROR] (Minecraft) Declared size -2008063733 of chunk [12, 24] is negative
[21:00:57] [IO-Worker-1/ERROR] (Minecraft) Declared size -962600363 of chunk [13, 24] is negative
[21:00:57] [IO-Worker-3/WARN] (Minecraft) Chunk has both internal and external streams
[21:00:57] [IO-Worker-3/ERROR] (Minecraft) External chunk path /Users/magje/code/mods/jade-modded-entities/fabric/runs/client/saves/New World/region/c.14.24.mcc is not file
[21:00:57] [IO-Worker-1/ERROR] (Minecraft) Declared size -524340060 of chunk [15, 24] is negative
[21:00:57] [IO-Worker-3/ERROR] (Minecraft) Declared size -995921787 of chunk [16, 24] is negative
[21:00:57] [IO-Worker-1/ERROR] (Minecraft) Declared size -249013023 of chunk [17, 24] is negative
[21:00:57] [IO-Worker-3/ERROR] (Minecraft) Declared size -2008555254 of chunk [18, 24] is negative
[21:00:57] [IO-Worker-1/ERROR] (Minecraft) Declared size -2008555254 of chunk [19, 24] is negative
[21:00:57] [IO-Worker-3/WARN] (Minecraft) Chunk has both internal and external streams
[21:00:57] [IO-Worker-3/ERROR] (Minecraft) External chunk path /Users/magje/code/mods/jade-modded-entities/fabric/runs/client/saves/New World/region/c.20.24.mcc is not file
[21:00:57] [Server thread/INFO] (Minecraft) Villager Villager['Unemployed'/37, l='ServerLevel[New World]', x=45.68, y=66.00, z=16.09] died, message: 'Unemployed suffocated in a wall'
[21:00:57] [Render thread/INFO] (Minecraft) Villager Villager['Unemployed'/37, l='ClientLevel', x=45.68, y=66.00, z=16.09] died, message: 'Unemployed died'
[21:00:57] [IO-Worker-3/WARN] (Minecraft) Chunk has both internal and external streams
[21:00:57] [IO-Worker-3/ERROR] (Minecraft) External chunk path /Users/magje/code/mods/jade-modded-entities/fabric/runs/client/saves/New World/region/c.-11.24.mcc is not file
[21:00:57] [IO-Worker-5/WARN] (Minecraft) Chunk has both internal and external streams
[21:00:57] [IO-Worker-5/ERROR] (Minecraft) External chunk path /Users/magje/code/mods/jade-modded-entities/fabric/runs/client/saves/New World/region/c.-10.24.mcc is not file
[21:00:57] [IO-Worker-1/WARN] (Minecraft) Chunk has both internal and external streams
[21:00:57] [IO-Worker-1/ERROR] (Minecraft) External chunk path /Users/magje/code/mods/jade-modded-entities/fabric/runs/client/saves/New World/region/c.-9.24.mcc is not file
[21:00:57] [IO-Worker-3/WARN] (Minecraft) Chunk has both internal and external streams
[21:00:57] [IO-Worker-3/ERROR] (Minecraft) External chunk path /Users/magje/code/mods/jade-modded-entities/fabric/runs/client/saves/New World/region/c.-8.24.mcc is not file
[21:00:57] [IO-Worker-1/WARN] (Minecraft) Chunk has both internal and external streams
[21:00:57] [IO-Worker-1/ERROR] (Minecraft) External chunk path /Users/magje/code/mods/jade-modded-entities/fabric/runs/client/saves/New World/region/c.-7.24.mcc is not file
[21:00:57] [IO-Worker-3/WARN] (Minecraft) Chunk has both internal and external streams
[21:00:57] [IO-Worker-3/ERROR] (Minecraft) External chunk path /Users/magje/code/mods/jade-modded-entities/fabric/runs/client/saves/New World/region/c.-12.24.mcc is not file
[21:00:57] [IO-Worker-3/WARN] (Minecraft) Chunk has both internal and external streams
[21:00:57] [IO-Worker-3/ERROR] (Minecraft) External chunk path /Users/magje/code/mods/jade-modded-entities/fabric/runs/client/saves/New World/region/c.7.-22.mcc is not file
[21:00:57] [IO-Worker-1/WARN] (Minecraft) Chunk has both internal and external streams
[21:00:57] [IO-Worker-1/ERROR] (Minecraft) External chunk path /Users/magje/code/mods/jade-modded-entities/fabric/runs/client/saves/New World/region/c.8.-22.mcc is not file
[21:00:57] [IO-Worker-5/WARN] (Minecraft) Chunk has both internal and external streams
[21:00:57] [IO-Worker-5/ERROR] (Minecraft) External chunk path /Users/magje/code/mods/jade-modded-entities/fabric/runs/client/saves/New World/region/c.9.-22.mcc is not file
[21:00:57] [IO-Worker-2/ERROR] (Minecraft) Chunk [10, -22] stream is truncated: expected 39121297 but read 4091
[21:00:57] [IO-Worker-3/WARN] (Minecraft) Chunk has both internal and external streams
[21:00:57] [IO-Worker-3/ERROR] (Minecraft) External chunk path /Users/magje/code/mods/jade-modded-entities/fabric/runs/client/saves/New World/region/c.11.-22.mcc is not file
[21:00:57] [IO-Worker-2/WARN] (Minecraft) Chunk has both internal and external streams
[21:00:57] [IO-Worker-2/ERROR] (Minecraft) External chunk path /Users/magje/code/mods/jade-modded-entities/fabric/runs/client/saves/New World/region/c.12.-22.mcc is not file
[21:00:57] [IO-Worker-3/ERROR] (Minecraft) Chunk [13, -22] stream is truncated: expected 304137290 but read 4091
[21:00:57] [IO-Worker-2/ERROR] (Minecraft) Chunk [14, -22] stream is truncated: expected 304137290 but read 4091
[21:00:58] [Server thread/INFO] (Minecraft) Villager Villager['Unemployed'/35, l='ServerLevel[New World]', x=45.07, y=66.00, z=16.70] died, message: 'Unemployed suffocated in a wall'
[21:00:58] [Server thread/INFO] (Minecraft) Villager Villager['Unemployed'/36, l='ServerLevel[New World]', x=45.68, y=66.00, z=16.09] died, message: 'Unemployed suffocated in a wall'
[21:00:58] [Render thread/INFO] (Minecraft) Villager Villager['Unemployed'/35, l='ClientLevel', x=45.07, y=66.00, z=16.70] died, message: 'Unemployed died'
[21:00:58] [Render thread/INFO] (Minecraft) Villager Villager['Unemployed'/36, l='ClientLevel', x=45.68, y=66.00, z=16.09] died, message: 'Unemployed died'
[21:00:58] [IO-Worker-3/WARN] (Minecraft) Chunk has both internal and external streams
[21:00:58] [IO-Worker-3/ERROR] (Minecraft) External chunk path /Users/magje/code/mods/jade-modded-entities/fabric/runs/client/saves/New World/region/c.-17.24.mcc is not file
[21:00:58] [IO-Worker-2/WARN] (Minecraft) Chunk has both internal and external streams
[21:00:58] [IO-Worker-2/ERROR] (Minecraft) External chunk path /Users/magje/code/mods/jade-modded-entities/fabric/runs/client/saves/New World/region/c.-16.24.mcc is not file
[21:00:58] [IO-Worker-3/WARN] (Minecraft) Chunk has both internal and external streams
[21:00:58] [IO-Worker-3/ERROR] (Minecraft) External chunk path /Users/magje/code/mods/jade-modded-entities/fabric/runs/client/saves/New World/region/c.-15.24.mcc is not file
[21:00:58] [IO-Worker-2/WARN] (Minecraft) Chunk has both internal and external streams
[21:00:58] [IO-Worker-2/ERROR] (Minecraft) External chunk path /Users/magje/code/mods/jade-modded-entities/fabric/runs/client/saves/New World/region/c.-14.24.mcc is not file
[21:00:58] [IO-Worker-3/WARN] (Minecraft) Chunk has both internal and external streams
[21:00:58] [IO-Worker-3/ERROR] (Minecraft) External chunk path /Users/magje/code/mods/jade-modded-entities/fabric/runs/client/saves/New World/region/c.-13.24.mcc is not file
[21:00:58] [IO-Worker-2/ERROR] (Minecraft) Chunk [15, -22] stream is truncated: expected 274895671 but read 4091
[21:00:58] [IO-Worker-5/WARN] (Minecraft) Chunk has both internal and external streams
[21:00:58] [IO-Worker-5/ERROR] (Minecraft) External chunk path /Users/magje/code/mods/jade-modded-entities/fabric/runs/client/saves/New World/region/c.16.-22.mcc is not file
[21:00:58] [IO-Worker-3/ERROR] (Minecraft) Chunk [17, -22] stream is truncated: expected 1075130248 but read 4091
[21:00:58] [IO-Worker-5/ERROR] (Minecraft) Declared size -1434957396 of chunk [18, -22] is negative
[21:00:58] [IO-Worker-3/WARN] (Minecraft) Chunk has both internal and external streams
[21:00:58] [IO-Worker-3/ERROR] (Minecraft) External chunk path /Users/magje/code/mods/jade-modded-entities/fabric/runs/client/saves/New World/region/c.19.-22.mcc is not file
[21:00:58] [IO-Worker-5/ERROR] (Minecraft) Chunk [20, -22] stream is truncated: expected 27973667 but read 4091
[21:00:58] [IO-Worker-3/ERROR] (Minecraft) Chunk [21, -22] stream is truncated: expected 156288330 but read 4091
[21:00:58] [IO-Worker-5/ERROR] (Minecraft) Chunk [22, -22] stream is truncated: expected 156288330 but read 4091
[21:00:58] [IO-Worker-5/ERROR] (Minecraft) Chunk [21, 24] stream is truncated: expected 21119547 but read 4091
[21:00:58] [IO-Worker-3/ERROR] (Minecraft) Chunk [22, 24] stream is truncated: expected 1111231062 but read 4091
[21:00:58] [IO-Worker-2/ERROR] (Minecraft) Chunk [23, 24] stream is truncated: expected 277856788 but read 4091
[21:00:58] [IO-Worker-5/ERROR] (Minecraft) Chunk [23, -22] stream is truncated: expected 39121297 but read 4091
[21:00:58] [IO-Worker-5/ERROR] (Minecraft) Declared size -995921787 of chunk [24, 24] is negative
[21:00:58] [IO-Worker-3/WARN] (Minecraft) Chunk has both internal and external streams
[21:00:58] [IO-Worker-3/ERROR] (Minecraft) External chunk path /Users/magje/code/mods/jade-modded-entities/fabric/runs/client/saves/New World/region/c.25.24.mcc is not file
[21:00:58] [IO-Worker-3/WARN] (Minecraft) Chunk has both internal and external streams
[21:00:58] [IO-Worker-3/ERROR] (Minecraft) External chunk path /Users/magje/code/mods/jade-modded-entities/fabric/runs/client/saves/New World/region/c.-18.24.mcc is not file
[21:00:58] [IO-Worker-5/WARN] (Minecraft) Chunk has both internal and external streams
[21:00:58] [IO-Worker-5/ERROR] (Minecraft) External chunk path /Users/magje/code/mods/jade-modded-entities/fabric/runs/client/saves/New World/region/c.-19.24.mcc is not file
[21:00:58] [IO-Worker-5/ERROR] (Minecraft) Chunk [24, -22] stream is truncated: expected 274895671 but read 4091
[21:00:58] [IO-Worker-3/WARN] (Minecraft) Chunk has both internal and external streams
[21:00:58] [IO-Worker-3/ERROR] (Minecraft) External chunk path /Users/magje/code/mods/jade-modded-entities/fabric/runs/client/saves/New World/region/c.25.-22.mcc is not file
[21:00:58] [IO-Worker-3/ERROR] (Minecraft) Chunk [-20, 5] stream is truncated: expected 877523943 but read 4091
[21:00:58] [IO-Worker-2/ERROR] (Minecraft) Chunk [-20, 6] stream is truncated: expected 883186105 but read 4091
[21:00:58] [IO-Worker-5/ERROR] (Minecraft) Chunk [-20, 7] stream is truncated: expected 883186105 but read 4091
[21:00:58] [IO-Worker-1/ERROR] (Minecraft) Chunk [-20, 8] stream is truncated: expected 883186105 but read 4091
[21:00:58] [IO-Worker-5/ERROR] (Minecraft) Chunk [-20, 9] stream is truncated: expected 883186105 but read 4091
[21:00:58] [IO-Worker-3/ERROR] (Minecraft) Chunk [-20, 10] stream is truncated: expected 883198418 but read 4091
[21:00:58] [IO-Worker-2/ERROR] (Minecraft) Chunk [-20, 11] stream is truncated: expected 883186105 but read 4091
[21:00:58] [IO-Worker-3/ERROR] (Minecraft) Declared size -1535511295 of chunk [-20, 12] is negative
[21:00:58] [IO-Worker-2/ERROR] (Minecraft) Declared size -1087069063 of chunk [-20, 13] is negative
[21:00:58] [IO-Worker-3/ERROR] (Minecraft) Chunk [-20, 14] stream is truncated: expected 883194291 but read 4091
[21:00:58] [IO-Worker-2/ERROR] (Minecraft) Chunk [-20, 15] stream is truncated: expected 883186105 but read 4091
[21:00:58] [IO-Worker-3/ERROR] (Minecraft) Chunk [-20, 16] stream is truncated: expected 883186105 but read 4091
[21:00:58] [IO-Worker-2/ERROR] (Minecraft) Declared size -1535511543 of chunk [-20, 17] is negative
[21:00:58] [IO-Worker-3/ERROR] (Minecraft) Chunk [-20, 18] stream is truncated: expected 883194355 but read 4091
[21:00:58] [IO-Worker-2/ERROR] (Minecraft) Chunk [-20, 19] stream is truncated: expected 883194355 but read 4091
[21:00:58] [IO-Worker-3/ERROR] (Minecraft) Chunk [-20, 20] stream is truncated: expected 268886206 but read 4091
[21:00:58] [IO-Worker-2/ERROR] (Minecraft) Declared size -1680322862 of chunk [-20, 21] is negative
[21:00:58] [IO-Worker-3/ERROR] (Minecraft) Declared size -1535511547 of chunk [-20, 22] is negative
[21:00:58] [IO-Worker-2/WARN] (Minecraft) Chunk has both internal and external streams
[21:00:58] [IO-Worker-2/ERROR] (Minecraft) External chunk path /Users/magje/code/mods/jade-modded-entities/fabric/runs/client/saves/New World/region/c.-20.23.mcc is not file
[21:00:58] [IO-Worker-3/WARN] (Minecraft) Chunk has both internal and external streams
[21:00:58] [IO-Worker-3/ERROR] (Minecraft) External chunk path /Users/magje/code/mods/jade-modded-entities/fabric/runs/client/saves/New World/region/c.-20.24.mcc is not file
[21:00:58] [IO-Worker-3/WARN] (Minecraft) Chunk has both internal and external streams
[21:00:58] [IO-Worker-3/ERROR] (Minecraft) External chunk path /Users/magje/code/mods/jade-modded-entities/fabric/runs/client/saves/New World/region/c.26.-16.mcc is not file
[21:00:58] [IO-Worker-2/WARN] (Minecraft) Chunk has both internal and external streams
[21:00:58] [IO-Worker-2/ERROR] (Minecraft) External chunk path /Users/magje/code/mods/jade-modded-entities/fabric/runs/client/saves/New World/region/c.26.-15.mcc is not file
[21:00:58] [IO-Worker-5/ERROR] (Minecraft) Chunk [26, -14] stream is truncated: expected 536980087 but read 4091
[21:00:58] [IO-Worker-2/WARN] (Minecraft) Chunk has both internal and external streams
[21:00:58] [IO-Worker-2/ERROR] (Minecraft) External chunk path /Users/magje/code/mods/jade-modded-entities/fabric/runs/client/saves/New World/region/c.26.-13.mcc is not file
[21:00:58] [IO-Worker-5/WARN] (Minecraft) Chunk has both internal and external streams
[21:00:58] [IO-Worker-5/ERROR] (Minecraft) External chunk path /Users/magje/code/mods/jade-modded-entities/fabric/runs/client/saves/New World/region/c.26.-12.mcc is not file
[21:00:58] [IO-Worker-3/WARN] (Minecraft) Chunk has both internal and external streams
[21:00:58] [IO-Worker-3/ERROR] (Minecraft) External chunk path /Users/magje/code/mods/jade-modded-entities/fabric/runs/client/saves/New World/region/c.26.-11.mcc is not file
[21:00:58] [IO-Worker-1/WARN] (Minecraft) Chunk has both internal and external streams
[21:00:58] [IO-Worker-1/ERROR] (Minecraft) External chunk path /Users/magje/code/mods/jade-modded-entities/fabric/runs/client/saves/New World/region/c.26.-10.mcc is not file
[21:00:58] [IO-Worker-3/ERROR] (Minecraft) Chunk [26, -9] stream is truncated: expected 536980087 but read 4091
[21:00:58] [IO-Worker-4/WARN] (Minecraft) Chunk has both internal and external streams
[21:00:58] [IO-Worker-4/ERROR] (Minecraft) External chunk path /Users/magje/code/mods/jade-modded-entities/fabric/runs/client/saves/New World/region/c.26.-8.mcc is not file
[21:00:58] [IO-Worker-5/WARN] (Minecraft) Chunk has both internal and external streams
[21:00:58] [IO-Worker-5/ERROR] (Minecraft) External chunk path /Users/magje/code/mods/jade-modded-entities/fabric/runs/client/saves/New World/region/c.26.-7.mcc is not file
[21:00:58] [IO-Worker-4/WARN] (Minecraft) Chunk has both internal and external streams
[21:00:58] [IO-Worker-4/ERROR] (Minecraft) External chunk path /Users/magje/code/mods/jade-modded-entities/fabric/runs/client/saves/New World/region/c.26.-6.mcc is not file
[21:00:58] [IO-Worker-1/WARN] (Minecraft) Chunk has both internal and external streams
[21:00:58] [IO-Worker-1/ERROR] (Minecraft) External chunk path /Users/magje/code/mods/jade-modded-entities/fabric/runs/client/saves/New World/region/c.26.-5.mcc is not file
[21:00:58] [IO-Worker-4/ERROR] (Minecraft) Chunk [26, -4] stream is truncated: expected 1141731658 but read 4091
[21:00:58] [IO-Worker-1/WARN] (Minecraft) Chunk has both internal and external streams
[21:00:58] [IO-Worker-1/ERROR] (Minecraft) External chunk path /Users/magje/code/mods/jade-modded-entities/fabric/runs/client/saves/New World/region/c.26.-3.mcc is not file
[21:00:58] [IO-Worker-4/WARN] (Minecraft) Chunk has both internal and external streams
[21:00:58] [IO-Worker-4/ERROR] (Minecraft) External chunk path /Users/magje/code/mods/jade-modded-entities/fabric/runs/client/saves/New World/region/c.26.-2.mcc is not file
[21:00:58] [IO-Worker-1/WARN] (Minecraft) Chunk has both internal and external streams
[21:00:58] [IO-Worker-1/ERROR] (Minecraft) External chunk path /Users/magje/code/mods/jade-modded-entities/fabric/runs/client/saves/New World/region/c.26.-1.mcc is not file
[21:00:58] [IO-Worker-4/WARN] (Minecraft) Chunk has both internal and external streams
[21:00:58] [IO-Worker-4/ERROR] (Minecraft) External chunk path /Users/magje/code/mods/jade-modded-entities/fabric/runs/client/saves/New World/region/c.26.0.mcc is not file
[21:00:58] [IO-Worker-1/WARN] (Minecraft) Chunk has both internal and external streams
[21:00:58] [IO-Worker-1/ERROR] (Minecraft) External chunk path /Users/magje/code/mods/jade-modded-entities/fabric/runs/client/saves/New World/region/c.26.1.mcc is not file
[21:00:58] [IO-Worker-4/ERROR] (Minecraft) Chunk [26, 2] stream is truncated: expected 1346340140 but read 4091
[21:00:58] [IO-Worker-1/ERROR] (Minecraft) Declared size -1602352549 of chunk [26, 3] is negative
[21:00:58] [IO-Worker-4/ERROR] (Minecraft) Declared size -733486838 of chunk [26, 4] is negative
[21:00:58] [IO-Worker-1/ERROR] (Minecraft) Chunk [26, 5] stream is truncated: expected 1346340140 but read 4091
[21:00:58] [IO-Worker-4/ERROR] (Minecraft) Declared size -524340060 of chunk [26, 6] is negative
[21:00:58] [IO-Worker-1/WARN] (Minecraft) Chunk has both internal and external streams
[21:00:58] [IO-Worker-1/ERROR] (Minecraft) External chunk path /Users/magje/code/mods/jade-modded-entities/fabric/runs/client/saves/New World/region/c.26.-18.mcc is not file
[21:00:58] [IO-Worker-4/WARN] (Minecraft) Chunk has both internal and external streams
[21:00:58] [IO-Worker-4/ERROR] (Minecraft) External chunk path /Users/magje/code/mods/jade-modded-entities/fabric/runs/client/saves/New World/region/c.26.-17.mcc is not file
[21:00:58] [IO-Worker-1/ERROR] (Minecraft) Chunk [26, -19] stream is truncated: expected 1351598613 but read 4091
[21:00:58] [IO-Worker-4/ERROR] (Minecraft) Chunk [26, -20] stream is truncated: expected 536980087 but read 4091
[21:00:58] [IO-Worker-1/ERROR] (Minecraft) Declared size -733486838 of chunk [26, 7] is negative
[21:00:58] [IO-Worker-4/ERROR] (Minecraft) Declared size -733486838 of chunk [26, 8] is negative
[21:00:58] [IO-Worker-1/ERROR] (Minecraft) Declared size -733486838 of chunk [26, 9] is negative
[21:00:58] [IO-Worker-4/ERROR] (Minecraft) Declared size -1602352549 of chunk [26, 10] is negative
[21:00:58] [IO-Worker-1/ERROR] (Minecraft) Chunk [26, 11] stream is truncated: expected 1321414671 but read 4091
[21:00:58] [IO-Worker-4/ERROR] (Minecraft) Chunk [26, 12] stream is truncated: expected 532678388 but read 4091
[21:00:58] [IO-Worker-1/ERROR] (Minecraft) Declared size -2036342187 of chunk [26, 13] is negative
[21:00:58] [IO-Worker-4/ERROR] (Minecraft) Chunk [26, 14] stream is truncated: expected 410946134 but read 4091
[21:00:58] [IO-Worker-1/WARN] (Minecraft) Chunk has both internal and external streams
[21:00:58] [IO-Worker-1/ERROR] (Minecraft) External chunk path /Users/magje/code/mods/jade-modded-entities/fabric/runs/client/saves/New World/region/c.26.15.mcc is not file
[21:00:58] [IO-Worker-4/ERROR] (Minecraft) Chunk [26, 16] stream is truncated: expected 1321414671 but read 4091
[21:00:58] [IO-Worker-3/ERROR] (Minecraft) Declared size -358109051 of chunk [26, 17] is negative
[21:00:58] [IO-Worker-5/ERROR] (Minecraft) Chunk [26, 18] stream is truncated: expected 1346340140 but read 4091
[21:00:58] [IO-Worker-3/ERROR] (Minecraft) Chunk [26, 19] stream is truncated: expected 1346340140 but read 4091
[21:00:58] [IO-Worker-1/ERROR] (Minecraft) Chunk [26, 20] stream is truncated: expected 475012996 but read 4091
[21:00:58] [IO-Worker-3/ERROR] (Minecraft) Chunk [26, 21] stream is truncated: expected 883186105 but read 4091
[21:00:58] [IO-Worker-1/ERROR] (Minecraft) Chunk [26, 22] stream is truncated: expected 17973884 but read 4091
[21:00:58] [IO-Worker-3/ERROR] (Minecraft) Chunk [26, 23] stream is truncated: expected 1344242986 but read 4091
[21:00:59] [IO-Worker-1/ERROR] (Minecraft) Declared size -733486838 of chunk [26, 24] is negative
[21:00:59] [IO-Worker-3/WARN] (Minecraft) Chunk has both internal and external streams
[21:00:59] [IO-Worker-3/ERROR] (Minecraft) External chunk path /Users/magje/code/mods/jade-modded-entities/fabric/runs/client/saves/New World/region/c.26.-21.mcc is not file
[21:00:59] [IO-Worker-5/WARN] (Minecraft) Chunk has both internal and external streams
[21:00:59] [IO-Worker-5/ERROR] (Minecraft) External chunk path /Users/magje/code/mods/jade-modded-entities/fabric/runs/client/saves/New World/region/c.26.-22.mcc is not file
[21:00:59] [IO-Worker-1/ERROR] (Minecraft) Chunk [-21, -23] stream is truncated: expected 883194355 but read 4091
[21:00:59] [IO-Worker-5/ERROR] (Minecraft) Chunk [-21, -22] stream is truncated: expected 883194355 but read 4091
[21:00:59] [IO-Worker-3/ERROR] (Minecraft) Chunk [-21, -21] stream is truncated: expected 883194355 but read 4091
[21:00:59] [IO-Worker-5/ERROR] (Minecraft) Chunk [-21, -20] stream is truncated: expected 883194355 but read 4091
[21:00:59] [IO-Worker-3/ERROR] (Minecraft) Chunk [-21, -19] stream is truncated: expected 883194355 but read 4091
[21:00:59] [IO-Worker-5/WARN] (Minecraft) Chunk has both internal and external streams
[21:00:59] [IO-Worker-5/ERROR] (Minecraft) External chunk path /Users/magje/code/mods/jade-modded-entities/fabric/runs/client/saves/New World/region/c.-21.-18.mcc is not file
[21:00:59] [IO-Worker-3/WARN] (Minecraft) Chunk has both internal and external streams
[21:00:59] [IO-Worker-3/ERROR] (Minecraft) External chunk path /Users/magje/code/mods/jade-modded-entities/fabric/runs/client/saves/New World/region/c.-21.-17.mcc is not file
[21:00:59] [IO-Worker-1/ERROR] (Minecraft) Chunk [-21, -16] stream is truncated: expected 449985785 but read 4091
[21:00:59] [IO-Worker-3/ERROR] (Minecraft) Chunk [-21, -15] stream is truncated: expected 449985785 but read 4091
[21:00:59] [IO-Worker-4/ERROR] (Minecraft) Chunk [-21, -14] stream is truncated: expected 449985785 but read 4091
[21:00:59] [IO-Worker-3/WARN] (Minecraft) Chunk has both internal and external streams
[21:00:59] [IO-Worker-3/ERROR] (Minecraft) External chunk path /Users/magje/code/mods/jade-modded-entities/fabric/runs/client/saves/New World/region/c.-21.-13.mcc is not file
[21:00:59] [IO-Worker-4/WARN] (Minecraft) Chunk has both internal and external streams
[21:00:59] [IO-Worker-4/ERROR] (Minecraft) External chunk path /Users/magje/code/mods/jade-modded-entities/fabric/runs/client/saves/New World/region/c.-21.-12.mcc is not file
[21:00:59] [IO-Worker-1/ERROR] (Minecraft) Chunk [-21, -11] stream is truncated: expected 449985785 but read 4091
[21:00:59] [IO-Worker-5/ERROR] (Minecraft) Chunk [-21, -10] stream is truncated: expected 449985785 but read 4091
[21:00:59] [IO-Worker-4/ERROR] (Minecraft) Chunk [-21, -9] stream is truncated: expected 883194355 but read 4091
[21:00:59] [IO-Worker-3/ERROR] (Minecraft) Chunk [-21, -8] stream is truncated: expected 883194355 but read 4091
[21:00:59] [IO-Worker-4/ERROR] (Minecraft) Chunk [-21, -7] stream is truncated: expected 883194355 but read 4091
[21:00:59] [IO-Worker-5/ERROR] (Minecraft) Chunk [-21, -6] stream is truncated: expected 883194355 but read 4091
[21:00:59] [IO-Worker-3/WARN] (Minecraft) Chunk has both internal and external streams
[21:00:59] [IO-Worker-3/ERROR] (Minecraft) External chunk path /Users/magje/code/mods/jade-modded-entities/fabric/runs/client/saves/New World/region/c.-21.-5.mcc is not file
[21:00:59] [IO-Worker-4/ERROR] (Minecraft) Chunk [-21, -4] stream is truncated: expected 883194355 but read 4091
[21:00:59] [IO-Worker-3/WARN] (Minecraft) Chunk has both internal and external streams
[21:00:59] [IO-Worker-3/ERROR] (Minecraft) External chunk path /Users/magje/code/mods/jade-modded-entities/fabric/runs/client/saves/New World/region/c.-21.-3.mcc is not file
[21:00:59] [IO-Worker-1/ERROR] (Minecraft) Declared size -200971248 of chunk [-21, -2] is negative
[21:00:59] [IO-Worker-5/WARN] (Minecraft) Chunk has both internal and external streams
[21:00:59] [IO-Worker-5/ERROR] (Minecraft) External chunk path /Users/magje/code/mods/jade-modded-entities/fabric/runs/client/saves/New World/region/c.-21.-1.mcc is not file
[21:00:59] [IO-Worker-1/ERROR] (Minecraft) Chunk [-20, -23] stream is truncated: expected 883194355 but read 4091
[21:00:59] [IO-Worker-3/ERROR] (Minecraft) Chunk [-19, -23] stream is truncated: expected 883194355 but read 4091
[21:00:59] [IO-Worker-5/ERROR] (Minecraft) Chunk [-18, -23] stream is truncated: expected 883194355 but read 4091
[21:00:59] [IO-Worker-3/WARN] (Minecraft) Chunk has both internal and external streams
[21:00:59] [IO-Worker-3/ERROR] (Minecraft) External chunk path /Users/magje/code/mods/jade-modded-entities/fabric/runs/client/saves/New World/region/c.-17.-23.mcc is not file
[21:00:59] [IO-Worker-5/WARN] (Minecraft) Chunk has both internal and external streams
[21:00:59] [IO-Worker-5/ERROR] (Minecraft) External chunk path /Users/magje/code/mods/jade-modded-entities/fabric/runs/client/saves/New World/region/c.-16.-23.mcc is not file
[21:00:59] [IO-Worker-3/ERROR] (Minecraft) Chunk [-15, -23] stream is truncated: expected 449985785 but read 4091
[21:00:59] [IO-Worker-1/ERROR] (Minecraft) Chunk [-14, -23] stream is truncated: expected 449985785 but read 4091
[21:00:59] [IO-Worker-5/ERROR] (Minecraft) Chunk [-13, -23] stream is truncated: expected 449985785 but read 4091
[21:00:59] [IO-Worker-1/ERROR] (Minecraft) Chunk [-12, -23] stream is truncated: expected 449985785 but read 4091
[21:00:59] [IO-Worker-5/WARN] (Minecraft) Chunk has both internal and external streams
[21:00:59] [IO-Worker-5/ERROR] (Minecraft) External chunk path /Users/magje/code/mods/jade-modded-entities/fabric/runs/client/saves/New World/region/c.-11.-23.mcc is not file
[21:00:59] [IO-Worker-1/ERROR] (Minecraft) Chunk [-10, -23] stream is truncated: expected 273113354 but read 4091
[21:00:59] [IO-Worker-5/WARN] (Minecraft) Chunk has both internal and external streams
[21:00:59] [IO-Worker-5/ERROR] (Minecraft) External chunk path /Users/magje/code/mods/jade-modded-entities/fabric/runs/client/saves/New World/region/c.-9.-23.mcc is not file
[21:00:59] [IO-Worker-1/ERROR] (Minecraft) Declared size -1535511547 of chunk [-8, -23] is negative
[21:00:59] [IO-Worker-5/WARN] (Minecraft) Chunk has both internal and external streams
[21:00:59] [IO-Worker-5/ERROR] (Minecraft) External chunk path /Users/magje/code/mods/jade-modded-entities/fabric/runs/client/saves/New World/region/c.-7.-23.mcc is not file
[21:00:59] [IO-Worker-1/ERROR] (Minecraft) Chunk [-6, -23] stream is truncated: expected 1406714369 but read 4091
[21:00:59] [IO-Worker-5/ERROR] (Minecraft) Declared size -200971248 of chunk [-5, -23] is negative
[21:00:59] [IO-Worker-1/WARN] (Minecraft) Chunk has both internal and external streams
[21:00:59] [IO-Worker-1/ERROR] (Minecraft) External chunk path /Users/magje/code/mods/jade-modded-entities/fabric/runs/client/saves/New World/region/c.-4.-23.mcc is not file
[21:00:59] [IO-Worker-5/WARN] (Minecraft) Chunk has both internal and external streams
[21:00:59] [IO-Worker-5/ERROR] (Minecraft) External chunk path /Users/magje/code/mods/jade-modded-entities/fabric/runs/client/saves/New World/region/c.-3.-23.mcc is not file
[21:00:59] [IO-Worker-1/ERROR] (Minecraft) Chunk [-2, -23] stream is truncated: expected 1813006176 but read 4091
[21:00:59] [IO-Worker-5/ERROR] (Minecraft) Declared size -1537623551 of chunk [-1, -23] is negative
[21:00:59] [IO-Worker-1/ERROR] (Minecraft) Declared size -1601548830 of chunk [0, -23] is negative
[21:00:59] [IO-Worker-5/WARN] (Minecraft) Chunk has both internal and external streams
[21:00:59] [IO-Worker-5/ERROR] (Minecraft) External chunk path /Users/magje/code/mods/jade-modded-entities/fabric/runs/client/saves/New World/region/c.1.-23.mcc is not file
[21:00:59] [IO-Worker-1/WARN] (Minecraft) Chunk has both internal and external streams
[21:00:59] [IO-Worker-1/ERROR] (Minecraft) External chunk path /Users/magje/code/mods/jade-modded-entities/fabric/runs/client/saves/New World/region/c.2.-23.mcc is not file
[21:00:59] [IO-Worker-5/ERROR] (Minecraft) Declared size -2144717175 of chunk [3, -23] is negative
[21:00:59] [IO-Worker-1/ERROR] (Minecraft) Chunk [-21, 0] stream is truncated: expected 248732089 but read 4091
[21:00:59] [IO-Worker-5/ERROR] (Minecraft) Chunk [-21, 1] stream is truncated: expected 883194355 but read 4091
[21:00:59] [IO-Worker-1/ERROR] (Minecraft) Chunk [-21, 2] stream is truncated: expected 1833497575 but read 4091
[21:00:59] [IO-Worker-5/ERROR] (Minecraft) Chunk [-21, 3] stream is truncated: expected 614758899 but read 4091
[21:00:59] [IO-Worker-1/WARN] (Minecraft) Chunk has both internal and external streams
[21:00:59] [IO-Worker-1/ERROR] (Minecraft) External chunk path /Users/magje/code/mods/jade-modded-entities/fabric/runs/client/saves/New World/region/c.4.-23.mcc is not file
[21:00:59] [IO-Worker-5/WARN] (Minecraft) Chunk has both internal and external streams
[21:00:59] [IO-Worker-5/ERROR] (Minecraft) External chunk path /Users/magje/code/mods/jade-modded-entities/fabric/runs/client/saves/New World/region/c.5.-23.mcc is not file
[21:00:59] [IO-Worker-1/WARN] (Minecraft) Chunk has both internal and external streams
[21:00:59] [IO-Worker-1/ERROR] (Minecraft) External chunk path /Users/magje/code/mods/jade-modded-entities/fabric/runs/client/saves/New World/region/c.6.-23.mcc is not file
[21:00:59] [IO-Worker-5/WARN] (Minecraft) Chunk has both internal and external streams
[21:00:59] [IO-Worker-5/ERROR] (Minecraft) External chunk path /Users/magje/code/mods/jade-modded-entities/fabric/runs/client/saves/New World/region/c.7.-23.mcc is not file
[21:00:59] [IO-Worker-1/WARN] (Minecraft) Chunk has both internal and external streams
[21:00:59] [IO-Worker-1/ERROR] (Minecraft) External chunk path /Users/magje/code/mods/jade-modded-entities/fabric/runs/client/saves/New World/region/c.8.-23.mcc is not file
[21:00:59] [IO-Worker-5/WARN] (Minecraft) Chunk has both internal and external streams
[21:00:59] [IO-Worker-5/ERROR] (Minecraft) External chunk path /Users/magje/code/mods/jade-modded-entities/fabric/runs/client/saves/New World/region/c.9.-23.mcc is not file
[21:00:59] [IO-Worker-1/ERROR] (Minecraft) Chunk [10, -23] stream is truncated: expected 39121297 but read 4091
[21:00:59] [IO-Worker-5/WARN] (Minecraft) Chunk has both internal and external streams
[21:00:59] [IO-Worker-5/ERROR] (Minecraft) External chunk path /Users/magje/code/mods/jade-modded-entities/fabric/runs/client/saves/New World/region/c.11.-23.mcc is not file
[21:00:59] [IO-Worker-1/WARN] (Minecraft) Chunk has both internal and external streams
[21:00:59] [IO-Worker-1/ERROR] (Minecraft) External chunk path /Users/magje/code/mods/jade-modded-entities/fabric/runs/client/saves/New World/region/c.12.-23.mcc is not file
[21:00:59] [IO-Worker-5/ERROR] (Minecraft) Chunk [13, -23] stream is truncated: expected 304137290 but read 4091
[21:00:59] [IO-Worker-1/ERROR] (Minecraft) Chunk [14, -23] stream is truncated: expected 304137290 but read 4091
[21:00:59] [IO-Worker-5/ERROR] (Minecraft) Chunk [15, -23] stream is truncated: expected 274895671 but read 4091
[21:00:59] [IO-Worker-1/WARN] (Minecraft) Chunk has both internal and external streams
[21:00:59] [IO-Worker-1/ERROR] (Minecraft) External chunk path /Users/magje/code/mods/jade-modded-entities/fabric/runs/client/saves/New World/region/c.16.-23.mcc is not file
[21:00:59] [IO-Worker-5/WARN] (Minecraft) Chunk has both internal and external streams
[21:00:59] [IO-Worker-5/ERROR] (Minecraft) External chunk path /Users/magje/code/mods/jade-modded-entities/fabric/runs/client/saves/New World/region/c.17.-23.mcc is not file
[21:00:59] [IO-Worker-1/WARN] (Minecraft) Chunk has both internal and external streams
[21:00:59] [IO-Worker-1/ERROR] (Minecraft) External chunk path /Users/magje/code/mods/jade-modded-entities/fabric/runs/client/saves/New World/region/c.18.-23.mcc is not file
[21:00:59] [IO-Worker-5/WARN] (Minecraft) Chunk has both internal and external streams
[21:00:59] [IO-Worker-5/ERROR] (Minecraft) External chunk path /Users/magje/code/mods/jade-modded-entities/fabric/runs/client/saves/New World/region/c.19.-23.mcc is not file
[21:00:59] [IO-Worker-1/WARN] (Minecraft) Chunk has both internal and external streams
[21:00:59] [IO-Worker-1/ERROR] (Minecraft) External chunk path /Users/magje/code/mods/jade-modded-entities/fabric/runs/client/saves/New World/region/c.20.-23.mcc is not file
[21:00:59] [IO-Worker-1/ERROR] (Minecraft) Chunk [21, -23] stream is truncated: expected 1355107169 but read 4091
[21:00:59] [IO-Worker-5/ERROR] (Minecraft) Chunk [22, -23] stream is truncated: expected 156288330 but read 4091
[21:00:59] [IO-Worker-3/ERROR] (Minecraft) Chunk [23, -23] stream is truncated: expected 39121297 but read 4091
[21:00:59] [IO-Worker-5/ERROR] (Minecraft) Chunk [24, -23] stream is truncated: expected 274895671 but read 4091
[21:00:59] [IO-Worker-5/ERROR] (Minecraft) Chunk [-12, 25] stream is truncated: expected 268816474 but read 4091
[21:00:59] [IO-Worker-4/ERROR] (Minecraft) Chunk [-11, 25] stream is truncated: expected 806356431 but read 4091
[21:00:59] [IO-Worker-1/ERROR] (Minecraft) Chunk [-10, 25] stream is truncated: expected 806356431 but read 4091
[21:00:59] [IO-Worker-3/ERROR] (Minecraft) Chunk [-9, 25] stream is truncated: expected 806356431 but read 4091
[21:00:59] [IO-Worker-4/ERROR] (Minecraft) Chunk [-8, 25] stream is truncated: expected 806356431 but read 4091
[21:00:59] [IO-Worker-5/ERROR] (Minecraft) Chunk [-7, 25] stream is truncated: expected 806356431 but read 4091
[21:00:59] [IO-Worker-1/ERROR] (Minecraft) Chunk [-6, 25] stream is truncated: expected 335925338 but read 4091
[21:00:59] [IO-Worker-4/WARN] (Minecraft) Chunk has both internal and external streams
[21:00:59] [IO-Worker-4/ERROR] (Minecraft) External chunk path /Users/magje/code/mods/jade-modded-entities/fabric/runs/client/saves/New World/region/c.-5.25.mcc is not file
[21:00:59] [IO-Worker-1/ERROR] (Minecraft) Chunk [-4, 25] stream is truncated: expected 1091569375 but read 4091
[21:00:59] [IO-Worker-4/ERROR] (Minecraft) Chunk [-2, 25] stream is truncated: expected 806356431 but read 4091
[21:00:59] [IO-Worker-5/ERROR] (Minecraft) Chunk [-1, 25] stream is truncated: expected 268886206 but read 4091
[21:00:59] [IO-Worker-1/ERROR] (Minecraft) Declared size -2142281461 of chunk [0, 25] is negative
[21:00:59] [IO-Worker-2/ERROR] (Minecraft) Declared size -531515198 of chunk [1, 25] is negative
[21:00:59] [IO-Worker-4/ERROR] (Minecraft) Declared size -1063030651 of chunk [2, 25] is negative
[21:00:59] [IO-Worker-5/ERROR] (Minecraft) Declared size -531515198 of chunk [3, 25] is negative
[21:00:59] [IO-Worker-1/WARN] (Minecraft) Chunk has both internal and external streams
[21:00:59] [IO-Worker-1/ERROR] (Minecraft) External chunk path /Users/magje/code/mods/jade-modded-entities/fabric/runs/client/saves/New World/region/c.4.25.mcc is not file
[21:00:59] [IO-Worker-2/ERROR] (Minecraft) Declared size -917585104 of chunk [5, 25] is negative
[21:00:59] [IO-Worker-1/ERROR] (Minecraft) Declared size -531515198 of chunk [6, 25] is negative
[21:00:59] [IO-Worker-2/ERROR] (Minecraft) Declared size -531515198 of chunk [7, 25] is negative
[21:00:59] [IO-Worker-1/ERROR] (Minecraft) Declared size -531515198 of chunk [8, 25] is negative
[21:00:59] [IO-Worker-2/WARN] (Minecraft) Chunk has both internal and external streams
[21:00:59] [IO-Worker-2/ERROR] (Minecraft) External chunk path /Users/magje/code/mods/jade-modded-entities/fabric/runs/client/saves/New World/region/c.9.25.mcc is not file
[21:00:59] [IO-Worker-1/ERROR] (Minecraft) Declared size -671047742 of chunk [10, 25] is negative
[21:00:59] [IO-Worker-2/ERROR] (Minecraft) Chunk [11, 25] stream is truncated: expected 883186105 but read 4091
[21:00:59] [IO-Worker-1/ERROR] (Minecraft) Declared size -531515198 of chunk [12, 25] is negative
[21:00:59] [IO-Worker-2/ERROR] (Minecraft) Chunk [13, 25] stream is truncated: expected 91755693 but read 4091
[21:00:59] [IO-Worker-1/ERROR] (Minecraft) Chunk [14, 25] stream is truncated: expected 91755693 but read 4091
[21:00:59] [IO-Worker-2/ERROR] (Minecraft) Declared size -531515198 of chunk [15, 25] is negative
[21:00:59] [IO-Worker-1/ERROR] (Minecraft) Declared size -531515198 of chunk [16, 25] is negative
[21:00:59] [IO-Worker-2/ERROR] (Minecraft) Chunk [17, 25] stream is truncated: expected 2014621295 but read 4091
[21:00:59] [IO-Worker-1/ERROR] (Minecraft) Declared size -1063030651 of chunk [18, 25] is negative
[21:00:59] [IO-Worker-2/ERROR] (Minecraft) Declared size -1063030651 of chunk [19, 25] is negative
[21:00:59] [IO-Worker-1/ERROR] (Minecraft) Declared size -2142772982 of chunk [20, 25] is negative
[21:00:59] [IO-Worker-2/ERROR] (Minecraft) Chunk [21, 25] stream is truncated: expected 35554602 but read 4091
[21:00:59] [IO-Worker-1/ERROR] (Minecraft) Chunk [22, 25] stream is truncated: expected 35554602 but read 4091
[21:00:59] [IO-Worker-2/ERROR] (Minecraft) Chunk [23, 25] stream is truncated: expected 127289312 but read 4091
[21:00:59] [IO-Worker-1/ERROR] (Minecraft) Chunk [-15, 25] stream is truncated: expected 268816474 but read 4091
[21:00:59] [IO-Worker-2/ERROR] (Minecraft) Chunk [-14, 25] stream is truncated: expected 268816474 but read 4091
[21:00:59] [IO-Worker-1/ERROR] (Minecraft) Chunk [-13, 25] stream is truncated: expected 806356431 but read 4091
[21:00:59] [IO-Worker-2/ERROR] (Minecraft) Chunk [-17, 25] stream is truncated: expected 806356431 but read 4091
[21:00:59] [IO-Worker-1/ERROR] (Minecraft) Chunk [-16, 25] stream is truncated: expected 806356431 but read 4091
[21:00:59] [IO-Worker-2/WARN] (Minecraft) Chunk has both internal and external streams
[21:00:59] [IO-Worker-2/ERROR] (Minecraft) External chunk path /Users/magje/code/mods/jade-modded-entities/fabric/runs/client/saves/New World/region/c.25.-23.mcc is not file
[21:00:59] [IO-Worker-4/WARN] (Minecraft) Chunk has both internal and external streams
[21:00:59] [IO-Worker-4/ERROR] (Minecraft) External chunk path /Users/magje/code/mods/jade-modded-entities/fabric/runs/client/saves/New World/region/c.24.25.mcc is not file
[21:00:59] [IO-Worker-5/WARN] (Minecraft) Chunk has both internal and external streams
[21:00:59] [IO-Worker-5/ERROR] (Minecraft) External chunk path /Users/magje/code/mods/jade-modded-entities/fabric/runs/client/saves/New World/region/c.25.25.mcc is not file
[21:00:59] [IO-Worker-4/WARN] (Minecraft) Chunk has both internal and external streams
[21:00:59] [IO-Worker-4/ERROR] (Minecraft) External chunk path /Users/magje/code/mods/jade-modded-entities/fabric/runs/client/saves/New World/region/c.26.25.mcc is not file
[21:00:59] [IO-Worker-5/WARN] (Minecraft) Chunk has both internal and external streams
[21:00:59] [IO-Worker-5/ERROR] (Minecraft) External chunk path /Users/magje/code/mods/jade-modded-entities/fabric/runs/client/saves/New World/region/c.-19.25.mcc is not file
[21:00:59] [IO-Worker-4/WARN] (Minecraft) Chunk has both internal and external streams
[21:00:59] [IO-Worker-4/ERROR] (Minecraft) External chunk path /Users/magje/code/mods/jade-modded-entities/fabric/runs/client/saves/New World/region/c.-18.25.mcc is not file
[21:00:59] [IO-Worker-2/WARN] (Minecraft) Chunk has both internal and external streams
[21:00:59] [IO-Worker-2/ERROR] (Minecraft) External chunk path /Users/magje/code/mods/jade-modded-entities/fabric/runs/client/saves/New World/region/c.-20.25.mcc is not file
[21:00:59] [IO-Worker-5/WARN] (Minecraft) Chunk has both internal and external streams
[21:00:59] [IO-Worker-5/ERROR] (Minecraft) External chunk path /Users/magje/code/mods/jade-modded-entities/fabric/runs/client/saves/New World/region/c.26.-23.mcc is not file
[21:00:59] [IO-Worker-4/WARN] (Minecraft) Chunk has both internal and external streams
[21:00:59] [IO-Worker-4/ERROR] (Minecraft) External chunk path /Users/magje/code/mods/jade-modded-entities/fabric/runs/client/saves/New World/region/c.-21.4.mcc is not file
[21:00:59] [IO-Worker-2/ERROR] (Minecraft) Chunk [-21, 5] stream is truncated: expected 877523943 but read 4091
[21:00:59] [IO-Worker-5/ERROR] (Minecraft) Chunk [-21, 6] stream is truncated: expected 883186105 but read 4091
[21:00:59] [IO-Worker-4/ERROR] (Minecraft) Chunk [-21, 7] stream is truncated: expected 883186105 but read 4091
[21:00:59] [IO-Worker-5/ERROR] (Minecraft) Chunk [-21, 8] stream is truncated: expected 883186105 but read 4091
[21:00:59] [IO-Worker-4/ERROR] (Minecraft) Chunk [-21, 9] stream is truncated: expected 883186105 but read 4091
[21:00:59] [IO-Worker-2/ERROR] (Minecraft) Chunk [-21, 10] stream is truncated: expected 883198418 but read 4091
[21:00:59] [IO-Worker-5/ERROR] (Minecraft) Chunk [-21, 11] stream is truncated: expected 883186105 but read 4091
[21:00:59] [IO-Worker-4/ERROR] (Minecraft) Declared size -1535511295 of chunk [-21, 12] is negative
[21:00:59] [IO-Worker-5/ERROR] (Minecraft) Chunk [-21, 13] stream is truncated: expected 883194163 but read 4091
[21:00:59] [IO-Worker-1/ERROR] (Minecraft) Declared size -524340060 of chunk [-21, 14] is negative
[21:00:59] [IO-Worker-5/ERROR] (Minecraft) Chunk [-21, 15] stream is truncated: expected 883186105 but read 4091
[21:00:59] [IO-Worker-4/ERROR] (Minecraft) Chunk [-21, 16] stream is truncated: expected 883186105 but read 4091
[21:00:59] [IO-Worker-5/ERROR] (Minecraft) Chunk [-21, 17] stream is truncated: expected 883194355 but read 4091
[21:00:59] [IO-Worker-1/ERROR] (Minecraft) Chunk [-21, 18] stream is truncated: expected 883194355 but read 4091
[21:00:59] [IO-Worker-4/ERROR] (Minecraft) Chunk [-21, 19] stream is truncated: expected 883194355 but read 4091
[21:00:59] [IO-Worker-1/WARN] (Minecraft) Chunk has both internal and external streams
[21:00:59] [IO-Worker-1/ERROR] (Minecraft) External chunk path /Users/magje/code/mods/jade-modded-entities/fabric/runs/client/saves/New World/region/c.-21.20.mcc is not file
[21:00:59] [IO-Worker-2/ERROR] (Minecraft) Chunk [-21, 21] stream is truncated: expected 883194355 but read 4091
[21:00:59] [IO-Worker-5/ERROR] (Minecraft) Chunk [-21, 22] stream is truncated: expected 268886206 but read 4091
[21:00:59] [IO-Worker-1/WARN] (Minecraft) Chunk has both internal and external streams
[21:00:59] [IO-Worker-1/ERROR] (Minecraft) External chunk path /Users/magje/code/mods/jade-modded-entities/fabric/runs/client/saves/New World/region/c.-21.23.mcc is not file
[21:00:59] [IO-Worker-4/WARN] (Minecraft) Chunk has both internal and external streams
[21:00:59] [IO-Worker-4/ERROR] (Minecraft) External chunk path /Users/magje/code/mods/jade-modded-entities/fabric/runs/client/saves/New World/region/c.-21.24.mcc is not file
[21:00:59] [IO-Worker-1/WARN] (Minecraft) Chunk has both internal and external streams
[21:00:59] [IO-Worker-1/ERROR] (Minecraft) External chunk path /Users/magje/code/mods/jade-modded-entities/fabric/runs/client/saves/New World/region/c.-21.25.mcc is not file
[21:00:59] [IO-Worker-5/ERROR] (Minecraft) Chunk [27, -22] stream is truncated: expected 39121297 but read 4091
[21:00:59] [IO-Worker-1/ERROR] (Minecraft) Chunk [27, -21] stream is truncated: expected 39121297 but read 4091
[21:00:59] [IO-Worker-4/ERROR] (Minecraft) Chunk [27, -20] stream is truncated: expected 39121297 but read 4091
[21:00:59] [IO-Worker-2/ERROR] (Minecraft) Chunk [27, -19] stream is truncated: expected 39121297 but read 4091
[21:00:59] [IO-Worker-5/WARN] (Minecraft) Chunk has both internal and external streams
[21:00:59] [IO-Worker-5/ERROR] (Minecraft) External chunk path /Users/magje/code/mods/jade-modded-entities/fabric/runs/client/saves/New World/region/c.27.-18.mcc is not file
[21:00:59] [IO-Worker-2/ERROR] (Minecraft) Chunk [27, -17] stream is truncated: expected 39121297 but read 4091
[21:00:59] [IO-Worker-1/ERROR] (Minecraft) Chunk [27, -16] stream is truncated: expected 39121297 but read 4091
[21:00:59] [IO-Worker-4/ERROR] (Minecraft) Chunk [27, -15] stream is truncated: expected 39121297 but read 4091
[21:00:59] [IO-Worker-5/ERROR] (Minecraft) Chunk [27, -14] stream is truncated: expected 39121297 but read 4091
[21:00:59] [IO-Worker-4/ERROR] (Minecraft) Chunk [27, -13] stream is truncated: expected 39121297 but read 4091
[21:00:59] [IO-Worker-5/ERROR] (Minecraft) Chunk [27, -12] stream is truncated: expected 39121297 but read 4091
[21:00:59] [IO-Worker-4/ERROR] (Minecraft) Chunk [27, -11] stream is truncated: expected 39121297 but read 4091
[21:00:59] [IO-Worker-5/ERROR] (Minecraft) Chunk [27, -10] stream is truncated: expected 39121297 but read 4091
[21:00:59] [IO-Worker-4/ERROR] (Minecraft) Chunk [27, -9] stream is truncated: expected 39121297 but read 4091
[21:00:59] [IO-Worker-5/ERROR] (Minecraft) Chunk [27, -8] stream is truncated: expected 39121297 but read 4091
[21:00:59] [IO-Worker-4/WARN] (Minecraft) Chunk has both internal and external streams
[21:00:59] [IO-Worker-4/ERROR] (Minecraft) External chunk path /Users/magje/code/mods/jade-modded-entities/fabric/runs/client/saves/New World/region/c.27.-7.mcc is not file
[21:00:59] [IO-Worker-5/ERROR] (Minecraft) Chunk [27, -6] stream is truncated: expected 27973667 but read 4091
[21:00:59] [IO-Worker-4/WARN] (Minecraft) Chunk has both internal and external streams
[21:00:59] [IO-Worker-4/ERROR] (Minecraft) External chunk path /Users/magje/code/mods/jade-modded-entities/fabric/runs/client/saves/New World/region/c.27.-5.mcc is not file
[21:00:59] [IO-Worker-5/ERROR] (Minecraft) Chunk [27, -4] stream is truncated: expected 27973667 but read 4091
[21:00:59] [IO-Worker-4/ERROR] (Minecraft) Chunk [27, -3] stream is truncated: expected 39121297 but read 4091
[21:00:59] [IO-Worker-5/ERROR] (Minecraft) Chunk [27, -2] stream is truncated: expected 39121297 but read 4091
[21:00:59] [IO-Worker-4/ERROR] (Minecraft) Chunk [27, -1] stream is truncated: expected 27973667 but read 4091
[21:00:59] [IO-Worker-5/ERROR] (Minecraft) Chunk [27, 0] stream is truncated: expected 1620512466 but read 4091
[21:00:59] [IO-Worker-4/ERROR] (Minecraft) Declared size -1174333692 of chunk [27, 1] is negative
[21:00:59] [IO-Worker-5/ERROR] (Minecraft) Chunk [27, 2] stream is truncated: expected 148800554 but read 4091
[21:00:59] [IO-Worker-4/ERROR] (Minecraft) Chunk [27, -23] stream is truncated: expected 39121297 but read 4091
[21:00:59] [IO-Worker-5/ERROR] (Minecraft) Chunk [27, 3] stream is truncated: expected 74433044 but read 4091
[21:00:59] [IO-Worker-4/ERROR] (Minecraft) Chunk [27, 4] stream is truncated: expected 74433044 but read 4091
[21:00:59] [IO-Worker-5/ERROR] (Minecraft) Chunk [27, 5] stream is truncated: expected 148800554 but read 4091
[21:00:59] [IO-Worker-4/ERROR] (Minecraft) Chunk [27, 6] stream is truncated: expected 74433044 but read 4091
[21:00:59] [IO-Worker-5/WARN] (Minecraft) Chunk has both internal and external streams
[21:00:59] [IO-Worker-5/ERROR] (Minecraft) External chunk path /Users/magje/code/mods/jade-modded-entities/fabric/runs/client/saves/New World/region/c.27.7.mcc is not file
[21:00:59] [IO-Worker-4/WARN] (Minecraft) Chunk has both internal and external streams
[21:00:59] [IO-Worker-4/ERROR] (Minecraft) External chunk path /Users/magje/code/mods/jade-modded-entities/fabric/runs/client/saves/New World/region/c.27.8.mcc is not file
[21:00:59] [IO-Worker-5/ERROR] (Minecraft) Chunk [27, 9] stream is truncated: expected 74433044 but read 4091
[21:00:59] [IO-Worker-4/WARN] (Minecraft) Chunk has both internal and external streams
[21:00:59] [IO-Worker-4/ERROR] (Minecraft) External chunk path /Users/magje/code/mods/jade-modded-entities/fabric/runs/client/saves/New World/region/c.27.10.mcc is not file
[21:00:59] [IO-Worker-5/ERROR] (Minecraft) Chunk [27, 11] stream is truncated: expected 74433044 but read 4091
[21:00:59] [IO-Worker-4/ERROR] (Minecraft) Chunk [27, 12] stream is truncated: expected 74433044 but read 4091
[21:00:59] [IO-Worker-5/ERROR] (Minecraft) Declared size -917585104 of chunk [27, 13] is negative
[21:00:59] [IO-Worker-4/WARN] (Minecraft) Chunk has both internal and external streams
[21:00:59] [IO-Worker-4/ERROR] (Minecraft) External chunk path /Users/magje/code/mods/jade-modded-entities/fabric/runs/client/saves/New World/region/c.27.14.mcc is not file
[21:01:00] [IO-Worker-1/ERROR] (Minecraft) Chunk [27, 15] stream is truncated: expected 74433044 but read 4091
[21:01:00] [IO-Worker-2/ERROR] (Minecraft) Chunk [27, 16] stream is truncated: expected 74433044 but read 4091
[21:01:00] [IO-Worker-1/WARN] (Minecraft) Chunk has both internal and external streams
[21:01:00] [IO-Worker-1/ERROR] (Minecraft) External chunk path /Users/magje/code/mods/jade-modded-entities/fabric/runs/client/saves/New World/region/c.27.17.mcc is not file
[21:01:00] [IO-Worker-2/ERROR] (Minecraft) Chunk [27, 18] stream is truncated: expected 148800554 but read 4091
[21:01:00] [IO-Worker-1/ERROR] (Minecraft) Chunk [27, 19] stream is truncated: expected 148800554 but read 4091
[21:01:00] [IO-Worker-2/WARN] (Minecraft) Chunk has both internal and external streams
[21:01:00] [IO-Worker-2/ERROR] (Minecraft) External chunk path /Users/magje/code/mods/jade-modded-entities/fabric/runs/client/saves/New World/region/c.27.20.mcc is not file
[21:01:00] [IO-Worker-1/WARN] (Minecraft) Chunk has both internal and external streams
[21:01:00] [IO-Worker-1/ERROR] (Minecraft) External chunk path /Users/magje/code/mods/jade-modded-entities/fabric/runs/client/saves/New World/region/c.27.21.mcc is not file
[21:01:00] [IO-Worker-2/ERROR] (Minecraft) Chunk [27, 22] stream is truncated: expected 306376741 but read 4091
[21:01:00] [IO-Worker-1/ERROR] (Minecraft) Chunk [27, 23] stream is truncated: expected 280758614 but read 4091
[21:01:00] [IO-Worker-2/ERROR] (Minecraft) Chunk [27, 24] stream is truncated: expected 74433044 but read 4091
[21:01:00] [IO-Worker-4/ERROR] (Minecraft) Declared size -1774722806 of chunk [27, 25] is negative
[21:01:00] [IO-Worker-2/ERROR] (Minecraft) Chunk [-22, -24] stream is truncated: expected 883194355 but read 4091
[21:01:00] [IO-Worker-1/ERROR] (Minecraft) Declared size -524340060 of chunk [-22, -23] is negative
[21:01:00] [IO-Worker-4/ERROR] (Minecraft) Chunk [-22, -22] stream is truncated: expected 2023540181 but read 4091
[21:01:00] [IO-Worker-1/ERROR] (Minecraft) Chunk [-22, -21] stream is truncated: expected 883194355 but read 4091
[21:01:00] [IO-Worker-2/ERROR] (Minecraft) Chunk [-22, -20] stream is truncated: expected 883194355 but read 4091
[21:01:00] [IO-Worker-5/ERROR] (Minecraft) Chunk [-22, -19] stream is truncated: expected 883194355 but read 4091
[21:01:00] [IO-Worker-4/ERROR] (Minecraft) Chunk [-22, -18] stream is truncated: expected 883194355 but read 4091
[21:01:00] [IO-Worker-2/WARN] (Minecraft) Chunk has both internal and external streams
[21:01:00] [IO-Worker-2/ERROR] (Minecraft) External chunk path /Users/magje/code/mods/jade-modded-entities/fabric/runs/client/saves/New World/region/c.-22.-17.mcc is not file
[21:01:00] [IO-Worker-1/ERROR] (Minecraft) Chunk [-22, -16] stream is truncated: expected 449985785 but read 4091
[21:01:00] [IO-Worker-5/ERROR] (Minecraft) Chunk [-22, -15] stream is truncated: expected 449985785 but read 4091
[21:01:00] [IO-Worker-2/ERROR] (Minecraft) Chunk [-22, -14] stream is truncated: expected 449985785 but read 4091
[21:01:00] [IO-Worker-5/ERROR] (Minecraft) Chunk [-22, -13] stream is truncated: expected 449985785 but read 4091
[21:01:00] [IO-Worker-1/WARN] (Minecraft) Chunk has both internal and external streams
[21:01:00] [IO-Worker-1/ERROR] (Minecraft) External chunk path /Users/magje/code/mods/jade-modded-entities/fabric/runs/client/saves/New World/region/c.-22.-12.mcc is not file
[21:01:00] [IO-Worker-5/ERROR] (Minecraft) Chunk [-22, -11] stream is truncated: expected 449985785 but read 4091
[21:01:00] [IO-Worker-2/ERROR] (Minecraft) Chunk [-22, -10] stream is truncated: expected 883194355 but read 4091
[21:01:00] [IO-Worker-5/ERROR] (Minecraft) Chunk [-22, -9] stream is truncated: expected 883194355 but read 4091
[21:01:00] [IO-Worker-2/ERROR] (Minecraft) Chunk [-22, -8] stream is truncated: expected 883194355 but read 4091
[21:01:00] [IO-Worker-5/WARN] (Minecraft) Chunk has both internal and external streams
[21:01:00] [IO-Worker-5/ERROR] (Minecraft) External chunk path /Users/magje/code/mods/jade-modded-entities/fabric/runs/client/saves/New World/region/c.-22.-7.mcc is not file
[21:01:00] [IO-Worker-4/ERROR] (Minecraft) Chunk [-22, -6] stream is truncated: expected 883194355 but read 4091
[21:01:00] [IO-Worker-5/ERROR] (Minecraft) Chunk [-22, -5] stream is truncated: expected 883194355 but read 4091
[21:01:00] [IO-Worker-2/ERROR] (Minecraft) Chunk [-22, -4] stream is truncated: expected 883194355 but read 4091
[21:01:00] [IO-Worker-1/ERROR] (Minecraft) Chunk [-22, -3] stream is truncated: expected 883194355 but read 4091
[21:01:00] [IO-Worker-5/WARN] (Minecraft) Chunk has both internal and external streams
[21:01:00] [IO-Worker-5/ERROR] (Minecraft) External chunk path /Users/magje/code/mods/jade-modded-entities/fabric/runs/client/saves/New World/region/c.-22.-2.mcc is not file
[21:01:00] [IO-Worker-2/ERROR] (Minecraft) Chunk [-21, -24] stream is truncated: expected 883194355 but read 4091
[21:01:00] [IO-Worker-4/ERROR] (Minecraft) Chunk [-20, -24] stream is truncated: expected 883194355 but read 4091
[21:01:00] [IO-Worker-2/ERROR] (Minecraft) Chunk [-19, -24] stream is truncated: expected 883194355 but read 4091
[21:01:00] [IO-Worker-4/ERROR] (Minecraft) Chunk [-18, -24] stream is truncated: expected 883194355 but read 4091
[21:01:00] [IO-Worker-2/ERROR] (Minecraft) Chunk [-17, -24] stream is truncated: expected 449985785 but read 4091
[21:01:00] [IO-Worker-1/WARN] (Minecraft) Chunk has both internal and external streams
[21:01:00] [IO-Worker-1/ERROR] (Minecraft) External chunk path /Users/magje/code/mods/jade-modded-entities/fabric/runs/client/saves/New World/region/c.-16.-24.mcc is not file
[21:01:00] [IO-Worker-5/WARN] (Minecraft) Chunk has both internal and external streams
[21:01:00] [IO-Worker-5/ERROR] (Minecraft) External chunk path /Users/magje/code/mods/jade-modded-entities/fabric/runs/client/saves/New World/region/c.-15.-24.mcc is not file
[21:01:00] [IO-Worker-2/WARN] (Minecraft) Chunk has both internal and external streams
[21:01:00] [IO-Worker-2/ERROR] (Minecraft) External chunk path /Users/magje/code/mods/jade-modded-entities/fabric/runs/client/saves/New World/region/c.-14.-24.mcc is not file
[21:01:00] [IO-Worker-1/ERROR] (Minecraft) Chunk [-13, -24] stream is truncated: expected 449985785 but read 4091
[21:01:00] [IO-Worker-5/WARN] (Minecraft) Chunk has both internal and external streams
[21:01:00] [IO-Worker-5/ERROR] (Minecraft) External chunk path /Users/magje/code/mods/jade-modded-entities/fabric/runs/client/saves/New World/region/c.-12.-24.mcc is not file
[21:01:00] [IO-Worker-2/ERROR] (Minecraft) Chunk [-11, -24] stream is truncated: expected 883194355 but read 4091
[21:01:00] [IO-Worker-5/ERROR] (Minecraft) Chunk [-10, -24] stream is truncated: expected 883194355 but read 4091
[21:01:00] [IO-Worker-2/WARN] (Minecraft) Chunk has both internal and external streams
[21:01:00] [IO-Worker-2/ERROR] (Minecraft) External chunk path /Users/magje/code/mods/jade-modded-entities/fabric/runs/client/saves/New World/region/c.-9.-24.mcc is not file
[21:01:00] [IO-Worker-5/ERROR] (Minecraft) Chunk [-8, -24] stream is truncated: expected 883194355 but read 4091
[21:01:00] [IO-Worker-2/ERROR] (Minecraft) Chunk [-7, -24] stream is truncated: expected 883194355 but read 4091
[21:01:00] [IO-Worker-5/WARN] (Minecraft) Chunk has both internal and external streams
[21:01:00] [IO-Worker-5/ERROR] (Minecraft) External chunk path /Users/magje/code/mods/jade-modded-entities/fabric/runs/client/saves/New World/region/c.-6.-24.mcc is not file
[21:01:00] [IO-Worker-2/ERROR] (Minecraft) Chunk [-5, -24] stream is truncated: expected 883194355 but read 4091
[21:01:00] [IO-Worker-5/ERROR] (Minecraft) Chunk [-4, -24] stream is truncated: expected 883194355 but read 4091
[21:01:00] [IO-Worker-2/ERROR] (Minecraft) Chunk [-3, -24] stream is truncated: expected 883194355 but read 4091
[21:01:00] [IO-Worker-5/WARN] (Minecraft) Chunk has both internal and external streams
[21:01:00] [IO-Worker-5/ERROR] (Minecraft) External chunk path /Users/magje/code/mods/jade-modded-entities/fabric/runs/client/saves/New World/region/c.-2.-24.mcc is not file
[21:01:00] [IO-Worker-2/ERROR] (Minecraft) Chunk [-1, -24] stream is truncated: expected 883186105 but read 4091
[21:01:00] [IO-Worker-5/ERROR] (Minecraft) Declared size -1601548830 of chunk [0, -24] is negative
[21:01:00] [IO-Worker-2/ERROR] (Minecraft) Declared size -1879039650 of chunk [1, -24] is negative
[21:01:00] [IO-Worker-5/WARN] (Minecraft) Chunk has both internal and external streams
[21:01:00] [IO-Worker-5/ERROR] (Minecraft) External chunk path /Users/magje/code/mods/jade-modded-entities/fabric/runs/client/saves/New World/region/c.2.-24.mcc is not file
[21:01:00] [IO-Worker-2/ERROR] (Minecraft) Declared size -2144717175 of chunk [3, -24] is negative
[21:01:00] [IO-Worker-5/WARN] (Minecraft) Chunk has both internal and external streams
[21:01:00] [IO-Worker-5/ERROR] (Minecraft) External chunk path /Users/magje/code/mods/jade-modded-entities/fabric/runs/client/saves/New World/region/c.4.-24.mcc is not file
[21:01:00] [IO-Worker-2/ERROR] (Minecraft) Chunk [-22, -1] stream is truncated: expected 883186105 but read 4091
[21:01:00] [IO-Worker-5/WARN] (Minecraft) Chunk has both internal and external streams
[21:01:00] [IO-Worker-5/ERROR] (Minecraft) External chunk path /Users/magje/code/mods/jade-modded-entities/fabric/runs/client/saves/New World/region/c.-22.0.mcc is not file
[21:01:00] [IO-Worker-2/ERROR] (Minecraft) Chunk [-22, 1] stream is truncated: expected 806356703 but read 4091
[21:01:00] [IO-Worker-5/WARN] (Minecraft) Chunk has both internal and external streams
[21:01:00] [IO-Worker-5/ERROR] (Minecraft) External chunk path /Users/magje/code/mods/jade-modded-entities/fabric/runs/client/saves/New World/region/c.-22.2.mcc is not file
[21:01:00] [IO-Worker-2/WARN] (Minecraft) Chunk has both internal and external streams
[21:01:00] [IO-Worker-2/ERROR] (Minecraft) External chunk path /Users/magje/code/mods/jade-modded-entities/fabric/runs/client/saves/New World/region/c.5.-24.mcc is not file
[21:01:00] [IO-Worker-5/WARN] (Minecraft) Chunk has both internal and external streams
[21:01:00] [IO-Worker-5/ERROR] (Minecraft) External chunk path /Users/magje/code/mods/jade-modded-entities/fabric/runs/client/saves/New World/region/c.6.-24.mcc is not file
[21:01:00] [IO-Worker-2/WARN] (Minecraft) Chunk has both internal and external streams
[21:01:00] [IO-Worker-2/ERROR] (Minecraft) External chunk path /Users/magje/code/mods/jade-modded-entities/fabric/runs/client/saves/New World/region/c.7.-24.mcc is not file
[21:01:00] [IO-Worker-5/ERROR] (Minecraft) Declared size -995921787 of chunk [8, -24] is negative
[21:01:00] [IO-Worker-2/WARN] (Minecraft) Chunk has both internal and external streams
[21:01:00] [IO-Worker-2/ERROR] (Minecraft) External chunk path /Users/magje/code/mods/jade-modded-entities/fabric/runs/client/saves/New World/region/c.9.-24.mcc is not file
[21:01:00] [IO-Worker-5/ERROR] (Minecraft) Chunk [10, -24] stream is truncated: expected 39121297 but read 4091
[21:01:00] [IO-Worker-2/WARN] (Minecraft) Chunk has both internal and external streams
[21:01:00] [IO-Worker-2/ERROR] (Minecraft) External chunk path /Users/magje/code/mods/jade-modded-entities/fabric/runs/client/saves/New World/region/c.11.-24.mcc is not file
[21:01:00] [Render thread/INFO] (Minecraft) Resizing Chunk Sections UBO, capacity limit of 256 reached during a single frame. New capacity will be 512.
[21:01:01] [IO-Worker-5/WARN] (Minecraft) Chunk has both internal and external streams
[21:01:01] [IO-Worker-5/ERROR] (Minecraft) External chunk path /Users/magje/code/mods/jade-modded-entities/fabric/runs/client/saves/New World/region/c.12.-24.mcc is not file
[21:01:01] [IO-Worker-3/ERROR] (Minecraft) Chunk [13, -24] stream is truncated: expected 304137290 but read 4091
[21:01:01] [IO-Worker-5/ERROR] (Minecraft) Chunk [14, -24] stream is truncated: expected 304137290 but read 4091
[21:01:01] [IO-Worker-2/ERROR] (Minecraft) Chunk [15, -24] stream is truncated: expected 274895671 but read 4091
[21:01:01] [IO-Worker-5/WARN] (Minecraft) Chunk has both internal and external streams
[21:01:01] [IO-Worker-5/ERROR] (Minecraft) External chunk path /Users/magje/code/mods/jade-modded-entities/fabric/runs/client/saves/New World/region/c.16.-24.mcc is not file
[21:01:01] [IO-Worker-2/WARN] (Minecraft) Chunk has both internal and external streams
[21:01:01] [IO-Worker-2/ERROR] (Minecraft) External chunk path /Users/magje/code/mods/jade-modded-entities/fabric/runs/client/saves/New World/region/c.17.-24.mcc is not file
[21:01:01] [IO-Worker-5/ERROR] (Minecraft) Chunk [18, -24] stream is truncated: expected 536980087 but read 4091
[21:01:01] [IO-Worker-2/WARN] (Minecraft) Chunk has both internal and external streams
[21:01:01] [IO-Worker-2/ERROR] (Minecraft) External chunk path /Users/magje/code/mods/jade-modded-entities/fabric/runs/client/saves/New World/region/c.19.-24.mcc is not file
[21:01:01] [IO-Worker-5/ERROR] (Minecraft) Chunk [20, -24] stream is truncated: expected 27973667 but read 4091
[21:01:01] [IO-Worker-2/ERROR] (Minecraft) Chunk [21, -24] stream is truncated: expected 156288330 but read 4091
[21:01:01] [IO-Worker-5/ERROR] (Minecraft) Chunk [22, -24] stream is truncated: expected 610500 but read 4091
[21:01:01] [IO-Worker-2/ERROR] (Minecraft) Chunk [23, -24] stream is truncated: expected 1075610924 but read 4091
[21:01:01] [IO-Worker-5/ERROR] (Minecraft) Chunk [24, -24] stream is truncated: expected 274895671 but read 4091
[21:01:01] [IO-Worker-2/WARN] (Minecraft) Chunk has both internal and external streams
[21:01:01] [IO-Worker-2/ERROR] (Minecraft) External chunk path /Users/magje/code/mods/jade-modded-entities/fabric/runs/client/saves/New World/region/c.25.-24.mcc is not file
[21:01:01] [IO-Worker-5/WARN] (Minecraft) Chunk has both internal and external streams
[21:01:01] [IO-Worker-5/ERROR] (Minecraft) External chunk path /Users/magje/code/mods/jade-modded-entities/fabric/runs/client/saves/New World/region/c.26.-24.mcc is not file
[21:01:01] [IO-Worker-5/ERROR] (Minecraft) Chunk [27, -24] stream is truncated: expected 39121297 but read 4091
[21:01:01] [IO-Worker-4/WARN] (Minecraft) Chunk has both internal and external streams
[21:01:01] [IO-Worker-4/ERROR] (Minecraft) External chunk path /Users/magje/code/mods/jade-modded-entities/fabric/runs/client/saves/New World/region/c.-22.3.mcc is not file
[21:01:01] [IO-Worker-3/ERROR] (Minecraft) Chunk [-22, 4] stream is truncated: expected 806618575 but read 4091
[21:01:01] [IO-Worker-2/WARN] (Minecraft) Chunk has both internal and external streams
[21:01:01] [IO-Worker-2/ERROR] (Minecraft) External chunk path /Users/magje/code/mods/jade-modded-entities/fabric/runs/client/saves/New World/region/c.-22.5.mcc is not file
[21:01:01] [IO-Worker-4/WARN] (Minecraft) Chunk has both internal and external streams
[21:01:01] [IO-Worker-4/ERROR] (Minecraft) External chunk path /Users/magje/code/mods/jade-modded-entities/fabric/runs/client/saves/New World/region/c.-22.6.mcc is not file
[21:01:01] [IO-Worker-2/WARN] (Minecraft) Chunk has both internal and external streams
[21:01:01] [IO-Worker-2/ERROR] (Minecraft) External chunk path /Users/magje/code/mods/jade-modded-entities/fabric/runs/client/saves/New World/region/c.-22.7.mcc is not file
[21:01:01] [IO-Worker-4/WARN] (Minecraft) Chunk has both internal and external streams
[21:01:01] [IO-Worker-4/ERROR] (Minecraft) External chunk path /Users/magje/code/mods/jade-modded-entities/fabric/runs/client/saves/New World/region/c.-22.8.mcc is not file
[21:01:01] [IO-Worker-2/WARN] (Minecraft) Chunk has both internal and external streams
[21:01:01] [IO-Worker-2/ERROR] (Minecraft) External chunk path /Users/magje/code/mods/jade-modded-entities/fabric/runs/client/saves/New World/region/c.-22.9.mcc is not file
[21:01:01] [IO-Worker-4/ERROR] (Minecraft) Chunk [-22, 10] stream is truncated: expected 268886206 but read 4091
[21:01:01] [IO-Worker-2/ERROR] (Minecraft) Chunk [-22, 11] stream is truncated: expected 268886206 but read 4091
[21:01:01] [IO-Worker-4/WARN] (Minecraft) Chunk has both internal and external streams
[21:01:01] [IO-Worker-4/ERROR] (Minecraft) External chunk path /Users/magje/code/mods/jade-modded-entities/fabric/runs/client/saves/New World/region/c.-22.12.mcc is not file
[21:01:01] [IO-Worker-2/ERROR] (Minecraft) Declared size -699707709 of chunk [-22, 13] is negative
[21:01:01] [IO-Worker-4/WARN] (Minecraft) Chunk has both internal and external streams
[21:01:01] [IO-Worker-4/ERROR] (Minecraft) External chunk path /Users/magje/code/mods/jade-modded-entities/fabric/runs/client/saves/New World/region/c.-22.14.mcc is not file
[21:01:01] [IO-Worker-2/WARN] (Minecraft) Chunk has both internal and external streams
[21:01:01] [IO-Worker-2/ERROR] (Minecraft) External chunk path /Users/magje/code/mods/jade-modded-entities/fabric/runs/client/saves/New World/region/c.-22.15.mcc is not file
[21:01:01] [IO-Worker-4/WARN] (Minecraft) Chunk has both internal and external streams
[21:01:01] [IO-Worker-4/ERROR] (Minecraft) External chunk path /Users/magje/code/mods/jade-modded-entities/fabric/runs/client/saves/New World/region/c.-22.16.mcc is not file
[21:01:01] [IO-Worker-2/ERROR] (Minecraft) Chunk [-22, 17] stream is truncated: expected 268886206 but read 4091
[21:01:01] [IO-Worker-4/ERROR] (Minecraft) Chunk [-22, 18] stream is truncated: expected 2023540181 but read 4091
[21:01:01] [IO-Worker-2/WARN] (Minecraft) Chunk has both internal and external streams
[21:01:01] [IO-Worker-2/ERROR] (Minecraft) External chunk path /Users/magje/code/mods/jade-modded-entities/fabric/runs/client/saves/New World/region/c.-22.19.mcc is not file
[21:01:01] [IO-Worker-4/WARN] (Minecraft) Chunk has both internal and external streams
[21:01:01] [IO-Worker-4/ERROR] (Minecraft) External chunk path /Users/magje/code/mods/jade-modded-entities/fabric/runs/client/saves/New World/region/c.-22.20.mcc is not file
[21:01:01] [IO-Worker-2/WARN] (Minecraft) Chunk has both internal and external streams
[21:01:01] [IO-Worker-2/ERROR] (Minecraft) External chunk path /Users/magje/code/mods/jade-modded-entities/fabric/runs/client/saves/New World/region/c.-22.21.mcc is not file
[21:01:01] [IO-Worker-4/WARN] (Minecraft) Chunk has both internal and external streams
[21:01:01] [IO-Worker-4/ERROR] (Minecraft) External chunk path /Users/magje/code/mods/jade-modded-entities/fabric/runs/client/saves/New World/region/c.-22.22.mcc is not file
[21:01:01] [IO-Worker-2/WARN] (Minecraft) Chunk has both internal and external streams
[21:01:01] [IO-Worker-2/ERROR] (Minecraft) External chunk path /Users/magje/code/mods/jade-modded-entities/fabric/runs/client/saves/New World/region/c.-22.23.mcc is not file
[21:01:01] [IO-Worker-4/ERROR] (Minecraft) Chunk [-22, 24] stream is truncated: expected 268886206 but read 4091
[21:01:01] [IO-Worker-2/WARN] (Minecraft) Chunk has both internal and external streams
[21:01:01] [IO-Worker-2/ERROR] (Minecraft) External chunk path /Users/magje/code/mods/jade-modded-entities/fabric/runs/client/saves/New World/region/c.-22.25.mcc is not file
[21:01:05] [Render thread/INFO] (Minecraft) Resizing Chunk Sections UBO, capacity limit of 512 reached during a single frame. New capacity will be 1024.
[21:01:11] [Server thread/INFO] (Minecraft) [Player765: Summoned new Unemployed]
[21:01:11] [Render thread/INFO] (Minecraft) [System] [CHAT] Summoned new Unemployed
[21:01:12] [Server thread/INFO] (Minecraft) [Player765: Summoned new Unemployed]
[21:01:12] [Render thread/INFO] (Minecraft) [System] [CHAT] Summoned new Unemployed
[21:01:48] [Render thread/INFO] (Minecraft) Loaded 6 advancements
[21:01:48] [Render thread/INFO] (Minecraft) Loaded 8 advancements
[21:04:04] [Render thread/INFO] (Minecraft) [System] [CHAT] Gamerule mob_griefing is currently set to: true
[21:05:37] [Render thread/INFO] (Minecraft) [System] [CHAT] Unemployed has the following entity data: {Brain: {memories: {"minecraft:home": {value: {pos: [I; 56, 67, 24], dimension: "minecraft:overworld"}}}}, HurtByTimestamp: 0, FoodLevel: 0b, Invulnerable: 0b, FallFlying: 0b, ForcedAge: 0, Gossips: [], PortalCooldown: 0, AbsorptionAmount: 0.0f, LastRestock: 0L, DeathTime: 0s, Xp: 0, LastGossipDecay: 2276L, PersistenceRequired: 0b, UUID: [I; -1870835892, 937051538, -1170116921, 632534971], Age: 0, Motion: [0.019061787585771886d, -0.04760748099525583d, -0.047361192431182336d], Health: 20.0f, LeftHanded: 0b, fall_distance: 0.0d, Air: 300s, OnGround: 1b, Rotation: [178.66159f, -25.72854f], RestocksToday: 0, Pos: [56.556251316887334d, 67.5625d, 23.326618996627204d], Fire: 0s, CanPickUpLoot: 0b, VillagerData: {profession: "minecraft:none", level: 1, type: "minecraft:plains"}, attributes: [{id: "minecraft:follow_range", modifiers: [{amount: -0.05399482955660685d, id: "minecraft:random_spawn_bonus", operation: "add_multiplied_base"}], base: 16.0d}, {id: "minecraft:movement_speed", base: 0.5d}], HurtTime: 0s, Inventory: []}
[21:05:51] [Server thread/INFO] (Minecraft) Saving and pausing game...
[21:05:51] [Server thread/INFO] (Minecraft) Saving chunks for level 'ServerLevel[New World]'/minecraft:overworld
[21:05:51] [Server thread/INFO] (Minecraft) Saving chunks for level 'ServerLevel[New World]'/minecraft:the_nether
[21:05:51] [Server thread/INFO] (Minecraft) Saving chunks for level 'ServerLevel[New World]'/minecraft:the_end
[21:05:52] [Server thread/INFO] (Minecraft) Saving and pausing game...
[21:05:52] [Server thread/INFO] (Minecraft) Saving chunks for level 'ServerLevel[New World]'/minecraft:overworld
[21:05:52] [Server thread/INFO] (Minecraft) Saving chunks for level 'ServerLevel[New World]'/minecraft:the_nether
[21:05:52] [Server thread/INFO] (Minecraft) Saving chunks for level 'ServerLevel[New World]'/minecraft:the_end
[21:05:53] [Server thread/INFO] (Minecraft) Player765 lost connection: Disconnected
[21:05:53] [Server thread/INFO] (Minecraft) Player765 left the game
[21:05:53] [Server thread/INFO] (Minecraft) Stopping singleplayer server as player logged out
[21:05:53] [Server thread/INFO] (Minecraft) Stopping server
[21:05:53] [Server thread/INFO] (Minecraft) Saving players
[21:05:53] [Server thread/INFO] (Minecraft) Saving worlds
[21:05:53] [Server thread/INFO] (Minecraft) Saving chunks for level 'ServerLevel[New World]'/minecraft:overworld
[21:05:54] [Server thread/INFO] (Minecraft) Saving chunks for level 'ServerLevel[New World]'/minecraft:the_nether
[21:05:54] [Server thread/INFO] (Minecraft) Saving chunks for level 'ServerLevel[New World]'/minecraft:the_end
[21:05:54] [Server thread/INFO] (Minecraft) ThreadedAnvilChunkStorage (New World): All chunks are saved
[21:05:54] [Server thread/INFO] (Minecraft) ThreadedAnvilChunkStorage (DIM-1): All chunks are saved
[21:05:54] [Server thread/INFO] (Minecraft) ThreadedAnvilChunkStorage (DIM1): All chunks are saved
[21:05:54] [Server thread/INFO] (Minecraft) ThreadedAnvilChunkStorage: All dimensions are saved
[21:05:55] [Render thread/INFO] (Minecraft) Loaded 1470 recipes
[21:05:55] [Render thread/INFO] (Minecraft) Loaded 1584 advancements
[21:05:55] [Render thread/INFO] (BiomeModificationImpl) Applied 0 biome modifications to 0 of 65 new biomes in 262.6 μs
[21:05:55] [Server thread/INFO] (Minecraft) Starting integrated minecraft server version 1.21.11
[21:05:55] [Server thread/INFO] (Minecraft) Generating keypair
[21:05:55] [Server thread/INFO] (Minecraft) Loading 0 persistent chunks...
[21:05:56] [Server thread/INFO] (Minecraft) Loading 49 chunks for player spawn...
[21:05:56] [Server thread/INFO] (Minecraft) Preparing spawn area: 16%
[21:05:56] [Server thread/INFO] (Minecraft) Preparing spawn area: 16%
[21:05:56] [Server thread/INFO] (Minecraft) Time elapsed: 617 ms
[21:05:56] [Server thread/INFO] (Minecraft) Player765[local:E:2b1374d6] logged in with entity id 2750 at (58.11798615699004, 69.0, 25.7856587218957)
[21:05:56] [Server thread/INFO] (Minecraft) Player765 joined the game
[21:05:56] [Server thread/INFO] (Minecraft) Changing view distance to 12, from 10
[21:05:56] [Server thread/INFO] (Minecraft) Changing simulation distance to 12, from 0
[21:05:56] [Render thread/INFO] (Minecraft) Loaded 8 advancements
[21:05:56] [Render thread/INFO] (Jade) Received config from the server: {}
[21:07:09] [Server thread/INFO] (Minecraft) [Player765: Summoned new Unemployed]
[21:07:09] [Render thread/INFO] (Minecraft) [System] [CHAT] Summoned new Unemployed
[21:07:11] [Server thread/INFO] (Minecraft) [Player765: Summoned new Unemployed]
[21:07:11] [Render thread/INFO] (Minecraft) [System] [CHAT] Summoned new Unemployed
[21:08:07] [Server thread/INFO] (Minecraft) [Player765: Gamerule mob_griefing is now set to: false]
[21:08:07] [Render thread/INFO] (Minecraft) [System] [CHAT] Gamerule mob_griefing is now set to: false
[21:08:09] [Server thread/INFO] (Minecraft) [Player765: Gamerule mob_griefing is now set to: true]
[21:08:09] [Render thread/INFO] (Minecraft) [System] [CHAT] Gamerule mob_griefing is now set to: true
[21:08:18] [Server thread/INFO] (Minecraft) [Player765: Set the target tick rate to 100.0 per second]
[21:08:18] [Render thread/INFO] (Minecraft) [System] [CHAT] Set the target tick rate to 100.0 per second
[21:08:32] [Server thread/INFO] (Minecraft) Saving and pausing game...
[21:08:32] [Server thread/INFO] (Minecraft) Saving chunks for level 'ServerLevel[New World]'/minecraft:overworld
[21:08:32] [Server thread/INFO] (Minecraft) Saving chunks for level 'ServerLevel[New World]'/minecraft:the_nether
[21:08:32] [Server thread/INFO] (Minecraft) Saving chunks for level 'ServerLevel[New World]'/minecraft:the_end
[21:08:45] [Server thread/INFO] (Minecraft) [Player765: Set the target tick rate to 20.0 per second]
[21:08:45] [Render thread/INFO] (Minecraft) [System] [CHAT] Set the target tick rate to 20.0 per second
[21:08:50] [Server thread/INFO] (Minecraft) [Player765: Set the time to 1000]
[21:08:50] [Render thread/INFO] (Minecraft) [System] [CHAT] Set the time to 1000
[21:09:10] [Server thread/INFO] (Minecraft) Saving and pausing game...
[21:09:10] [Server thread/INFO] (Minecraft) Saving chunks for level 'ServerLevel[New World]'/minecraft:overworld
[21:09:10] [Server thread/INFO] (Minecraft) Saving chunks for level 'ServerLevel[New World]'/minecraft:the_nether
[21:09:10] [Server thread/INFO] (Minecraft) Saving chunks for level 'ServerLevel[New World]'/minecraft:the_end
[21:09:11] [Server thread/INFO] (Minecraft) Player765 lost connection: Disconnected
[21:09:11] [Server thread/INFO] (Minecraft) Player765 left the game
[21:09:11] [Server thread/INFO] (Minecraft) Stopping singleplayer server as player logged out
[21:09:11] [Server thread/INFO] (Minecraft) Stopping server
[21:09:11] [Server thread/INFO] (Minecraft) Saving players
[21:09:11] [Server thread/INFO] (Minecraft) Saving worlds
[21:09:11] [Server thread/INFO] (Minecraft) Saving chunks for level 'ServerLevel[New World]'/minecraft:overworld
[21:09:12] [Server thread/INFO] (Minecraft) Saving chunks for level 'ServerLevel[New World]'/minecraft:the_nether
[21:09:12] [Server thread/INFO] (Minecraft) Saving chunks for level 'ServerLevel[New World]'/minecraft:the_end
[21:09:12] [Server thread/INFO] (Minecraft) ThreadedAnvilChunkStorage (New World): All chunks are saved
[21:09:12] [Server thread/INFO] (Minecraft) ThreadedAnvilChunkStorage (DIM-1): All chunks are saved
[21:09:12] [Server thread/INFO] (Minecraft) ThreadedAnvilChunkStorage (DIM1): All chunks are saved
[21:09:12] [Server thread/INFO] (Minecraft) ThreadedAnvilChunkStorage: All dimensions are saved
[21:09:15] [Render thread/INFO] (Minecraft) Loaded 1470 recipes
[21:09:15] [Render thread/INFO] (Minecraft) Loaded 1584 advancements
[21:09:31] [Render thread/INFO] (BiomeModificationImpl) Applied 0 biome modifications to 0 of 65 new biomes in 306.2 μs
[21:09:31] [Server thread/INFO] (Minecraft) Starting integrated minecraft server version 1.21.11
[21:09:31] [Server thread/INFO] (Minecraft) Generating keypair
[21:09:31] [Server thread/INFO] (Minecraft) Selecting global world spawn...
[21:09:32] [Server thread/INFO] (Minecraft) Loading 0 persistent chunks...
[21:09:32] [Server thread/INFO] (Minecraft) Preparing spawn area: 16%
[21:09:33] [Server thread/INFO] (Minecraft) Loading 47 chunks for player spawn...
[21:09:33] [Server thread/INFO] (Minecraft) Preparing spawn area: 16%
[21:09:33] [Server thread/INFO] (Minecraft) Preparing spawn area: 16%
[21:09:33] [Server thread/INFO] (Minecraft) Preparing spawn area: 16%
[21:09:33] [Server thread/INFO] (Minecraft) Preparing spawn area: 29%
[21:09:34] [Server thread/INFO] (Minecraft) Preparing spawn area: 59%
[21:09:34] [Server thread/INFO] (Minecraft) Time elapsed: 2574 ms
[21:09:34] [Server thread/INFO] (Minecraft) Player765[local:E:ec52bd8e] logged in with entity id 4495 at (2.5, 72.0, -1.5)
[21:09:34] [Server thread/INFO] (Minecraft) Player765 joined the game
[21:09:34] [Server thread/INFO] (Minecraft) Changing view distance to 12, from 10
[21:09:34] [Server thread/INFO] (Minecraft) Changing simulation distance to 12, from 0
[21:09:34] [Render thread/INFO] (Minecraft) Loaded 2 advancements
[21:09:34] [Render thread/INFO] (Jade) Received config from the server: {}
[21:09:55] [Render thread/INFO] (Minecraft) Loaded 3 advancements
[21:10:00] [Server thread/INFO] (Minecraft) [Player765: Summoned new Unemployed]
[21:10:00] [Render thread/INFO] (Minecraft) [System] [CHAT] Summoned new Unemployed
[21:10:02] [Server thread/INFO] (Minecraft) [Player765: Summoned new Unemployed]
[21:10:02] [Render thread/INFO] (Minecraft) [System] [CHAT] Summoned new Unemployed
[21:10:50] [Server thread/INFO] (Minecraft) Saving and pausing game...
[21:10:50] [Server thread/INFO] (Minecraft) Saving chunks for level 'ServerLevel[New World]'/minecraft:overworld
[21:10:50] [Server thread/INFO] (Minecraft) Saving chunks for level 'ServerLevel[New World]'/minecraft:the_nether
[21:10:50] [Server thread/INFO] (Minecraft) Saving chunks for level 'ServerLevel[New World]'/minecraft:the_end
[21:16:50] [Server thread/INFO] (Minecraft) Saving and pausing game...
[21:16:50] [Server thread/INFO] (Minecraft) Saving chunks for level 'ServerLevel[New World]'/minecraft:overworld
[21:16:50] [Server thread/INFO] (Minecraft) Saving chunks for level 'ServerLevel[New World]'/minecraft:the_nether
[21:16:50] [Server thread/INFO] (Minecraft) Saving chunks for level 'ServerLevel[New World]'/minecraft:the_end
[21:16:51] [Server thread/INFO] (Minecraft) Player765 lost connection: Disconnected
[21:16:51] [Server thread/INFO] (Minecraft) Player765 left the game
[21:16:51] [Server thread/INFO] (Minecraft) Stopping singleplayer server as player logged out
[21:16:51] [Server thread/INFO] (Minecraft) Stopping server
[21:16:51] [Server thread/INFO] (Minecraft) Saving players
[21:16:51] [Server thread/INFO] (Minecraft) Saving worlds
[21:16:51] [Server thread/INFO] (Minecraft) Saving chunks for level 'ServerLevel[New World]'/minecraft:overworld
[21:16:51] [Server thread/INFO] (Minecraft) Saving chunks for level 'ServerLevel[New World]'/minecraft:the_nether
[21:16:51] [Server thread/INFO] (Minecraft) Saving chunks for level 'ServerLevel[New World]'/minecraft:the_end
[21:16:51] [Server thread/INFO] (Minecraft) ThreadedAnvilChunkStorage (New World (1)): All chunks are saved
[21:16:51] [Server thread/INFO] (Minecraft) ThreadedAnvilChunkStorage (DIM-1): All chunks are saved
[21:16:51] [Server thread/INFO] (Minecraft) ThreadedAnvilChunkStorage (DIM1): All chunks are saved
[21:16:51] [Server thread/INFO] (Minecraft) ThreadedAnvilChunkStorage: All dimensions are saved
[21:16:57] [Render thread/INFO] (Minecraft) Loaded 1470 recipes
[21:16:57] [Render thread/INFO] (Minecraft) Loaded 1584 advancements
[21:16:57] [Render thread/INFO] (BiomeModificationImpl) Applied 0 biome modifications to 0 of 65 new biomes in 182.6 μs
[21:16:57] [Server thread/INFO] (Minecraft) Starting integrated minecraft server version 1.21.11
[21:16:57] [Server thread/INFO] (Minecraft) Generating keypair
[21:16:57] [Server thread/INFO] (Minecraft) Loading 0 persistent chunks...
[21:16:58] [Server thread/INFO] (Minecraft) Loading 49 chunks for player spawn...
[21:16:58] [Server thread/INFO] (Minecraft) Preparing spawn area: 16%
[21:16:58] [Server thread/INFO] (Minecraft) Preparing spawn area: 16%
[21:16:58] [Server thread/INFO] (Minecraft) Time elapsed: 624 ms
[21:16:58] [Server thread/INFO] (Minecraft) Player765[local:E:be74060b] logged in with entity id 5660 at (-12.526857747077452, 64.0, 5.489279623784949)
[21:16:58] [Server thread/INFO] (Minecraft) Player765 joined the game
[21:16:58] [Server thread/INFO] (Minecraft) Changing view distance to 12, from 10
[21:16:58] [Server thread/INFO] (Minecraft) Changing simulation distance to 12, from 0
[21:16:58] [Render thread/INFO] (Minecraft) Loaded 3 advancements
[21:16:58] [Render thread/INFO] (Jade) Received config from the server: {}
[21:17:24] [Server thread/INFO] (Minecraft) Saving and pausing game...
[21:17:24] [Server thread/INFO] (Minecraft) Saving chunks for level 'ServerLevel[New World]'/minecraft:overworld
[21:17:24] [Server thread/INFO] (Minecraft) Saving chunks for level 'ServerLevel[New World]'/minecraft:the_nether
[21:17:24] [Server thread/INFO] (Minecraft) Saving chunks for level 'ServerLevel[New World]'/minecraft:the_end
[21:17:25] [Server thread/INFO] (Minecraft) Player765 lost connection: Disconnected
[21:17:25] [Server thread/INFO] (Minecraft) Player765 left the game
[21:17:25] [Server thread/INFO] (Minecraft) Stopping singleplayer server as player logged out
[21:17:25] [Server thread/INFO] (Minecraft) Stopping server
[21:17:25] [Server thread/INFO] (Minecraft) Saving players
[21:17:25] [Server thread/INFO] (Minecraft) Saving worlds
[21:17:25] [Server thread/INFO] (Minecraft) Saving chunks for level 'ServerLevel[New World]'/minecraft:overworld
[21:17:25] [Server thread/INFO] (Minecraft) Saving chunks for level 'ServerLevel[New World]'/minecraft:the_nether
[21:17:25] [Server thread/INFO] (Minecraft) Saving chunks for level 'ServerLevel[New World]'/minecraft:the_end
[21:17:25] [Server thread/INFO] (Minecraft) ThreadedAnvilChunkStorage (New World (1)): All chunks are saved
[21:17:25] [Server thread/INFO] (Minecraft) ThreadedAnvilChunkStorage (DIM-1): All chunks are saved
[21:17:25] [Server thread/INFO] (Minecraft) ThreadedAnvilChunkStorage (DIM1): All chunks are saved
[21:17:25] [Server thread/INFO] (Minecraft) ThreadedAnvilChunkStorage: All dimensions are saved
[21:17:28] [Render thread/INFO] (Minecraft) Loaded 1470 recipes
[21:17:28] [Render thread/INFO] (Minecraft) Loaded 1584 advancements
[21:17:28] [Render thread/INFO] (BiomeModificationImpl) Applied 0 biome modifications to 0 of 65 new biomes in 178.8 μs
[21:17:28] [Server thread/INFO] (Minecraft) Starting integrated minecraft server version 1.21.11
[21:17:28] [Server thread/INFO] (Minecraft) Generating keypair
[21:17:28] [Server thread/INFO] (Minecraft) Loading 0 persistent chunks...
[21:17:28] [Server thread/INFO] (Minecraft) Loading 49 chunks for player spawn...
[21:17:28] [Server thread/INFO] (Minecraft) Preparing spawn area: 16%
[21:17:47] [Server thread/WARN] (Minecraft) Can't keep up! Is the server overloaded? Running 18126ms or 362 ticks behind
[21:17:47] [Server thread/INFO] (Minecraft) Preparing spawn area: 59%
[21:17:47] [Server thread/INFO] (Minecraft) Preparing spawn area: 100%
[21:17:47] [Server thread/INFO] (Minecraft) Time elapsed: 18614 ms
[21:17:47] [Server thread/INFO] (Minecraft) Player765[local:E:36bd4eae] logged in with entity id 6222 at (-12.526857747077452, 64.0, 5.489279623784949)
[21:17:47] [Server thread/INFO] (Minecraft) Player765 joined the game
[21:17:47] [Server thread/INFO] (Minecraft) Changing view distance to 12, from 10
[21:17:47] [Server thread/INFO] (Minecraft) Changing simulation distance to 12, from 0
[21:17:47] [Render thread/INFO] (Jade) Received config from the server: {}
[21:17:47] [Render thread/INFO] (Minecraft) Loaded 3 advancements
[21:17:47] [Server thread/INFO] (Minecraft) Saving and pausing game...
[21:17:47] [Server thread/INFO] (Minecraft) Saving chunks for level 'ServerLevel[New World]'/minecraft:overworld
[21:17:47] [Server thread/INFO] (Minecraft) Saving chunks for level 'ServerLevel[New World]'/minecraft:the_nether
[21:17:47] [Server thread/INFO] (Minecraft) Saving chunks for level 'ServerLevel[New World]'/minecraft:the_end
